index,status,expected_intent,actual_intent,broad_intent,query,source,display_name,suggestions,response_preview
1,PASS,test_permit_issue,test_permit_issue,ask_document,test permit cannot open,admissions_info,Test Permit Issue,,"If your BukSU CAT test permit is corrupted, invalid, missing, or cannot be opened, log in again to your BukSU Admission account and try downloading the test permit again. If the downloaded file still does not work, co..."
2,PASS,status_application,status_application,ask_general_info,what is status application,admissions_info,Status Application,,How would I know that my application to take the College Admission Test is accepted? Applicants will be notified of the status of their application in their BukSU Admissions Account. Login to the BukSU Admissions acco...
3,PASS,status_application,status_application,ask_general_info,status application?,admissions_info,Status Application,,How would I know that my application to take the College Admission Test is accepted? Applicants will be notified of the status of their application in their BukSU Admissions Account. Login to the BukSU Admissions acco...
4,PASS,online_application_schedule,online_application_schedule,ask_schedule,admission testing application date?,admissions_info,Online Application Schedule,,"We cannot provide one fixed exact date for the BukSU admission and testing application because the schedule may change every academic year. Usually, the admission application period starts around November and may cont..."
5,PASS,application_next_step,application_next_step,ask_general_info,nahuman na nako akong online application unsa akong buhaton sunod,admissions_info,Application Next Step,,"Nakahuman na ko sa online application. Unsa ang sunod nga buhaton? Human nimo mapuno ang application, pilia ang imong preferred nga schedule ug venue. Siguroha nga nahuman nimo ang tibuok application process ug andama..."
6,FALLBACK,second_courser_requirements,(none),ask_location,papeles ipasa if second course,admissions_info,Second Courser Requirements,,"Sorry, I don't have location information for that place yet. Please try a more specific building or office name, or add the location in the admin panel."
7,PASS,second_courser_cat_application,second_courser_cat_application,ask_availability,pwede ba mo apply ang second courser,admissions_info,Second Courser CAT Application,,Oo ang mga second courser mahimong maka apply sa BukSU CAT. Kinahanglan sila mobayad og 300 pesos nga testing fee ug mag submit sa Transcript of Records. Dili sila kwalipikado sa libre nga tuition sa Free Higher Educa...
8,PASS,second_courser_requirements,second_courser_requirements,ask_requirement,unsay second courser requirements diris buksu,admissions_info,Second Courser Requirements,,Ang second courser kinahanglan mag submit og Transcript of Records para sa evaluation 2x2 ID picture ug resibo sa bayad nga 300 pesos para sa admission test ug kasagaran dili na sila sakop sa Free Higher Education law.
9,PASS,take_exam,take_exam,ask_process,step by step nga proseso unsaon pag-take sa admission test sa buksu?,admissions_info,Take Exam,,Unsaon nako pagkuha sa BukSU College Admission Test? Sunod kining mga lakang aron mag-apply sa BukSU College Admission Test: Step 1: Bisitaha ang http://admissions.buksu.edu.ph. Mag-register gamit ang imong active nga...
10,PASS,exam_results,exam_results,ask_general_info,tell me about exam results,admissions_info,Exam Results,,How and when will I know my examination result? The schedule of releasing examination results will be posted on the BukSU Admission and Testing Facebook page. Examination results will also be posted on your admission...
11,PASS,system_error,system_error,ask_process,why is the site showing system error?,admissions_info,System Error,,"It seems you've encountered a system error. Let's try to resolve it together. Please refresh the page or reopen the link, as this may be caused by temporary high traffic or a minor system glitch. We truly appreciate y..."
12,PASS,reschedule_entrance_exam,reschedule_entrance_exam,ask_schedule,what is walk in entrance exam is allowed,admissions_info,Reschedule Entrance Exam,,"The BukSU Entrance Examination cannot be rescheduled once your exam date has been assigned. If you are unable to attend your scheduled exam, you may need to wait for the next admission cycle. I recommend ensuring your..."
13,PASS,online_application_schedule,online_application_schedule,ask_schedule,tell me about online application schedule,admissions_info,Online Application Schedule,,"We cannot provide one fixed exact date for the BukSU admission and testing application because the schedule may change every academic year. Usually, the admission application period starts around November and may cont..."
14,PASS,second_courser_cat_application,second_courser_cat_application,ask_availability,how to pwede ba mo apply ang second courser,admissions_info,Second Courser CAT Application,,Oo ang mga second courser mahimong maka apply sa BukSU CAT. Kinahanglan sila mobayad og 300 pesos nga testing fee ug mag submit sa Transcript of Records. Dili sila kwalipikado sa libre nga tuition sa Free Higher Educa...
15,PASS,admission_application_deadline,admission_application_deadline,ask_schedule,admission application deadline?,admissions_info,Admission Application Deadline,,"There is no exact deadline, but BukSU admission applications usually end during the last week of March. You can visit their official Facebook page for updates: https://www.facebook.com/BukSUATU"
16,PASS,freshman_admission_requirements,freshman_admission_requirements,ask_requirement,unsa ang dad on para mag apply ang incoming freshman,admissions_info,Freshman Admission Requirements,,Ania ang mga kinahanglanon nga imong andamon sa dili pa mag-apply para sa BukSU Admission Testing: 1. Kinahanglan naa kay personal nga Gmail account aron makahimo og account sa BukSU Admissions: https://admissions.buk...
17,PASS,exam_fees,exam_fees,ask_fee,pila ang bayad sa admission test sa buksu?,admissions_info,Exam Fees,,"Naay bayad ang College Admission Test? Ang College Admission Tests libre ra sa Bukidnon State University. Apan, ang mga aplikante nga nakakompleto na og bachelor's degree (second course takers) kinahanglan magbayad og..."
18,PASS,second_courser_requirements,second_courser_requirements,ask_requirement,what are the requirements for second courser requirements,admissions_info,Second Courser Requirements,,Second coursers must submit a Transcript of Records for evaluation a 2x2 ID picture and a payment receipt of 300 pesos for the admission test and they are generally not covered by the Free Higher Education law.
19,PASS,buksu_cat_calculator_policy,buksu_cat_calculator_policy,ask_general_info,unsa ang pwede mu gamit ug calculator sa exam,admissions_info,BukSU CAT Calculator Policy,,Dili ang paggamit og bisan unsang klase sa calculator basic o scientific hugot nga gidili sa panahon sa BukSU CAT. Lapis eraser ug permit lang ang gitugutan sa sulod sa testing room.
20,WRONG,apply_cat_using_mobile_phone,phone_use_in_class,ask_contact,pwede ba mag test gamit cellphone,admissions_info,Apply CAT Using Mobile Phone,,Ang paggamit sa cellphone sulod sa klase depende sa classroom rules nga gi-set sa instructor.
21,WRONG,apply_cat_using_mobile_phone,phone_use_in_class,ask_contact,unsa ang pwede ba mag test gamit cellphone,admissions_info,Apply CAT Using Mobile Phone,,Ang paggamit sa cellphone sulod sa klase depende sa classroom rules nga gi-set sa instructor.
22,PASS,denied_applications,denied_applications,ask_general_info,tell me about denied applications,admissions_info,Denied Applications,,"Why was my application from a testing site denied? Applications from some testing sites may have been denied due to full application slots, as they have already reached their maximum capacity. You may consider applyin..."
23,WRONG,transferee_admission_requirements,exam_requirements,ask_requirement,transferee admisson requirments,admissions_info,Transferee Admission Requirements,,What to bring on the examination day Test takers must bring the following items: 1. Test Permit (can be downloaded from the BukSU admission website) 2. Application Form (can be downloaded from the BukSU admission webs...
24,PASS,denied_applications,denied_applications,ask_general_info,what is gi-deny akong application unsa ang rason,admissions_info,Denied Applications,,"Ngano nga gideny ang akong aplikasyon gikan sa usa ka testing site? Ang aplikasyon gikan sa ubang testing sites basin gideny tungod kay puno na ang application slots, ug nakaabot na kini sa ilang maximum capacity. Pwe..."
25,PASS,freshman_admission_requirements,freshman_admission_requirements,ask_requirement,unsa kailangan para maghimo ug account,admissions_info,Freshman Admission Requirements,,Ania ang mga kinahanglanon nga imong andamon sa dili pa mag-apply para sa BukSU Admission Testing: 1. Kinahanglan naa kay personal nga Gmail account aron makahimo og account sa BukSU Admissions: https://admissions.buk...
26,PASS,apply_cat_using_mobile_phone,apply_cat_using_mobile_phone,ask_general_info,what is cp ra akong gamit pwede ra ba,admissions_info,Apply CAT Using Mobile Phone,,Oo pwede gamiton ang mobile phone para sa admission portal. Apan mas maayo kung mogamit og desktop o laptop para mas sayon ang pag upload sa mga dokumento ug malikayan ang mga technical error.
27,PASS,test_permit_issue,test_permit_issue,ask_document,what is test permit invalid,admissions_info,Test Permit Issue,,"If your BukSU CAT test permit is corrupted, invalid, missing, or cannot be opened, log in again to your BukSU Admission account and try downloading the test permit again. If the downloaded file still does not work, co..."
28,WRONG,apply_cat_using_mobile_phone,phone_use_in_class,ask_contact,what is pwede ba mag test gamit cellphone,admissions_info,Apply CAT Using Mobile Phone,,Ang paggamit sa cellphone sulod sa klase depende sa classroom rules nga gi-set sa instructor.
29,SUGGESTION,additional_slots,(none),ask_availability,naa pa bay idugang nga slots?,admissions_info,Additional Slots,"Library Available Books, BukSU BSIT Program","Do you mean Library Available Books or BukSU BSIT Program? Suggestions: Library Available Books, BukSU BSIT Program"
30,WRONG,no_slots,course_slots,ask_availability,unsa ang no slots available in the admission portal what do i do,admissions_info,No Slots,,Mao kini ang current course slots nga available kada college: The current course slots under CAS are: Bachelor of Arts in Philosophy: 0 slots Bachelor of Science in Development Communication: 0 slots Bachelor of Arts...
31,WRONG,cat_exam_result,exam_results,ask_location,where can i find nakapasar ba ko unsaon pag tan aw,admissions_info,CAT Exam Result,,Unsaon ug kanus-a nako makuha ang resulta sa akong examination? Ang schedule sa pag-release sa examination results ipost sa BukSU Admission and Testing Facebook page. Ang resulta sa examination ipost usab sa imong adm...
32,PASS,denied_applications,denied_applications,ask_general_info,what is denied applications,admissions_info,Denied Applications,,"Why was my application from a testing site denied? Applications from some testing sites may have been denied due to full application slots, as they have already reached their maximum capacity. You may consider applyin..."
33,FALLBACK,main_campus_full,location,ask_location,asa puno na ang slots sa buksu main campus asa ko adto,admissions_info,Main Campus Full,,"Sorry, I don't have location information for that place yet. Please try a more specific building or office name, or add the location in the admin panel."
34,WRONG,status_application,bukus_location,ask_location,asa nako ma-check kung nadawat akong buksu cat application,admissions_info,Status Application,,"Bukidnon State University (BukSU) nahimutang sa Malaybalay City, Bukidnon, Philippines. Pasensya, dili ko makahatag og mapa kay kini naa sa gawas sa akong datos; ang akong mapa gi-design ug magigamit sulod sa Bukidnon..."
35,PASS,online_application_schedule,online_application_schedule,ask_schedule,what is online application schedule,admissions_info,Online Application Schedule,,"We cannot provide one fixed exact date for the BukSU admission and testing application because the schedule may change every academic year. Usually, the admission application period starts around November and may cont..."
36,PASS,exam_results,exam_results,ask_process,what is the process for pass notice how,admissions_info,Exam Results,,How and when will I know my examination result? The schedule of releasing examination results will be posted on the BukSU Admission and Testing Facebook page. Examination results will also be posted on your admission...
37,PASS,buksu_cat_calculator_policy,buksu_cat_calculator_policy,ask_general_info,what is pwede mu gamit ug calculator sa exam,admissions_info,BukSU CAT Calculator Policy,,Dili ang paggamit og bisan unsang klase sa calculator basic o scientific hugot nga gidili sa panahon sa BukSU CAT. Lapis eraser ug permit lang ang gitugutan sa sulod sa testing room.
38,PASS,buksu_cat_calculator_policy,buksu_cat_calculator_policy,ask_general_info,what is allowed ba ang scientific calculator,admissions_info,BukSU CAT Calculator Policy,,No the use of any type of calculator basic or scientific is strictly prohibited during the BukSU CAT. Only pencils erasers and your permit are allowed inside the testing room.
39,PASS,missed_buksu_cat_schedule,missed_buksu_cat_schedule,ask_schedule,nawala nako sa akong exam date?,admissions_info,Missed BukSU CAT Schedule,,Kung mapalabay nimo ang imong schedule sa BukSU CAT exam kontaka dayon ang Admission and Testing Unit. Mahimong ma reschedule kini depende kung naay bakante nga slot ug balido ang imong rason.
40,PASS,buksu_cat_calculator_policy,buksu_cat_calculator_policy,ask_general_info,unsa ang maka gamit ba tag calcu,admissions_info,BukSU CAT Calculator Policy,,Dili ang paggamit og bisan unsang klase sa calculator basic o scientific hugot nga gidili sa panahon sa BukSU CAT. Lapis eraser ug permit lang ang gitugutan sa sulod sa testing room.
41,PASS,exam_fees,exam_fees,ask_fee,pila ang exam fees,admissions_info,Exam Fees,,"Naay bayad ang College Admission Test? Ang College Admission Tests libre ra sa Bukidnon State University. Apan, ang mga aplikante nga nakakompleto na og bachelor's degree (second course takers) kinahanglan magbayad og..."
42,PASS,second_courser_requirements,second_courser_requirements,ask_requirement,unsa kaylangan isubmit sa namay degree,admissions_info,Second Courser Requirements,,Ang second courser kinahanglan mag submit og Transcript of Records para sa evaluation 2x2 ID picture ug resibo sa bayad nga 300 pesos para sa admission test ug kasagaran dili na sila sakop sa Free Higher Education law.
43,PASS,online_application_schedule,online_application_schedule,ask_schedule,unsa ang admission application testing schedule,admissions_info,Online Application Schedule,,"Dili mi makahatag og usa ka pirmi nga eksaktong petsa sa BukSU admission and testing application kay mahimong mausab ang schedule matag academic year. Kasagaran, magsugod ang admission application period around Novemb..."
44,PASS,exam_requirements,exam_requirements,ask_requirement,unsa akong kinahanglan dad-on para sa exam?,admissions_info,Exam Requirements,,Unsa ang dad-on sa adlaw sa examination Kinahanglan dad-on sa mga test takers ang mosunod: 1. Test Permit (ma-download gikan sa BukSU admission website) 2. Application Form (ma-download gikan sa BukSU admission websit...
45,WRONG,buksu_cat_definition,buksu_academic_colleges,ask_general_info,what is para unsa ang college admission test,admissions_info,BukSU CAT Definition,,Ang BukSU gilangkuban sa pipila ka mga kolehiyo lakip ang: - College of Arts and Sciences - College of Education - College of Business - College of Nursing - College of Technologies - College of Public Administration...
46,PASS,exam_fees,exam_fees,ask_fee,how much is exam fees,admissions_info,Exam Fees,,"Are there fees for the College Admission Test? College Admission Tests are offered for FREE at Bukidnon State University. However, applicants who have already completed a bachelors degree (second course takers) need t..."
47,WRONG,no_slots,course_slots,ask_availability,what is no slots available in the admission portal what do i do,admissions_info,No Slots,,Here are the current course slots available by college: The current course slots under CAS are: Bachelor of Arts in Philosophy: 0 slots Bachelor of Science in Development Communication: 0 slots Bachelor of Arts in Eco...
48,WRONG,freshman_admission_requirements,exam_requirements,ask_requirement,unsa ang requirements para maka apply sa admission examination,admissions_info,Freshman Admission Requirements,,Unsa ang dad-on sa adlaw sa examination Kinahanglan dad-on sa mga test takers ang mosunod: 1. Test Permit (ma-download gikan sa BukSU admission website) 2. Application Form (ma-download gikan sa BukSU admission websit...
49,PASS,main_campus_full,main_campus_full,ask_location,how to puno na ang slots sa main campus asa pa ko pwede mo-apply,admissions_info,Main Campus Full,,"Unsaon kung puno na ang admission slots sa Main Campus? Sa karon, puno na ang admission slots sa Main Campus. Pwede nimo hunahunaon nga mag-apply sa usa sa among ubang satellite campuses. Palihog hinumdomi nga ang lok..."
50,PASS,buksu_cat_definition,buksu_cat_definition,ask_general_info,what is buksu cat,admissions_info,BukSU CAT Definition,,The BukSU CAT is the Bukidnon State University College Admission Test. It is a mandatory exam for all incoming first year college students and second coursers who want to enroll in undergraduate programs.
51,PASS,second_courser_cat_application,second_courser_cat_application,ask_availability,tell me about second courser cat application,admissions_info,Second Courser CAT Application,,Yes second coursers may apply for the BukSU CAT. They are required to pay a 300 peso testing fee and submit their Transcript of Records. Second coursers are not eligible for the Free Higher Education benefits.
52,PASS,exam_fees,exam_fees,ask_fee,pila ang bayad sa admission test sa buksu,admissions_info,Exam Fees,,"Naay bayad ang College Admission Test? Ang College Admission Tests libre ra sa Bukidnon State University. Apan, ang mga aplikante nga nakakompleto na og bachelor's degree (second course takers) kinahanglan magbayad og..."
53,PASS,buksu_cat_definition,buksu_cat_definition,ask_general_info,buksu cat,admissions_info,BukSU CAT Definition,,The BukSU CAT is the Bukidnon State University College Admission Test. It is a mandatory exam for all incoming first year college students and second coursers who want to enroll in undergraduate programs.
54,PASS,denied_applications,denied_applications,ask_general_info,denied applications?,admissions_info,Denied Applications,,"Why was my application from a testing site denied? Applications from some testing sites may have been denied due to full application slots, as they have already reached their maximum capacity. You may consider applyin..."
55,PASS,transferee_admission_requirements,transferee_admission_requirements,ask_requirement,unsa rules sa pag transfer sa buksu?,admissions_info,Transferee Admission Requirements,,"Oo, modawat ang BukSU og transferees depende sa available nga slots sa imong pilion nga kurso. Kinahanglan una ka mopasar sa BukSU Admission bago ka maka-enroll isip transferee. Human nimo makapasar sa admission, adto..."
56,PASS,missing_admission_documents,missing_admission_documents,ask_location,where do i submit my missing admisson documents,admissions_info,Missing Admission Documents,,"If you still have missing admission documents, log in to your BukSU Admission account and edit your admission application so you can upload the remaining document. Make sure every required document is complete before..."
57,PASS,freshman_admission_requirements,freshman_admission_requirements,ask_requirement,i forgot my unsa kailangan para maghimo ug account,admissions_info,Freshman Admission Requirements,,Ania ang mga kinahanglanon nga imong andamon sa dili pa mag-apply para sa BukSU Admission Testing: 1. Kinahanglan naa kay personal nga Gmail account aron makahimo og account sa BukSU Admissions: https://admissions.buk...
58,WRONG,cat_exam_result,exam_results,ask_location,unsaon nakabalo kung pasar na kos cat,admissions_info,CAT Exam Result,,Unsaon ug kanus-a nako makuha ang resulta sa akong examination? Ang schedule sa pag-release sa examination results ipost sa BukSU Admission and Testing Facebook page. Ang resulta sa examination ipost usab sa imong adm...
59,PASS,missing_admission_documents,missing_admission_documents,ask_requirement,missing admission documents?,admissions_info,Missing Admission Documents,,"If you still have missing admission documents, log in to your BukSU Admission account and edit your admission application so you can upload the remaining document. Make sure every required document is complete before..."
60,SUGGESTION,second_courser_cat_application,(none),ask_fee,how much is naa bay bayad if second course,admissions_info,Second Courser CAT Application,"Library Available Books, Exam Fees","Do you mean Library Available Books or Exam Fees? Suggestions: Library Available Books, Exam Fees"
61,SUGGESTION,second_courser_cat_application,(none),ask_fee,how much naa bay bayad if second course,admissions_info,Second Courser CAT Application,"Library Available Books, Exam Fees","Do you mean Library Available Books or Exam Fees? Suggestions: Library Available Books, Exam Fees"
62,WRONG,missing_admission_documents,inc_grade_solution,ask_requirement,incomplete admisson documents,admissions_info,Missing Admission Documents,,An INC (Incomplete) grade means you still have <b>missing requirements</b> for the subject. You can complete it by submitting the required activities or outputs requested by your instructor. You must also submit an IN...
63,PASS,denied_applications,denied_applications,ask_general_info,unsa ang ngano gi-deny akong admission application sa testing site,admissions_info,Denied Applications,,"Ngano nga gideny ang akong aplikasyon gikan sa usa ka testing site? Ang aplikasyon gikan sa ubang testing sites basin gideny tungod kay puno na ang application slots, ug nakaabot na kini sa ilang maximum capacity. Pwe..."
64,PASS,online_application_schedule,online_application_schedule,ask_schedule,admission application testing schedule,admissions_info,Online Application Schedule,,"We cannot provide one fixed exact date for the BukSU admission and testing application because the schedule may change every academic year. Usually, the admission application period starts around November and may cont..."
65,PASS,system_error,system_error,ask_process,why site showing system error,admissions_info,System Error,,"It seems you've encountered a system error. Let's try to resolve it together. Please refresh the page or reopen the link, as this may be caused by temporary high traffic or a minor system glitch. We truly appreciate y..."
66,PASS,second_courser_requirements,second_courser_requirements,ask_requirement,what should i bring for second courser requirements,admissions_info,Second Courser Requirements,,Second coursers must submit a Transcript of Records for evaluation a 2x2 ID picture and a payment receipt of 300 pesos for the admission test and they are generally not covered by the Free Higher Education law.
67,WRONG,transferee_admission_requirements,transferee_enrollment,ask_requirement,what are the requirements for modawat ba mo og transferee,admissions_info,Transferee Admission Requirements,,"For transferees, you must first take and pass the BukSU Admission process before you can enroll. After passing admission, proceed to the college or department where you plan to enroll so your academic records can be e..."
68,WRONG,status_application,take_exam,ask_process,what is the process for unsaon nako pagkahibalo kung na-accept akong application,admissions_info,Status Application,,Unsaon nako pagkuha sa BukSU College Admission Test? Sunod kining mga lakang aron mag-apply sa BukSU College Admission Test: Step 1: Bisitaha ang http://admissions.buksu.edu.ph. Mag-register gamit ang imong active nga...
69,WRONG,buksu_cat_definition,buksu_academic_colleges,ask_general_info,para unsa ang college admission test?,admissions_info,BukSU CAT Definition,,Ang BukSU gilangkuban sa pipila ka mga kolehiyo lakip ang: - College of Arts and Sciences - College of Education - College of Business - College of Nursing - College of Technologies - College of Public Administration...
70,PASS,online_application_schedule,online_application_schedule,ask_schedule,unsa ang online application schedule,admissions_info,Online Application Schedule,,"Dili mi makahatag og usa ka pirmi nga eksaktong petsa sa BukSU admission and testing application kay mahimong mausab ang schedule matag academic year. Kasagaran, magsugod ang admission application period around Novemb..."
71,PASS,application_next_step,application_next_step,ask_general_info,unsa ang nahuman na nako ang online application unsa na sunod buhaton,admissions_info,Application Next Step,,"Nakahuman na ko sa online application. Unsa ang sunod nga buhaton? Human nimo mapuno ang application, pilia ang imong preferred nga schedule ug venue. Siguroha nga nahuman nimo ang tibuok application process ug andama..."
72,PASS,main_campus_full,main_campus_full,ask_location,puno na ang slots sa main campus asa pa ko pwede mo-apply?,admissions_info,Main Campus Full,,"Unsaon kung puno na ang admission slots sa Main Campus? Sa karon, puno na ang admission slots sa Main Campus. Pwede nimo hunahunaon nga mag-apply sa usa sa among ubang satellite campuses. Palihog hinumdomi nga ang lok..."
73,PASS,buksu_cat_calculator_policy,buksu_cat_calculator_policy,ask_general_info,unsa ang allowed ba ang scientific calculator,admissions_info,BukSU CAT Calculator Policy,,Dili ang paggamit og bisan unsang klase sa calculator basic o scientific hugot nga gidili sa panahon sa BukSU CAT. Lapis eraser ug permit lang ang gitugutan sa sulod sa testing room.
74,FALLBACK,main_campus_full,location,ask_location,asa dapit ang puno na ang slots sa buksu main campus asa ko adto,admissions_info,Main Campus Full,,"Sorry, I don't have location information for that place yet. Please try a more specific building or office name, or add the location in the admin panel."
75,PASS,take_exam,take_exam,ask_general_info,take exam,admissions_info,Take Exam,,How can I take the BukSU College Admission Test? Follow these steps to apply for the BukSU College Admission Test: Step 1: Access http://admissions.buksu.edu.ph. Register using your active Gmail account. Create your p...
76,WRONG,additional_slots,admission_portal_login,ask_general_info,mo open pa ba ang admission,admissions_info,Additional Slots,,"To log in to the BukSU Admission portal, go to <b>https://admissions.buksu.edu.ph/login</b>. Type the email and password you used for your BukSU Admission account. Click the <b>Sign in</b> button to open your admissio..."
77,WRONG,no_slots,course_slots,ask_availability,no slots available in the admission portal what do i do,admissions_info,No Slots,,Here are the current course slots available by college: The current course slots under CAS are: Bachelor of Arts in Philosophy: 0 slots Bachelor of Science in Development Communication: 0 slots Bachelor of Arts in Eco...
78,PASS,freshman_admission_requirements,freshman_admission_requirements,ask_requirement,how to forgot my unsa kailangan para maghimo ug account,admissions_info,Freshman Admission Requirements,,Ania ang mga kinahanglanon nga imong andamon sa dili pa mag-apply para sa BukSU Admission Testing: 1. Kinahanglan naa kay personal nga Gmail account aron makahimo og account sa BukSU Admissions: https://admissions.buk...
79,PASS,missing_admission_documents,missing_admission_documents,ask_location,where to submit missing admisson documents,admissions_info,Missing Admission Documents,,"If you still have missing admission documents, log in to your BukSU Admission account and edit your admission application so you can upload the remaining document. Make sure every required document is complete before..."
80,PASS,transferee_admission_requirements,transferee_admission_requirements,ask_requirement,pwede ra maka balhin diri,admissions_info,Transferee Admission Requirements,,"Oo, modawat ang BukSU og transferees depende sa available nga slots sa imong pilion nga kurso. Kinahanglan una ka mopasar sa BukSU Admission bago ka maka-enroll isip transferee. Human nimo makapasar sa admission, adto..."
81,PASS,exam_results,exam_results,ask_general_info,unsa ang exam results,admissions_info,Exam Results,,Unsaon ug kanus-a nako makuha ang resulta sa akong examination? Ang schedule sa pag-release sa examination results ipost sa BukSU Admission and Testing Facebook page. Ang resulta sa examination ipost usab sa imong adm...
82,WRONG,admission_application_deadline,buksu_bsit_program,ask_general_info,mag close ang portal,admissions_info,Admission Application Deadline,,Yes BukSU offers a Bachelor of Science in Information Technology under the College of Technologies focusing on software development network management and modern computing solutions.
83,PASS,exam_results,exam_results,ask_general_info,pass notice,admissions_info,Exam Results,,How and when will I know my examination result? The schedule of releasing examination results will be posted on the BukSU Admission and Testing Facebook page. Examination results will also be posted on your admission...
84,WRONG,transferee_admission_requirements,transferee_enrollment,ask_requirement,what should i bring for modawat ba mo og transferee,admissions_info,Transferee Admission Requirements,,"For transferees, you must first take and pass the BukSU Admission process before you can enroll. After passing admission, proceed to the college or department where you plan to enroll so your academic records can be e..."
85,WRONG,cat_exam_result,exam_results,ask_location,nakapasar ba ko unsaon pag tan aw,admissions_info,CAT Exam Result,,Unsaon ug kanus-a nako makuha ang resulta sa akong examination? Ang schedule sa pag-release sa examination results ipost sa BukSU Admission and Testing Facebook page. Ang resulta sa examination ipost usab sa imong adm...
86,WRONG,admission_application_deadline,buksu_bsit_program,ask_schedule,when mag close ang portal?,admissions_info,Admission Application Deadline,,Yes BukSU offers a Bachelor of Science in Information Technology under the College of Technologies focusing on software development network management and modern computing solutions.
87,PASS,reschedule_entrance_exam,reschedule_entrance_exam,ask_schedule,what is walkin entrance exam is allowed,admissions_info,Reschedule Entrance Exam,,"The BukSU Entrance Examination cannot be rescheduled once your exam date has been assigned. If you are unable to attend your scheduled exam, you may need to wait for the next admission cycle. I recommend ensuring your..."
88,PASS,transferee_admission_requirements,transferee_admission_requirements,ask_requirement,pwede ra maka balhin diri?,admissions_info,Transferee Admission Requirements,,"Oo, modawat ang BukSU og transferees depende sa available nga slots sa imong pilion nga kurso. Kinahanglan una ka mopasar sa BukSU Admission bago ka maka-enroll isip transferee. Human nimo makapasar sa admission, adto..."
89,WRONG,test_permit_issue,exam_results,ask_document,tell me about test permit error,admissions_info,Test Permit Issue,,How and when will I know my examination result? The schedule of releasing examination results will be posted on the BukSU Admission and Testing Facebook page. Examination results will also be posted on your admission...
90,PASS,denied_applications,denied_applications,ask_general_info,ngano gi deny akong admission application sa,admissions_info,Denied Applications,,"Ngano nga gideny ang akong aplikasyon gikan sa usa ka testing site? Ang aplikasyon gikan sa ubang testing sites basin gideny tungod kay puno na ang application slots, ug nakaabot na kini sa ilang maximum capacity. Pwe..."
91,PASS,second_courser_cat_application,second_courser_cat_application,ask_availability,second courser cat application,admissions_info,Second Courser CAT Application,,Yes second coursers may apply for the BukSU CAT. They are required to pay a 300 peso testing fee and submit their Transcript of Records. Second coursers are not eligible for the Free Higher Education benefits.
92,PASS,exam_fees,exam_fees,ask_fee,exam fees?,admissions_info,Exam Fees,,"Are there fees for the College Admission Test? College Admission Tests are offered for FREE at Bukidnon State University. However, applicants who have already completed a bachelors degree (second course takers) need t..."
93,PASS,exam_results,exam_results,ask_process,how to know if passed admission?,admissions_info,Exam Results,,How and when will I know my examination result? The schedule of releasing examination results will be posted on the BukSU Admission and Testing Facebook page. Examination results will also be posted on your admission...
94,PASS,application_next_step,application_next_step,ask_general_info,nahuman na nako akong online application unsa akong buhaton sunod?,admissions_info,Application Next Step,,"Nakahuman na ko sa online application. Unsa ang sunod nga buhaton? Human nimo mapuno ang application, pilia ang imong preferred nga schedule ug venue. Siguroha nga nahuman nimo ang tibuok application process ug andama..."
95,WRONG,buksu_cat_definition,buksu_academic_colleges,ask_general_info,para unsa ang college admission test,admissions_info,BukSU CAT Definition,,Ang BukSU gilangkuban sa pipila ka mga kolehiyo lakip ang: - College of Arts and Sciences - College of Education - College of Business - College of Nursing - College of Technologies - College of Public Administration...
96,WRONG,transferee_admission_requirements,exam_requirements,ask_requirement,what are the requirements for transferee admission requirements,admissions_info,Transferee Admission Requirements,,What to bring on the examination day Test takers must bring the following items: 1. Test Permit (can be downloaded from the BukSU admission website) 2. Application Form (can be downloaded from the BukSU admission webs...
97,PASS,admission_application_deadline,admission_application_deadline,ask_schedule,admission application deadline,admissions_info,Admission Application Deadline,,"There is no exact deadline, but BukSU admission applications usually end during the last week of March. You can visit their official Facebook page for updates: https://www.facebook.com/BukSUATU"
98,WRONG,status_application,exam_results,ask_location,asa nako ma check kung nadawat akong,admissions_info,Status Application,,Unsaon ug kanus-a nako makuha ang resulta sa akong examination? Ang schedule sa pag-release sa examination results ipost sa BukSU Admission and Testing Facebook page. Ang resulta sa examination ipost usab sa imong adm...
99,PASS,missed_buksu_cat_schedule,missed_buksu_cat_schedule,ask_schedule,tell me about na miss nako ang exam date,admissions_info,Missed BukSU CAT Schedule,,Kung mapalabay nimo ang imong schedule sa BukSU CAT exam kontaka dayon ang Admission and Testing Unit. Mahimong ma reschedule kini depende kung naay bakante nga slot ug balido ang imong rason.
100,WRONG,buksu_cat_definition,buksu_academic_colleges,ask_general_info,unsa ang para unsa ang college admission test,admissions_info,BukSU CAT Definition,,Ang BukSU gilangkuban sa pipila ka mga kolehiyo lakip ang: - College of Arts and Sciences - College of Education - College of Business - College of Nursing - College of Technologies - College of Public Administration...
101,PASS,exam_fees,exam_fees,ask_fee,pila ang pila ang bayad sa admission test sa buksu,admissions_info,Exam Fees,,"Naay bayad ang College Admission Test? Ang College Admission Tests libre ra sa Bukidnon State University. Apan, ang mga aplikante nga nakakompleto na og bachelor's degree (second course takers) kinahanglan magbayad og..."
102,PASS,main_campus_full,main_campus_full,ask_general_info,unsa kung puno na ang slots sa main campus,admissions_info,Main Campus Full,,"Unsaon kung puno na ang admission slots sa Main Campus? Sa karon, puno na ang admission slots sa Main Campus. Pwede nimo hunahunaon nga mag-apply sa usa sa among ubang satellite campuses. Palihog hinumdomi nga ang lok..."
103,PASS,denied_applications,denied_applications,ask_general_info,tell me about gi-deny akong application unsa ang rason,admissions_info,Denied Applications,,"Ngano nga gideny ang akong aplikasyon gikan sa usa ka testing site? Ang aplikasyon gikan sa ubang testing sites basin gideny tungod kay puno na ang application slots, ug nakaabot na kini sa ilang maximum capacity. Pwe..."
104,PASS,second_courser_cat_application,second_courser_cat_application,ask_availability,unsaon pwede ba mo apply ang second courser,admissions_info,Second Courser CAT Application,,Oo ang mga second courser mahimong maka apply sa BukSU CAT. Kinahanglan sila mobayad og 300 pesos nga testing fee ug mag submit sa Transcript of Records. Dili sila kwalipikado sa libre nga tuition sa Free Higher Educa...
105,PASS,denied_applications,denied_applications,ask_general_info,tell me about ngano gi-deny akong buksu cat application sa testing site,admissions_info,Denied Applications,,"Ngano nga gideny ang akong aplikasyon gikan sa usa ka testing site? Ang aplikasyon gikan sa ubang testing sites basin gideny tungod kay puno na ang application slots, ug nakaabot na kini sa ilang maximum capacity. Pwe..."
106,PASS,exam_results,exam_results,ask_general_info,know if passed admission,admissions_info,Exam Results,,How and when will I know my examination result? The schedule of releasing examination results will be posted on the BukSU Admission and Testing Facebook page. Examination results will also be posted on your admission...
107,WRONG,apply_cat_using_mobile_phone,phone_use_in_class,ask_contact,pwede ba mag test gamit cellphone?,admissions_info,Apply CAT Using Mobile Phone,,Ang paggamit sa cellphone sulod sa klase depende sa classroom rules nga gi-set sa instructor.
108,WRONG,missing_admission_documents,inc_grade_solution,ask_requirement,what are the requirements for incomplete admission documents,admissions_info,Missing Admission Documents,,An INC (Incomplete) grade means you still have <b>missing requirements</b> for the subject. You can complete it by submitting the required activities or outputs requested by your instructor. You must also submit an IN...
109,WRONG,freshman_admission_requirements,exam_requirements,ask_requirement,how to unsa ang requirements para maka apply sa admission examination,admissions_info,Freshman Admission Requirements,,Unsa ang dad-on sa adlaw sa examination Kinahanglan dad-on sa mga test takers ang mosunod: 1. Test Permit (ma-download gikan sa BukSU admission website) 2. Application Form (ma-download gikan sa BukSU admission websit...
110,PASS,exam_results,exam_results,ask_general_info,exam results,admissions_info,Exam Results,,How and when will I know my examination result? The schedule of releasing examination results will be posted on the BukSU Admission and Testing Facebook page. Examination results will also be posted on your admission...
111,PASS,main_campus_full,main_campus_full,ask_general_info,main campus full,admissions_info,Main Campus Full,,"What if the admission slots at the Main Campus are full? Currently, the admission slots at the Main Campus are already full. You may consider applying to one of our other satellite campuses instead. Please note that t..."
112,PASS,reschedule_entrance_exam,reschedule_entrance_exam,ask_schedule,what is walk-in entrance exam,admissions_info,Reschedule Entrance Exam,,"The BukSU Entrance Examination cannot be rescheduled once your exam date has been assigned. If you are unable to attend your scheduled exam, you may need to wait for the next admission cycle. I recommend ensuring your..."
113,PASS,test_permit_issue,test_permit_issue,ask_document,test permit invalid,admissions_info,Test Permit Issue,,"If your BukSU CAT test permit is corrupted, invalid, missing, or cannot be opened, log in again to your BukSU Admission account and try downloading the test permit again. If the downloaded file still does not work, co..."
114,WRONG,missed_buksu_cat_schedule,online_application_schedule,ask_schedule,what is missed buksu cat schedule,admissions_info,Missed BukSU CAT Schedule,,"We cannot provide one fixed exact date for the BukSU admission and testing application because the schedule may change every academic year. Usually, the admission application period starts around November and may cont..."
115,WRONG,exam_fees,buksu_academic_colleges,ask_fee,naa bay bayad ang buksu college admission,admissions_info,Exam Fees,,Ang BukSU gilangkuban sa pipila ka mga kolehiyo lakip ang: - College of Arts and Sciences - College of Education - College of Business - College of Nursing - College of Technologies - College of Public Administration...
116,PASS,additional_slots,additional_slots,ask_general_info,additional slots,admissions_info,Additional Slots,,Wondering what to do if no slots are available? Keep checking the admissions portal regularly and try submitting your application again. Additional slots may open up if some applications are denied due to incomplete o...
117,PASS,missed_buksu_cat_schedule,missed_buksu_cat_schedule,ask_schedule,unsa ang na miss nako ang exam date,admissions_info,Missed BukSU CAT Schedule,,Kung mapalabay nimo ang imong schedule sa BukSU CAT exam kontaka dayon ang Admission and Testing Unit. Mahimong ma reschedule kini depende kung naay bakante nga slot ug balido ang imong rason.
118,PASS,application_next_step,application_next_step,ask_general_info,tell me about human nako submit sa application unsa na sunod buhaton,admissions_info,Application Next Step,,"Nakahuman na ko sa online application. Unsa ang sunod nga buhaton? Human nimo mapuno ang application, pilia ang imong preferred nga schedule ug venue. Siguroha nga nahuman nimo ang tibuok application process ug andama..."
119,WRONG,no_slots,course_slots,ask_availability,no slots available in the admission portal what do i do?,admissions_info,No Slots,,Here are the current course slots available by college: The current course slots under CAS are: Bachelor of Arts in Philosophy: 0 slots Bachelor of Science in Development Communication: 0 slots Bachelor of Arts in Eco...
120,WRONG,apply_cat_using_mobile_phone,phone_use_in_class,ask_contact,what is ok ra ba mag cellphone mag fill up,admissions_info,Apply CAT Using Mobile Phone,,The use of mobile phones during class depends on the classroom rules set by the instructor.
121,PASS,exam_fees,exam_fees,ask_fee,how much exam fees,admissions_info,Exam Fees,,"Are there fees for the College Admission Test? College Admission Tests are offered for FREE at Bukidnon State University. However, applicants who have already completed a bachelors degree (second course takers) need t..."
122,PASS,system_error,system_error,ask_process,how to why is the site showing system error,admissions_info,System Error,,"It seems you've encountered a system error. Let's try to resolve it together. Please refresh the page or reopen the link, as this may be caused by temporary high traffic or a minor system glitch. We truly appreciate y..."
123,PASS,take_exam,take_exam,ask_general_info,take exam?,admissions_info,Take Exam,,How can I take the BukSU College Admission Test? Follow these steps to apply for the BukSU College Admission Test: Step 1: Access http://admissions.buksu.edu.ph. Register using your active Gmail account. Create your p...
124,WRONG,cat_exam_result,exam_results,ask_general_info,cat exam result?,admissions_info,CAT Exam Result,,How and when will I know my examination result? The schedule of releasing examination results will be posted on the BukSU Admission and Testing Facebook page. Examination results will also be posted on your admission...
125,PASS,second_courser_requirements,second_courser_requirements,ask_requirement,unsa kaylangan isubmit sa namay degree?,admissions_info,Second Courser Requirements,,Ang second courser kinahanglan mag submit og Transcript of Records para sa evaluation 2x2 ID picture ug resibo sa bayad nga 300 pesos para sa admission test ug kasagaran dili na sila sakop sa Free Higher Education law.
126,PASS,system_error,system_error,ask_general_info,unsa ang ngano nag error ang website,admissions_info,System Error,,"It seems you've encountered a system error. Let's try to resolve it together. Please refresh the page or reopen the link, as this may be caused by temporary high traffic or a minor system glitch. We truly appreciate y..."
127,WRONG,cat_exam_result,exam_results,ask_location,asa dapit ang unsaon nakabalo kung pasar na kos cat,admissions_info,CAT Exam Result,,Unsaon ug kanus-a nako makuha ang resulta sa akong examination? Ang schedule sa pag-release sa examination results ipost sa BukSU Admission and Testing Facebook page. Ang resulta sa examination ipost usab sa imong adm...
128,PASS,buksu_cat_definition,buksu_cat_definition,ask_general_info,buksu cat definition?,admissions_info,BukSU CAT Definition,,The BukSU CAT is the Bukidnon State University College Admission Test. It is a mandatory exam for all incoming first year college students and second coursers who want to enroll in undergraduate programs.
129,WRONG,missing_admission_documents,inc_grade_solution,ask_requirement,incomplete admission documents,admissions_info,Missing Admission Documents,,An INC (Incomplete) grade means you still have <b>missing requirements</b> for the subject. You can complete it by submitting the required activities or outputs requested by your instructor. You must also submit an IN...
130,PASS,exam_results,exam_results,ask_process,how do i know if i passed?,admissions_info,Exam Results,,How and when will I know my examination result? The schedule of releasing examination results will be posted on the BukSU Admission and Testing Facebook page. Examination results will also be posted on your admission...
131,PASS,buksu_cat_definition,buksu_cat_definition,ask_general_info,unsa ang buksu cat definition,admissions_info,BukSU CAT Definition,,Ang BukSU CAT mao ang Bukidnon State University College Admission Test. Kini mandatory nga exam para sa tanang incoming first year students ug second coursers nga gusto mo enroll sa undergraduate programs.
132,PASS,reschedule_entrance_exam,reschedule_entrance_exam,ask_schedule,walk in entrance exam is allowed?,admissions_info,Reschedule Entrance Exam,,"The BukSU Entrance Examination cannot be rescheduled once your exam date has been assigned. If you are unable to attend your scheduled exam, you may need to wait for the next admission cycle. I recommend ensuring your..."
133,PASS,buksu_cat_calculator_policy,buksu_cat_calculator_policy,ask_general_info,what is maka gamit ba tag calcu,admissions_info,BukSU CAT Calculator Policy,,No the use of any type of calculator basic or scientific is strictly prohibited during the BukSU CAT. Only pencils erasers and your permit are allowed inside the testing room.
134,PASS,system_error,system_error,ask_general_info,what is system error,admissions_info,System Error,,"It seems you've encountered a system error. Let's try to resolve it together. Please refresh the page or reopen the link, as this may be caused by temporary high traffic or a minor system glitch. We truly appreciate y..."
135,PASS,missed_buksu_cat_schedule,missed_buksu_cat_schedule,ask_schedule,na miss nako ang exam date,admissions_info,Missed BukSU CAT Schedule,,Kung mapalabay nimo ang imong schedule sa BukSU CAT exam kontaka dayon ang Admission and Testing Unit. Mahimong ma reschedule kini depende kung naay bakante nga slot ug balido ang imong rason.
136,WRONG,missed_buksu_cat_schedule,online_application_schedule,ask_schedule,missed buksu cat schedule,admissions_info,Missed BukSU CAT Schedule,,"We cannot provide one fixed exact date for the BukSU admission and testing application because the schedule may change every academic year. Usually, the admission application period starts around November and may cont..."
137,PASS,status_application,status_application,ask_general_info,unsa ang status application,admissions_info,Status Application,,Unsaon nako pagkahibalo nga gi-accept ang akong aplikasyon para mo-take sa College Admission Test? Ang mga aplikante pahibaloan sa status sa ilang aplikasyon pinaagi sa ilang BukSU Admissions Account. Mag-login sa Buk...
138,PASS,exam_results,exam_results,ask_process,how to know if passed admisson,admissions_info,Exam Results,,How and when will I know my examination result? The schedule of releasing examination results will be posted on the BukSU Admission and Testing Facebook page. Examination results will also be posted on your admission...
139,PASS,main_campus_full,main_campus_full,ask_general_info,unsa ang main campus full,admissions_info,Main Campus Full,,"Unsaon kung puno na ang admission slots sa Main Campus? Sa karon, puno na ang admission slots sa Main Campus. Pwede nimo hunahunaon nga mag-apply sa usa sa among ubang satellite campuses. Palihog hinumdomi nga ang lok..."
140,PASS,buksu_cat_definition,buksu_cat_definition,ask_general_info,what is buksu cat?,admissions_info,BukSU CAT Definition,,The BukSU CAT is the Bukidnon State University College Admission Test. It is a mandatory exam for all incoming first year college students and second coursers who want to enroll in undergraduate programs.
141,WRONG,cat_exam_result,exam_results,ask_location,how to nakapasar ba ko unsaon pag tan aw,admissions_info,CAT Exam Result,,Unsaon ug kanus-a nako makuha ang resulta sa akong examination? Ang schedule sa pag-release sa examination results ipost sa BukSU Admission and Testing Facebook page. Ang resulta sa examination ipost usab sa imong adm...
142,PASS,exam_results,exam_results,ask_process,how to pass notice how,admissions_info,Exam Results,,How and when will I know my examination result? The schedule of releasing examination results will be posted on the BukSU Admission and Testing Facebook page. Examination results will also be posted on your admission...
143,PASS,reschedule_entrance_exam,reschedule_entrance_exam,ask_schedule,unsa ang walk-in entrance exam,admissions_info,Reschedule Entrance Exam,,"Dili ma-reschedule ang BukSU Entrance Examination kung naa na kay assigned exam date. Kung dili ka makatunga sa imong scheduled exam, mahimo nga kinahanglan ka maghulat sa sunod nga admission cycle. Mas maayo nga sigu..."
144,PASS,second_courser_requirements,second_courser_requirements,ask_requirement,unsa ang gikinahanglan sa second courser available?,admissions_info,Second Courser Requirements,,Ang second courser kinahanglan mag submit og Transcript of Records para sa evaluation 2x2 ID picture ug resibo sa bayad nga 300 pesos para sa admission test ug kasagaran dili na sila sakop sa Free Higher Education law.
145,FALLBACK,main_campus_full,location,ask_location,where is puno na ang slots sa buksu main campus asa ko adto,admissions_info,Main Campus Full,,"Sorry, I don't have location information for that place yet. Please try a more specific building or office name, or add the location in the admin panel."
146,PASS,denied_applications,denied_applications,ask_general_info,ngano gi-deny akong admission application sa testing site,admissions_info,Denied Applications,,"Ngano nga gideny ang akong aplikasyon gikan sa usa ka testing site? Ang aplikasyon gikan sa ubang testing sites basin gideny tungod kay puno na ang application slots, ug nakaabot na kini sa ilang maximum capacity. Pwe..."
147,PASS,missing_admission_documents,missing_admission_documents,ask_requirement,what are the requirements for missing admission documents,admissions_info,Missing Admission Documents,,"If you still have missing admission documents, log in to your BukSU Admission account and edit your admission application so you can upload the remaining document. Make sure every required document is complete before..."
148,PASS,denied_applications,denied_applications,ask_general_info,unsa ang gi-deny akong application unsa ang rason,admissions_info,Denied Applications,,"Ngano nga gideny ang akong aplikasyon gikan sa usa ka testing site? Ang aplikasyon gikan sa ubang testing sites basin gideny tungod kay puno na ang application slots, ug nakaabot na kini sa ilang maximum capacity. Pwe..."
149,PASS,buksu_cat_calculator_policy,buksu_cat_calculator_policy,ask_general_info,maka gamit ba tag calcu?,admissions_info,BukSU CAT Calculator Policy,,No the use of any type of calculator basic or scientific is strictly prohibited during the BukSU CAT. Only pencils erasers and your permit are allowed inside the testing room.
150,PASS,denied_applications,denied_applications,ask_general_info,tell me about ngano gi-deny akong admission application sa testing site,admissions_info,Denied Applications,,"Ngano nga gideny ang akong aplikasyon gikan sa usa ka testing site? Ang aplikasyon gikan sa ubang testing sites basin gideny tungod kay puno na ang application slots, ug nakaabot na kini sa ilang maximum capacity. Pwe..."
151,PASS,buksu_cat_calculator_policy,buksu_cat_calculator_policy,ask_general_info,tell me about maka gamit ba tag calcu,admissions_info,BukSU CAT Calculator Policy,,No the use of any type of calculator basic or scientific is strictly prohibited during the BukSU CAT. Only pencils erasers and your permit are allowed inside the testing room.
152,PASS,exam_requirements,exam_requirements,ask_requirement,unsa akong kinahanglan dad-on para sa exam,admissions_info,Exam Requirements,,Unsa ang dad-on sa adlaw sa examination Kinahanglan dad-on sa mga test takers ang mosunod: 1. Test Permit (ma-download gikan sa BukSU admission website) 2. Application Form (ma-download gikan sa BukSU admission websit...
153,PASS,application_next_step,application_next_step,ask_general_info,human nako submit sa application unsa na sunod buhaton,admissions_info,Application Next Step,,"Nakahuman na ko sa online application. Unsa ang sunod nga buhaton? Human nimo mapuno ang application, pilia ang imong preferred nga schedule ug venue. Siguroha nga nahuman nimo ang tibuok application process ug andama..."
154,PASS,no_slots,no_slots,ask_general_info,what should i do if there are no avalilable slots for the exam,admissions_info,No Slots,,"No Slots Available? Evaluators are still checking applications. Stay logged in, go to Step 4, and refresh between 8 AM and 5 PM. New slots may appear if others are denied."
155,FALLBACK,main_campus_full,location,ask_location,puno na ang slots sa buksu main campus asa ko adto,admissions_info,Main Campus Full,,"Sorry, I don't have location information for that place yet. Please try a more specific building or office name, or add the location in the admin panel."
156,PASS,denied_applications,denied_applications,ask_general_info,ngano gi-deny akong buksu cat application sa testing site?,admissions_info,Denied Applications,,"Ngano nga gideny ang akong aplikasyon gikan sa usa ka testing site? Ang aplikasyon gikan sa ubang testing sites basin gideny tungod kay puno na ang application slots, ug nakaabot na kini sa ilang maximum capacity. Pwe..."
157,PASS_SUGGESTION,no_slots,(none),ask_availability,unsa akong buhaton kung walay available slots,admissions_info,No Slots,"No Slots, Library Available Books","Do you mean No Slots or Library Available Books? Suggestions: No Slots, Library Available Books"
158,PASS,buksu_cat_definition,buksu_cat_definition,ask_general_info,tell me about buksu cat definition,admissions_info,BukSU CAT Definition,,The BukSU CAT is the Bukidnon State University College Admission Test. It is a mandatory exam for all incoming first year college students and second coursers who want to enroll in undergraduate programs.
159,FALLBACK,buksu_cat_definition,location,ask_location,unsay pasabot sa buksu cat definition,admissions_info,BukSU CAT Definition,,"Sorry, I don't have location information for that place yet. Please try a more specific building or office name, or add the location in the admin panel."
160,PASS,main_campus_full,main_campus_full,ask_location,puno na ang slots sa main campus asa pa ko pwede mo-apply,admissions_info,Main Campus Full,,"Unsaon kung puno na ang admission slots sa Main Campus? Sa karon, puno na ang admission slots sa Main Campus. Pwede nimo hunahunaon nga mag-apply sa usa sa among ubang satellite campuses. Palihog hinumdomi nga ang lok..."
161,WRONG,buksu_cat_calculator_policy,buksu_cat_definition,ask_general_info,what is buksu cat calculator policy,admissions_info,BukSU CAT Calculator Policy,,The BukSU CAT is the Bukidnon State University College Admission Test. It is a mandatory exam for all incoming first year college students and second coursers who want to enroll in undergraduate programs.
162,WRONG,reschedule_entrance_exam,online_application_schedule,ask_schedule,walk entrance exam,admissions_info,Reschedule Entrance Exam,,"We cannot provide one fixed exact date for the BukSU admission and testing application because the schedule may change every academic year. Usually, the admission application period starts around November and may cont..."
163,PASS,system_error,system_error,ask_general_info,ngano nag error ang website?,admissions_info,System Error,,"It seems you've encountered a system error. Let's try to resolve it together. Please refresh the page or reopen the link, as this may be caused by temporary high traffic or a minor system glitch. We truly appreciate y..."
164,PASS,main_campus_full,main_campus_full,ask_location,where is puno na ang slots sa main campus asa pa ko pwede mo-apply,admissions_info,Main Campus Full,,"Unsaon kung puno na ang admission slots sa Main Campus? Sa karon, puno na ang admission slots sa Main Campus. Pwede nimo hunahunaon nga mag-apply sa usa sa among ubang satellite campuses. Palihog hinumdomi nga ang lok..."
165,WRONG,reschedule_entrance_exam,online_application_schedule,ask_schedule,tell me about reschedule entrance exam,admissions_info,Reschedule Entrance Exam,,"We cannot provide one fixed exact date for the BukSU admission and testing application because the schedule may change every academic year. Usually, the admission application period starts around November and may cont..."
166,WRONG,missing_admission_documents,inc_grade_solution,ask_requirement,incomplete admission documents?,admissions_info,Missing Admission Documents,,An INC (Incomplete) grade means you still have <b>missing requirements</b> for the subject. You can complete it by submitting the required activities or outputs requested by your instructor. You must also submit an IN...
167,PASS,freshman_admission_requirements,freshman_admission_requirements,ask_requirement,how to unsa ang dad on para mag apply ang incoming freshman,admissions_info,Freshman Admission Requirements,,Ania ang mga kinahanglanon nga imong andamon sa dili pa mag-apply para sa BukSU Admission Testing: 1. Kinahanglan naa kay personal nga Gmail account aron makahimo og account sa BukSU Admissions: https://admissions.buk...
168,PASS,system_error,system_error,ask_process,unsaon why is the site showing system error,admissions_info,System Error,,"It seems you've encountered a system error. Let's try to resolve it together. Please refresh the page or reopen the link, as this may be caused by temporary high traffic or a minor system glitch. We truly appreciate y..."
169,WRONG,status_application,take_exam,ask_process,unsaon unsaon nako pagkahibalo kung approved akong cat exam application,admissions_info,Status Application,,Unsaon nako pagkuha sa BukSU College Admission Test? Sunod kining mga lakang aron mag-apply sa BukSU College Admission Test: Step 1: Bisitaha ang http://admissions.buksu.edu.ph. Mag-register gamit ang imong active nga...
170,PASS,no_slots,no_slots,ask_general_info,no slots,admissions_info,No Slots,,"No Slots Available? Evaluators are still checking applications. Stay logged in, go to Step 4, and refresh between 8 AM and 5 PM. New slots may appear if others are denied."
171,PASS,missed_buksu_cat_schedule,missed_buksu_cat_schedule,ask_schedule,what if nakaligtaan akong exam schedule,admissions_info,Missed BukSU CAT Schedule,,Kung mapalabay nimo ang imong schedule sa BukSU CAT exam kontaka dayon ang Admission and Testing Unit. Mahimong ma reschedule kini depende kung naay bakante nga slot ug balido ang imong rason.
172,SUGGESTION,take_exam,(none),ask_process,unsaon nako pag register sa buksu entrance,admissions_info,Take Exam,"Enrollment General Process, Campus Tour","Do you mean Enrollment General Process or Campus Tour? Suggestions: Enrollment General Process, Campus Tour"
173,WRONG,application_next_step,take_exam,ask_general_info,human nako submit sa application unsa na,admissions_info,Application Next Step,,Unsaon nako pagkuha sa BukSU College Admission Test? Sunod kining mga lakang aron mag-apply sa BukSU College Admission Test: Step 1: Bisitaha ang http://admissions.buksu.edu.ph. Mag-register gamit ang imong active nga...
174,PASS,freshman_admission_requirements,freshman_admission_requirements,ask_requirement,unsaon unsa ang dad on para mag apply ang incoming freshman,admissions_info,Freshman Admission Requirements,,Ania ang mga kinahanglanon nga imong andamon sa dili pa mag-apply para sa BukSU Admission Testing: 1. Kinahanglan naa kay personal nga Gmail account aron makahimo og account sa BukSU Admissions: https://admissions.buk...
175,PASS,online_application_schedule,online_application_schedule,ask_schedule,admission application testing schedule,admissions_info,Online Application Schedule,,"We cannot provide one fixed exact date for the BukSU admission and testing application because the schedule may change every academic year. Usually, the admission application period starts around November and may cont..."
176,PASS,exam_requirements,exam_requirements,ask_requirement,exam requirements?,admissions_info,Exam Requirements,,What to bring on the examination day Test takers must bring the following items: 1. Test Permit (can be downloaded from the BukSU admission website) 2. Application Form (can be downloaded from the BukSU admission webs...
177,WRONG,cat_exam_result,exam_results,ask_location,asa nako makita ang report of rating?,admissions_info,CAT Exam Result,,Unsaon ug kanus-a nako makuha ang resulta sa akong examination? Ang schedule sa pag-release sa examination results ipost sa BukSU Admission and Testing Facebook page. Ang resulta sa examination ipost usab sa imong adm...
178,WRONG,status_application,take_exam,ask_process,unsaon unsaon nako pagkahibalo kung na-accept akong application,admissions_info,Status Application,,Unsaon nako pagkuha sa BukSU College Admission Test? Sunod kining mga lakang aron mag-apply sa BukSU College Admission Test: Step 1: Bisitaha ang http://admissions.buksu.edu.ph. Mag-register gamit ang imong active nga...
179,PASS,no_slots,no_slots,ask_general_info,no slots?,admissions_info,No Slots,,"No Slots Available? Evaluators are still checking applications. Stay logged in, go to Step 4, and refresh between 8 AM and 5 PM. New slots may appear if others are denied."
180,PASS,exam_results,exam_results,ask_general_info,exam results?,admissions_info,Exam Results,,How and when will I know my examination result? The schedule of releasing examination results will be posted on the BukSU Admission and Testing Facebook page. Examination results will also be posted on your admission...
181,PASS,take_exam,take_exam,ask_process,unsa ang mga steps para maka-apply sa buksu cat,admissions_info,Take Exam,,Unsaon nako pagkuha sa BukSU College Admission Test? Sunod kining mga lakang aron mag-apply sa BukSU College Admission Test: Step 1: Bisitaha ang http://admissions.buksu.edu.ph. Mag-register gamit ang imong active nga...
182,PASS,no_slots,no_slots,ask_general_info,unsa akong buhaton kung walay avalilable slots para sa exam,admissions_info,No Slots,,"Walay Available nga Slots? Ang mga evaluators nag-check pa sa mga aplikasyon. Pabilin naka naka-login, adto sa Step 4, ug i-refresh gikan 8 AM hangtod 5 PM. Bag-ong slots mahimong mogawas kung ang uban gi-deny."
183,PASS,online_application_schedule,online_application_schedule,ask_schedule,admission testing application date,admissions_info,Online Application Schedule,,"We cannot provide one fixed exact date for the BukSU admission and testing application because the schedule may change every academic year. Usually, the admission application period starts around November and may cont..."
184,SUGGESTION,additional_slots,(none),ask_availability,what is naa pa bay idugang nga slots,admissions_info,Additional Slots,"Library Available Books, BukSU BSIT Program","Do you mean Library Available Books or BukSU BSIT Program? Suggestions: Library Available Books, BukSU BSIT Program"
185,WRONG,exam_requirements,law_admission_requirements,ask_requirement,unsa ang kinahanglan nako dalhon sa adlaw sa exam,admissions_info,Exam Requirements,,Ang mga aplikante sa Juris Doctor kinahanglan adunay bachelor degree Transcript of Records ug kinahanglan makapasar sa Law School Admission Test ug panel interview.
186,WRONG,cat_exam_result,exam_results,ask_location,where is nakapasar ba ko unsaon pag tan aw,admissions_info,CAT Exam Result,,Unsaon ug kanus-a nako makuha ang resulta sa akong examination? Ang schedule sa pag-release sa examination results ipost sa BukSU Admission and Testing Facebook page. Ang resulta sa examination ipost usab sa imong adm...
187,WRONG,status_application,take_exam,ask_process,unsaon nako pagkahibalo kung na-accept akong application,admissions_info,Status Application,,Unsaon nako pagkuha sa BukSU College Admission Test? Sunod kining mga lakang aron mag-apply sa BukSU College Admission Test: Step 1: Bisitaha ang http://admissions.buksu.edu.ph. Mag-register gamit ang imong active nga...
188,WRONG,cat_exam_result,exam_results,ask_general_info,tell me about cat exam result,admissions_info,CAT Exam Result,,How and when will I know my examination result? The schedule of releasing examination results will be posted on the BukSU Admission and Testing Facebook page. Examination results will also be posted on your admission...
189,PASS,exam_fees,exam_fees,ask_fee,pila ang bayad sa admission test sa,admissions_info,Exam Fees,,"Naay bayad ang College Admission Test? Ang College Admission Tests libre ra sa Bukidnon State University. Apan, ang mga aplikante nga nakakompleto na og bachelor's degree (second course takers) kinahanglan magbayad og..."
190,PASS,system_error,system_error,ask_general_info,system error,admissions_info,System Error,,"It seems you've encountered a system error. Let's try to resolve it together. Please refresh the page or reopen the link, as this may be caused by temporary high traffic or a minor system glitch. We truly appreciate y..."
191,PASS,buksu_cat_calculator_policy,buksu_cat_calculator_policy,ask_general_info,maka gamit ba tag calcu,admissions_info,BukSU CAT Calculator Policy,,No the use of any type of calculator basic or scientific is strictly prohibited during the BukSU CAT. Only pencils erasers and your permit are allowed inside the testing room.
192,PASS,take_exam,take_exam,ask_general_info,unsa ang take exam,admissions_info,Take Exam,,Unsaon nako pagkuha sa BukSU College Admission Test? Sunod kining mga lakang aron mag-apply sa BukSU College Admission Test: Step 1: Bisitaha ang http://admissions.buksu.edu.ph. Mag-register gamit ang imong active nga...
193,PASS,buksu_cat_calculator_policy,buksu_cat_calculator_policy,ask_general_info,pwede mu gamit ug calculator sa exam,admissions_info,BukSU CAT Calculator Policy,,Dili ang paggamit og bisan unsang klase sa calculator basic o scientific hugot nga gidili sa panahon sa BukSU CAT. Lapis eraser ug permit lang ang gitugutan sa sulod sa testing room.
194,PASS,application_next_step,application_next_step,ask_general_info,tell me about nahuman na nako akong online application unsa akong buhaton sunod,admissions_info,Application Next Step,,"Nakahuman na ko sa online application. Unsa ang sunod nga buhaton? Human nimo mapuno ang application, pilia ang imong preferred nga schedule ug venue. Siguroha nga nahuman nimo ang tibuok application process ug andama..."
195,PASS,buksu_cat_calculator_policy,buksu_cat_calculator_policy,ask_general_info,tell me about pwede mu gamit ug calculator sa exam,admissions_info,BukSU CAT Calculator Policy,,Dili ang paggamit og bisan unsang klase sa calculator basic o scientific hugot nga gidili sa panahon sa BukSU CAT. Lapis eraser ug permit lang ang gitugutan sa sulod sa testing room.
196,WRONG,reschedule_entrance_exam,online_application_schedule,ask_schedule,unsa ang reschedule entrance exam,admissions_info,Reschedule Entrance Exam,,"Dili mi makahatag og usa ka pirmi nga eksaktong petsa sa BukSU admission and testing application kay mahimong mausab ang schedule matag academic year. Kasagaran, magsugod ang admission application period around Novemb..."
197,WRONG,admission_application_deadline,online_application_schedule,ask_schedule,kanus ang deadline sa admission,admissions_info,Admission Application Deadline,,"Dili mi makahatag og usa ka pirmi nga eksaktong petsa sa BukSU admission and testing application kay mahimong mausab ang schedule matag academic year. Kasagaran, magsugod ang admission application period around Novemb..."
198,WRONG,status_application,bukus_location,ask_location,asa nako ma-check kung nadawat akong buksu cat application?,admissions_info,Status Application,,"Bukidnon State University (BukSU) nahimutang sa Malaybalay City, Bukidnon, Philippines. Pasensya, dili ko makahatag og mapa kay kini naa sa gawas sa akong datos; ang akong mapa gi-design ug magigamit sulod sa Bukidnon..."
199,PASS,online_application_schedule,online_application_schedule,ask_schedule,when is the admisson application testing schedule,admissions_info,Online Application Schedule,,"We cannot provide one fixed exact date for the BukSU admission and testing application because the schedule may change every academic year. Usually, the admission application period starts around November and may cont..."
200,FALLBACK,second_courser_requirements,(none),ask_location,where is papeles ipasa if second course,admissions_info,Second Courser Requirements,,"Sorry, I don't have location information for that place yet. Please try a more specific building or office name, or add the location in the admin panel."
201,PASS,online_application_schedule,online_application_schedule,ask_schedule,when is the admission application testing schedule,admissions_info,Online Application Schedule,,"We cannot provide one fixed exact date for the BukSU admission and testing application because the schedule may change every academic year. Usually, the admission application period starts around November and may cont..."
202,PASS,main_campus_full,main_campus_full,ask_general_info,unsa kung puno na ang slots sa main campus?,admissions_info,Main Campus Full,,"Unsaon kung puno na ang admission slots sa Main Campus? Sa karon, puno na ang admission slots sa Main Campus. Pwede nimo hunahunaon nga mag-apply sa usa sa among ubang satellite campuses. Palihog hinumdomi nga ang lok..."
203,PASS,exam_requirements,exam_requirements,ask_requirement,what are the requirements for pwede nimo isulti unsa ang mga requirements nga akong dad-on para sa exam,admissions_info,Exam Requirements,,Unsa ang dad-on sa adlaw sa examination Kinahanglan dad-on sa mga test takers ang mosunod: 1. Test Permit (ma-download gikan sa BukSU admission website) 2. Application Form (ma-download gikan sa BukSU admission websit...
204,WRONG,additional_slots,admission_portal_login,ask_general_info,mo open pa ba ang admission?,admissions_info,Additional Slots,,"To log in to the BukSU Admission portal, go to <b>https://admissions.buksu.edu.ph/login</b>. Type the email and password you used for your BukSU Admission account. Click the <b>Sign in</b> button to open your admissio..."
205,PASS,main_campus_full,main_campus_full,ask_general_info,main campus full?,admissions_info,Main Campus Full,,"What if the admission slots at the Main Campus are full? Currently, the admission slots at the Main Campus are already full. You may consider applying to one of our other satellite campuses instead. Please note that t..."
206,PASS,system_error,system_error,ask_general_info,tell me about system error,admissions_info,System Error,,"It seems you've encountered a system error. Let's try to resolve it together. Please refresh the page or reopen the link, as this may be caused by temporary high traffic or a minor system glitch. We truly appreciate y..."
207,PASS,main_campus_full,main_campus_full,ask_general_info,tell me about main campus full,admissions_info,Main Campus Full,,"What if the admission slots at the Main Campus are full? Currently, the admission slots at the Main Campus are already full. You may consider applying to one of our other satellite campuses instead. Please note that t..."
208,PASS,system_error,system_error,ask_general_info,tell me about ngano nag error ang website,admissions_info,System Error,,"It seems you've encountered a system error. Let's try to resolve it together. Please refresh the page or reopen the link, as this may be caused by temporary high traffic or a minor system glitch. We truly appreciate y..."
209,WRONG,apply_cat_using_mobile_phone,take_exam,ask_contact,unsaon apply cat using mobile phone,admissions_info,Apply CAT Using Mobile Phone,,Unsaon nako pagkuha sa BukSU College Admission Test? Sunod kining mga lakang aron mag-apply sa BukSU College Admission Test: Step 1: Bisitaha ang http://admissions.buksu.edu.ph. Mag-register gamit ang imong active nga...
210,WRONG,exam_fees,exam_requirements,ask_fee,kinahanglan ba ko mobayad para sa buksu entrance exam?,admissions_info,Exam Fees,,Unsa ang dad-on sa adlaw sa examination Kinahanglan dad-on sa mga test takers ang mosunod: 1. Test Permit (ma-download gikan sa BukSU admission website) 2. Application Form (ma-download gikan sa BukSU admission websit...
211,WRONG,missing_admission_documents,inc_grade_solution,ask_requirement,unsa requirements sa incomplete admission documents,admissions_info,Missing Admission Documents,,Ang INC (Incomplete) nga grado nagpasabot nga adunay kulang nga requirements sa usa ka subject. Mahimo nimo kini makompleto pinaagi sa pag-submit sa mga kulang nga activities o requirements nga gipangayo sa imong inst...
212,WRONG,status_application,take_exam,ask_process,unsaon nako pagkahibalo kung approved akong cat exam application?,admissions_info,Status Application,,Unsaon nako pagkuha sa BukSU College Admission Test? Sunod kining mga lakang aron mag-apply sa BukSU College Admission Test: Step 1: Bisitaha ang http://admissions.buksu.edu.ph. Mag-register gamit ang imong active nga...
213,PASS,second_courser_requirements,second_courser_requirements,ask_requirement,unsa requirements sa second courser requirements,admissions_info,Second Courser Requirements,,Ang second courser kinahanglan mag submit og Transcript of Records para sa evaluation 2x2 ID picture ug resibo sa bayad nga 300 pesos para sa admission test ug kasagaran dili na sila sakop sa Free Higher Education law.
214,WRONG,exam_fees,exam_requirements,ask_fee,kinahanglan ba ko mobayad para sa buksu entrance exam,admissions_info,Exam Fees,,Unsa ang dad-on sa adlaw sa examination Kinahanglan dad-on sa mga test takers ang mosunod: 1. Test Permit (ma-download gikan sa BukSU admission website) 2. Application Form (ma-download gikan sa BukSU admission websit...
215,PASS,missed_buksu_cat_schedule,missed_buksu_cat_schedule,ask_schedule,nawala nako sa akong exam date,admissions_info,Missed BukSU CAT Schedule,,Kung mapalabay nimo ang imong schedule sa BukSU CAT exam kontaka dayon ang Admission and Testing Unit. Mahimong ma reschedule kini depende kung naay bakante nga slot ug balido ang imong rason.
216,PASS,online_application_schedule,online_application_schedule,ask_schedule,what is admission testing application date,admissions_info,Online Application Schedule,,"We cannot provide one fixed exact date for the BukSU admission and testing application because the schedule may change every academic year. Usually, the admission application period starts around November and may cont..."
217,WRONG,status_application,take_exam,ask_process,how to unsaon nako pagkahibalo kung approved akong cat exam application,admissions_info,Status Application,,Unsaon nako pagkuha sa BukSU College Admission Test? Sunod kining mga lakang aron mag-apply sa BukSU College Admission Test: Step 1: Bisitaha ang http://admissions.buksu.edu.ph. Mag-register gamit ang imong active nga...
218,SUGGESTION,additional_slots,(none),ask_availability,naa pa bay idugang nga slots,admissions_info,Additional Slots,"Library Available Books, BukSU BSIT Program","Do you mean Library Available Books or BukSU BSIT Program? Suggestions: Library Available Books, BukSU BSIT Program"
219,WRONG,reschedule_entrance_exam,online_application_schedule,ask_schedule,what is reschedule entrance exam,admissions_info,Reschedule Entrance Exam,,"We cannot provide one fixed exact date for the BukSU admission and testing application because the schedule may change every academic year. Usually, the admission application period starts around November and may cont..."
220,PASS,test_permit_issue,test_permit_issue,ask_document,unsa ang test permit invalid,admissions_info,Test Permit Issue,,"Kung corrupted, invalid, nawala, o dili ma-open ang imong BukSU CAT test permit, login balik sa imong BukSU Admission account ug sulayi pag-download usab ang test permit. Kung dili gihapon mo-work ang na-download nga..."
221,SUGGESTION,second_courser_cat_application,(none),ask_fee,naa bay bayad if second course,admissions_info,Second Courser CAT Application,"Library Available Books, Exam Fees","Do you mean Library Available Books or Exam Fees? Suggestions: Library Available Books, Exam Fees"
222,FALLBACK,second_courser_requirements,(none),ask_location,asa papeles ipasa if second course,admissions_info,Second Courser Requirements,,"Sorry, I don't have location information for that place yet. Please try a more specific building or office name, or add the location in the admin panel."
223,PASS,buksu_cat_definition,buksu_cat_definition,ask_general_info,unsa meaning sa buksu cat?,admissions_info,BukSU CAT Definition,,Ang BukSU CAT mao ang Bukidnon State University College Admission Test. Kini mandatory nga exam para sa tanang incoming first year students ug second coursers nga gusto mo enroll sa undergraduate programs.
224,PASS,second_courser_cat_application,second_courser_cat_application,ask_availability,unsay second courser cat application diris buksu,admissions_info,Second Courser CAT Application,,Oo ang mga second courser mahimong maka apply sa BukSU CAT. Kinahanglan sila mobayad og 300 pesos nga testing fee ug mag submit sa Transcript of Records. Dili sila kwalipikado sa libre nga tuition sa Free Higher Educa...
225,PASS,system_error,system_error,ask_availability,dili ko maka proceed naay error,admissions_info,System Error,,"It seems you've encountered a system error. Let's try to resolve it together. Please refresh the page or reopen the link, as this may be caused by temporary high traffic or a minor system glitch. We truly appreciate y..."
226,PASS,additional_slots,additional_slots,ask_general_info,unsa ang additional slots,admissions_info,Additional Slots,,Wondering unsa ang buhaton kung walay slots nga available? padayon og check ang admissions portal kanunay and sulayi og submit imong application pag-usab. dugang slots posibleng mo open if some application kay nanga d...
227,PASS,main_campus_full,main_campus_full,ask_general_info,what is main campus full,admissions_info,Main Campus Full,,"What if the admission slots at the Main Campus are full? Currently, the admission slots at the Main Campus are already full. You may consider applying to one of our other satellite campuses instead. Please note that t..."
228,PASS,admission_application_deadline,admission_application_deadline,ask_schedule,unsa ang admission application deadline,admissions_info,Admission Application Deadline,,"Walay eksaktong petsa, apan kasagaran matapos ang admission sa katapusang semana sa Marso. Mahimo nimo bisitahon ang ilang FB page para sa updates: https://www.facebook.com/BukSUATU"
229,PASS,test_permit_issue,test_permit_issue,ask_document,test permit corrupted?,admissions_info,Test Permit Issue,,"If your BukSU CAT test permit is corrupted, invalid, missing, or cannot be opened, log in again to your BukSU Admission account and try downloading the test permit again. If the downloaded file still does not work, co..."
230,WRONG,admission_application_deadline,buksu_bsit_program,ask_schedule,how to forgot my when mag close ang portal,admissions_info,Admission Application Deadline,,Yes BukSU offers a Bachelor of Science in Information Technology under the College of Technologies focusing on software development network management and modern computing solutions.
231,PASS,denied_applications,denied_applications,ask_general_info,gi-deny akong application unsa ang rason?,admissions_info,Denied Applications,,"Ngano nga gideny ang akong aplikasyon gikan sa usa ka testing site? Ang aplikasyon gikan sa ubang testing sites basin gideny tungod kay puno na ang application slots, ug nakaabot na kini sa ilang maximum capacity. Pwe..."
232,PASS,exam_results,exam_results,ask_general_info,what is exam results,admissions_info,Exam Results,,How and when will I know my examination result? The schedule of releasing examination results will be posted on the BukSU Admission and Testing Facebook page. Examination results will also be posted on your admission...
233,WRONG,application_next_step,take_exam,ask_general_info,nahuman na nako ang online application unsa,admissions_info,Application Next Step,,Unsaon nako pagkuha sa BukSU College Admission Test? Sunod kining mga lakang aron mag-apply sa BukSU College Admission Test: Step 1: Bisitaha ang http://admissions.buksu.edu.ph. Mag-register gamit ang imong active nga...
234,PASS,test_permit_issue,test_permit_issue,ask_requirement,unsa requirements sa test permit corrupted,admissions_info,Test Permit Issue,,"Kung corrupted, invalid, nawala, o dili ma-open ang imong BukSU CAT test permit, login balik sa imong BukSU Admission account ug sulayi pag-download usab ang test permit. Kung dili gihapon mo-work ang na-download nga..."
235,PASS,application_next_step,application_next_step,ask_general_info,what is nahuman na nako ang online application unsa na sunod buhaton,admissions_info,Application Next Step,,"Nakahuman na ko sa online application. Unsa ang sunod nga buhaton? Human nimo mapuno ang application, pilia ang imong preferred nga schedule ug venue. Siguroha nga nahuman nimo ang tibuok application process ug andama..."
236,WRONG,transferee_admission_requirements,transferee_enrollment,ask_requirement,unsa requirements sa modawat ba mo og transferee,admissions_info,Transferee Admission Requirements,,"Para sa transferees, kinahanglan una ka moagi ug mopasar sa BukSU Admission process bago ka maka-enroll. Human makapasar sa admission, adto sa college o department kung asa ka gusto mo-enroll aron ma-evaluate ang imon..."
237,WRONG,freshman_admission_requirements,exam_requirements,ask_requirement,freshman admission requirements?,admissions_info,Freshman Admission Requirements,,What to bring on the examination day Test takers must bring the following items: 1. Test Permit (can be downloaded from the BukSU admission website) 2. Application Form (can be downloaded from the BukSU admission webs...
238,PASS,no_slots,no_slots,ask_availability,should if there no available slots exam,admissions_info,No Slots,,"No Slots Available? Evaluators are still checking applications. Stay logged in, go to Step 4, and refresh between 8 AM and 5 PM. New slots may appear if others are denied."
239,PASS,denied_applications,denied_applications,ask_general_info,denied applications,admissions_info,Denied Applications,,"Why was my application from a testing site denied? Applications from some testing sites may have been denied due to full application slots, as they have already reached their maximum capacity. You may consider applyin..."
240,PASS,application_next_step,application_next_step,ask_general_info,tell me about nahuman na nako ang online application unsa na sunod buhaton,admissions_info,Application Next Step,,"Nakahuman na ko sa online application. Unsa ang sunod nga buhaton? Human nimo mapuno ang application, pilia ang imong preferred nga schedule ug venue. Siguroha nga nahuman nimo ang tibuok application process ug andama..."
241,PASS,missed_buksu_cat_schedule,missed_buksu_cat_schedule,ask_schedule,what is nawala nako sa akong exam date,admissions_info,Missed BukSU CAT Schedule,,Kung mapalabay nimo ang imong schedule sa BukSU CAT exam kontaka dayon ang Admission and Testing Unit. Mahimong ma reschedule kini depende kung naay bakante nga slot ug balido ang imong rason.
242,PASS,denied_applications,denied_applications,ask_general_info,unsa ang ngano gi-deny akong buksu cat application sa testing site,admissions_info,Denied Applications,,"Ngano nga gideny ang akong aplikasyon gikan sa usa ka testing site? Ang aplikasyon gikan sa ubang testing sites basin gideny tungod kay puno na ang application slots, ug nakaabot na kini sa ilang maximum capacity. Pwe..."
243,WRONG,buksu_cat_calculator_policy,buksu_cat_definition,ask_general_info,tell me about buksu cat calculator policy,admissions_info,BukSU CAT Calculator Policy,,The BukSU CAT is the Bukidnon State University College Admission Test. It is a mandatory exam for all incoming first year college students and second coursers who want to enroll in undergraduate programs.
244,PASS,system_error,system_error,ask_availability,unsa ang dili ko maka proceed naay error,admissions_info,System Error,,"It seems you've encountered a system error. Let's try to resolve it together. Please refresh the page or reopen the link, as this may be caused by temporary high traffic or a minor system glitch. We truly appreciate y..."
245,PASS,reschedule_entrance_exam,reschedule_entrance_exam,ask_schedule,walkin entrance exam allowed,admissions_info,Reschedule Entrance Exam,,"The BukSU Entrance Examination cannot be rescheduled once your exam date has been assigned. If you are unable to attend your scheduled exam, you may need to wait for the next admission cycle. I recommend ensuring your..."
246,WRONG,application_next_step,take_exam,ask_process,application next step,admissions_info,Application Next Step,,How can I take the BukSU College Admission Test? Follow these steps to apply for the BukSU College Admission Test: Step 1: Access http://admissions.buksu.edu.ph. Register using your active Gmail account. Create your p...
247,PASS,main_campus_full,main_campus_full,ask_location,asa dapit ang puno na ang slots sa main campus asa pa ko pwede mo-apply,admissions_info,Main Campus Full,,"Unsaon kung puno na ang admission slots sa Main Campus? Sa karon, puno na ang admission slots sa Main Campus. Pwede nimo hunahunaon nga mag-apply sa usa sa among ubang satellite campuses. Palihog hinumdomi nga ang lok..."
248,PASS,reschedule_entrance_exam,reschedule_entrance_exam,ask_schedule,walk-in entrance exam?,admissions_info,Reschedule Entrance Exam,,"The BukSU Entrance Examination cannot be rescheduled once your exam date has been assigned. If you are unable to attend your scheduled exam, you may need to wait for the next admission cycle. I recommend ensuring your..."
249,PASS,test_permit_issue,test_permit_issue,ask_document,test permit corrupted,admissions_info,Test Permit Issue,,"If your BukSU CAT test permit is corrupted, invalid, missing, or cannot be opened, log in again to your BukSU Admission account and try downloading the test permit again. If the downloaded file still does not work, co..."
250,WRONG,additional_slots,admission_portal_login,ask_general_info,mo open pa ba ang admisson,admissions_info,Additional Slots,,"To log in to the BukSU Admission portal, go to <b>https://admissions.buksu.edu.ph/login</b>. Type the email and password you used for your BukSU Admission account. Click the <b>Sign in</b> button to open your admissio..."
251,WRONG,exam_fees,exam_requirements,ask_fee,how much is kinahanglan ba ko mobayad para sa buksu entrance exam,admissions_info,Exam Fees,,Unsa ang dad-on sa adlaw sa examination Kinahanglan dad-on sa mga test takers ang mosunod: 1. Test Permit (ma-download gikan sa BukSU admission website) 2. Application Form (ma-download gikan sa BukSU admission websit...
252,PASS,no_slots,no_slots,ask_general_info,unsa ang no slots,admissions_info,No Slots,,"Walay Available nga Slots? Ang mga evaluators nag-check pa sa mga aplikasyon. Pabilin naka naka-login, adto sa Step 4, ug i-refresh gikan 8 AM hangtod 5 PM. Bag-ong slots mahimong mogawas kung ang uban gi-deny."
253,PASS,second_courser_requirements,second_courser_requirements,ask_requirement,unsa ang gikinahanglan sa second courser?,admissions_info,Second Courser Requirements,,Ang second courser kinahanglan mag submit og Transcript of Records para sa evaluation 2x2 ID picture ug resibo sa bayad nga 300 pesos para sa admission test ug kasagaran dili na sila sakop sa Free Higher Education law.
254,PASS,denied_applications,denied_applications,ask_general_info,what is ngano gi-deny akong buksu cat application sa testing site,admissions_info,Denied Applications,,"Ngano nga gideny ang akong aplikasyon gikan sa usa ka testing site? Ang aplikasyon gikan sa ubang testing sites basin gideny tungod kay puno na ang application slots, ug nakaabot na kini sa ilang maximum capacity. Pwe..."
255,PASS,reschedule_entrance_exam,reschedule_entrance_exam,ask_schedule,tell me about walk in entrance exam is allowed,admissions_info,Reschedule Entrance Exam,,"The BukSU Entrance Examination cannot be rescheduled once your exam date has been assigned. If you are unable to attend your scheduled exam, you may need to wait for the next admission cycle. I recommend ensuring your..."
256,PASS,reschedule_entrance_exam,reschedule_entrance_exam,ask_schedule,unsa ang walk in entrance exam is allowed,admissions_info,Reschedule Entrance Exam,,"Dili ma-reschedule ang BukSU Entrance Examination kung naa na kay assigned exam date. Kung dili ka makatunga sa imong scheduled exam, mahimo nga kinahanglan ka maghulat sa sunod nga admission cycle. Mas maayo nga sigu..."
257,FALLBACK,second_courser_requirements,(none),ask_location,papeles ipasa if second course?,admissions_info,Second Courser Requirements,,"Sorry, I don't have location information for that place yet. Please try a more specific building or office name, or add the location in the admin panel."
258,PASS,missed_buksu_cat_schedule,missed_buksu_cat_schedule,ask_schedule,what if nakaligtaan akong exam schedule?,admissions_info,Missed BukSU CAT Schedule,,Kung mapalabay nimo ang imong schedule sa BukSU CAT exam kontaka dayon ang Admission and Testing Unit. Mahimong ma reschedule kini depende kung naay bakante nga slot ug balido ang imong rason.
259,PASS,system_error,system_error,ask_general_info,unsa ang system error,admissions_info,System Error,,"It seems you've encountered a system error. Let's try to resolve it together. Please refresh the page or reopen the link, as this may be caused by temporary high traffic or a minor system glitch. We truly appreciate y..."
260,PASS,test_permit_issue,test_permit_issue,ask_document,tell me about test permit cannot open,admissions_info,Test Permit Issue,,"If your BukSU CAT test permit is corrupted, invalid, missing, or cannot be opened, log in again to your BukSU Admission account and try downloading the test permit again. If the downloaded file still does not work, co..."
261,PASS,apply_cat_using_mobile_phone,apply_cat_using_mobile_phone,ask_general_info,cp ra akong gamit pwede ra ba,admissions_info,Apply CAT Using Mobile Phone,,Oo pwede gamiton ang mobile phone para sa admission portal. Apan mas maayo kung mogamit og desktop o laptop para mas sayon ang pag upload sa mga dokumento ug malikayan ang mga technical error.
262,WRONG,freshman_admission_requirements,exam_requirements,ask_requirement,freshman admisson requirments,admissions_info,Freshman Admission Requirements,,What to bring on the examination day Test takers must bring the following items: 1. Test Permit (can be downloaded from the BukSU admission website) 2. Application Form (can be downloaded from the BukSU admission webs...
263,WRONG,additional_slots,admission_portal_login,ask_general_info,what is mo open pa ba ang admission,admissions_info,Additional Slots,,"To log in to the BukSU Admission portal, go to <b>https://admissions.buksu.edu.ph/login</b>. Type the email and password you used for your BukSU Admission account. Click the <b>Sign in</b> button to open your admissio..."
264,WRONG,exam_fees,buksu_academic_colleges,ask_fee,naa bay bayad ang buksu college admission test,admissions_info,Exam Fees,,Ang BukSU gilangkuban sa pipila ka mga kolehiyo lakip ang: - College of Arts and Sciences - College of Education - College of Business - College of Nursing - College of Technologies - College of Public Administration...
265,WRONG,freshman_admission_requirements,exam_requirements,ask_requirement,what are the requirements for freshman admission requirements,admissions_info,Freshman Admission Requirements,,What to bring on the examination day Test takers must bring the following items: 1. Test Permit (can be downloaded from the BukSU admission website) 2. Application Form (can be downloaded from the BukSU admission webs...
266,PASS,reschedule_entrance_exam,reschedule_entrance_exam,ask_schedule,walk-in entrance exam,admissions_info,Reschedule Entrance Exam,,"The BukSU Entrance Examination cannot be rescheduled once your exam date has been assigned. If you are unable to attend your scheduled exam, you may need to wait for the next admission cycle. I recommend ensuring your..."
267,PASS,system_error,system_error,ask_availability,what is dili ko maka proceed naay error,admissions_info,System Error,,"It seems you've encountered a system error. Let's try to resolve it together. Please refresh the page or reopen the link, as this may be caused by temporary high traffic or a minor system glitch. We truly appreciate y..."
268,WRONG,freshman_admission_requirements,exam_requirements,ask_requirement,unsa ang requirements para maka apply sa admission examination?,admissions_info,Freshman Admission Requirements,,Unsa ang dad-on sa adlaw sa examination Kinahanglan dad-on sa mga test takers ang mosunod: 1. Test Permit (ma-download gikan sa BukSU admission website) 2. Application Form (ma-download gikan sa BukSU admission websit...
269,WRONG,transferee_admission_requirements,transferee_enrollment,ask_requirement,modawat ba mo og transferee,admissions_info,Transferee Admission Requirements,,"For transferees, you must first take and pass the BukSU Admission process before you can enroll. After passing admission, proceed to the college or department where you plan to enroll so your academic records can be e..."
270,PASS,exam_requirements,exam_requirements,ask_requirement,unsa requirements sa exam requirements,admissions_info,Exam Requirements,,Unsa ang dad-on sa adlaw sa examination Kinahanglan dad-on sa mga test takers ang mosunod: 1. Test Permit (ma-download gikan sa BukSU admission website) 2. Application Form (ma-download gikan sa BukSU admission websit...
271,WRONG,buksu_cat_calculator_policy,buksu_cat_definition,ask_general_info,buksu cat calculator policy,admissions_info,BukSU CAT Calculator Policy,,The BukSU CAT is the Bukidnon State University College Admission Test. It is a mandatory exam for all incoming first year college students and second coursers who want to enroll in undergraduate programs.
272,PASS,missing_admission_documents,missing_admission_documents,ask_requirement,missing admisson documents,admissions_info,Missing Admission Documents,,"If you still have missing admission documents, log in to your BukSU Admission account and edit your admission application so you can upload the remaining document. Make sure every required document is complete before..."
273,PASS,missing_admission_documents,missing_admission_documents,ask_requirement,what should i bring for missing admission documents,admissions_info,Missing Admission Documents,,"If you still have missing admission documents, log in to your BukSU Admission account and edit your admission application so you can upload the remaining document. Make sure every required document is complete before..."
274,PASS,apply_cat_using_mobile_phone,apply_cat_using_mobile_phone,ask_general_info,tell me about cp ra akong gamit pwede ra ba,admissions_info,Apply CAT Using Mobile Phone,,Oo pwede gamiton ang mobile phone para sa admission portal. Apan mas maayo kung mogamit og desktop o laptop para mas sayon ang pag upload sa mga dokumento ug malikayan ang mga technical error.
275,PASS,missing_admission_documents,missing_admission_documents,ask_location,where do i submit my missing admission documents?,admissions_info,Missing Admission Documents,,"If you still have missing admission documents, log in to your BukSU Admission account and edit your admission application so you can upload the remaining document. Make sure every required document is complete before..."
276,WRONG,transferee_admission_requirements,exam_requirements,ask_requirement,transferee admission requirements,admissions_info,Transferee Admission Requirements,,What to bring on the examination day Test takers must bring the following items: 1. Test Permit (can be downloaded from the BukSU admission website) 2. Application Form (can be downloaded from the BukSU admission webs...
277,WRONG,test_permit_issue,exam_results,ask_document,test permit error,admissions_info,Test Permit Issue,,How and when will I know my examination result? The schedule of releasing examination results will be posted on the BukSU Admission and Testing Facebook page. Examination results will also be posted on your admission...
278,PASS,main_campus_full,main_campus_full,ask_location,where can i find puno na ang slots sa main campus asa pa ko pwede mo-apply,admissions_info,Main Campus Full,,"Unsaon kung puno na ang admission slots sa Main Campus? Sa karon, puno na ang admission slots sa Main Campus. Pwede nimo hunahunaon nga mag-apply sa usa sa among ubang satellite campuses. Palihog hinumdomi nga ang lok..."
279,PASS,denied_applications,denied_applications,ask_general_info,unsa ang denied applications,admissions_info,Denied Applications,,"Ngano nga gideny ang akong aplikasyon gikan sa usa ka testing site? Ang aplikasyon gikan sa ubang testing sites basin gideny tungod kay puno na ang application slots, ug nakaabot na kini sa ilang maximum capacity. Pwe..."
280,WRONG,additional_slots,admission_portal_login,ask_general_info,tell me about mo open pa ba ang admission,admissions_info,Additional Slots,,"To log in to the BukSU Admission portal, go to <b>https://admissions.buksu.edu.ph/login</b>. Type the email and password you used for your BukSU Admission account. Click the <b>Sign in</b> button to open your admissio..."
281,PASS,reschedule_entrance_exam,reschedule_entrance_exam,ask_schedule,walk in entrance exam is allowed,admissions_info,Reschedule Entrance Exam,,"The BukSU Entrance Examination cannot be rescheduled once your exam date has been assigned. If you are unable to attend your scheduled exam, you may need to wait for the next admission cycle. I recommend ensuring your..."
282,PASS,test_permit_issue,test_permit_issue,ask_document,unsa ang test permit cannot open,admissions_info,Test Permit Issue,,"Kung corrupted, invalid, nawala, o dili ma-open ang imong BukSU CAT test permit, login balik sa imong BukSU Admission account ug sulayi pag-download usab ang test permit. Kung dili gihapon mo-work ang na-download nga..."
283,WRONG,cat_exam_result,exam_results,ask_location,asa nako makita ang report rating,admissions_info,CAT Exam Result,,Unsaon ug kanus-a nako makuha ang resulta sa akong examination? Ang schedule sa pag-release sa examination results ipost sa BukSU Admission and Testing Facebook page. Ang resulta sa examination ipost usab sa imong adm...
284,PASS,second_courser_requirements,second_courser_requirements,ask_requirement,second courser requirements?,admissions_info,Second Courser Requirements,,Second coursers must submit a Transcript of Records for evaluation a 2x2 ID picture and a payment receipt of 300 pesos for the admission test and they are generally not covered by the Free Higher Education law.
285,PASS,take_exam,take_exam,ask_process,what is the process for unsaon nako pag-register sa buksu entrance exam online,admissions_info,Take Exam,,Unsaon nako pagkuha sa BukSU College Admission Test? Sunod kining mga lakang aron mag-apply sa BukSU College Admission Test: Step 1: Bisitaha ang http://admissions.buksu.edu.ph. Mag-register gamit ang imong active nga...
286,WRONG,buksu_cat_definition,buksu_academic_colleges,ask_general_info,para unsa ang college admisson test,admissions_info,BukSU CAT Definition,,Ang BukSU gilangkuban sa pipila ka mga kolehiyo lakip ang: - College of Arts and Sciences - College of Education - College of Business - College of Nursing - College of Technologies - College of Public Administration...
287,WRONG,cat_exam_result,exam_results,ask_location,where is unsaon nakabalo kung pasar na kos cat,admissions_info,CAT Exam Result,,Unsaon ug kanus-a nako makuha ang resulta sa akong examination? Ang schedule sa pag-release sa examination results ipost sa BukSU Admission and Testing Facebook page. Ang resulta sa examination ipost usab sa imong adm...
288,PASS,exam_requirements,exam_requirements,ask_requirement,what should i bring for pwede nimo isulti unsa ang mga requirements nga akong dad-on para sa exam,admissions_info,Exam Requirements,,Unsa ang dad-on sa adlaw sa examination Kinahanglan dad-on sa mga test takers ang mosunod: 1. Test Permit (ma-download gikan sa BukSU admission website) 2. Application Form (ma-download gikan sa BukSU admission websit...
289,PASS,second_courser_cat_application,second_courser_cat_application,ask_availability,pwede ba mo apply ang second courser?,admissions_info,Second Courser CAT Application,,Oo ang mga second courser mahimong maka apply sa BukSU CAT. Kinahanglan sila mobayad og 300 pesos nga testing fee ug mag submit sa Transcript of Records. Dili sila kwalipikado sa libre nga tuition sa Free Higher Educa...
290,PASS,no_slots,no_slots,ask_general_info,what is no slots,admissions_info,No Slots,,"No Slots Available? Evaluators are still checking applications. Stay logged in, go to Step 4, and refresh between 8 AM and 5 PM. New slots may appear if others are denied."
291,WRONG,admission_application_deadline,online_application_schedule,ask_schedule,kanus a ang deadline sa admission?,admissions_info,Admission Application Deadline,,"Dili mi makahatag og usa ka pirmi nga eksaktong petsa sa BukSU admission and testing application kay mahimong mausab ang schedule matag academic year. Kasagaran, magsugod ang admission application period around Novemb..."
292,PASS,buksu_cat_definition,buksu_cat_definition,ask_general_info,buksu cat definition,admissions_info,BukSU CAT Definition,,The BukSU CAT is the Bukidnon State University College Admission Test. It is a mandatory exam for all incoming first year college students and second coursers who want to enroll in undergraduate programs.
293,WRONG,freshman_admission_requirements,exam_requirements,ask_requirement,unsaon unsa ang requirements para maka apply sa admission examination,admissions_info,Freshman Admission Requirements,,Unsa ang dad-on sa adlaw sa examination Kinahanglan dad-on sa mga test takers ang mosunod: 1. Test Permit (ma-download gikan sa BukSU admission website) 2. Application Form (ma-download gikan sa BukSU admission websit...
294,FALLBACK,take_exam,(none),ask_process,unsa ang mga steps para maka apply,admissions_info,Take Exam,,"I’m not sure I fully understand, and please consider that there is other data I’m not allowed to share. You can try rephrasing your question, or I may not have an answer to that specific question."
295,WRONG,apply_cat_using_mobile_phone,phone_use_in_class,ask_contact,ok ra ba mag cellphone mag fill up,admissions_info,Apply CAT Using Mobile Phone,,The use of mobile phones during class depends on the classroom rules set by the instructor.
296,PASS_SUGGESTION,exam_requirements,(none),ask_requirement,unsa akong kinahanglan dad para sa exam,admissions_info,Exam Requirements,"Exam Requirements, Second Courser Requirements","Do you mean Exam Requirements or Second Courser Requirements? Suggestions: Exam Requirements, Second Courser Requirements"
297,WRONG,exam_fees,buksu_academic_colleges,ask_fee,naa bay bayad ang buksu college admission test?,admissions_info,Exam Fees,,Ang BukSU gilangkuban sa pipila ka mga kolehiyo lakip ang: - College of Arts and Sciences - College of Education - College of Business - College of Nursing - College of Technologies - College of Public Administration...
298,PASS,status_application,status_application,ask_general_info,tell me about status application,admissions_info,Status Application,,How would I know that my application to take the College Admission Test is accepted? Applicants will be notified of the status of their application in their BukSU Admissions Account. Login to the BukSU Admissions acco...
299,PASS,exam_results,exam_results,ask_process,pass notice how?,admissions_info,Exam Results,,How and when will I know my examination result? The schedule of releasing examination results will be posted on the BukSU Admission and Testing Facebook page. Examination results will also be posted on your admission...
300,PASS,take_exam,take_exam,ask_process,unsaon nako pag-register sa buksu entrance exam online?,admissions_info,Take Exam,,Unsaon nako pagkuha sa BukSU College Admission Test? Sunod kining mga lakang aron mag-apply sa BukSU College Admission Test: Step 1: Bisitaha ang http://admissions.buksu.edu.ph. Mag-register gamit ang imong active nga...
301,PASS,exam_fees,exam_fees,ask_fee,how much is pila ang bayad sa admission test sa buksu,admissions_info,Exam Fees,,"Naay bayad ang College Admission Test? Ang College Admission Tests libre ra sa Bukidnon State University. Apan, ang mga aplikante nga nakakompleto na og bachelor's degree (second course takers) kinahanglan magbayad og..."
302,WRONG,apply_cat_using_mobile_phone,take_exam,ask_contact,how to apply cat using mobile phone,admissions_info,Apply CAT Using Mobile Phone,,How can I take the BukSU College Admission Test? Follow these steps to apply for the BukSU College Admission Test: Step 1: Access http://admissions.buksu.edu.ph. Register using your active Gmail account. Create your p...
303,PASS,no_slots,no_slots,ask_availability,unsa akong buhaton kung walay available slots para sa exam?,admissions_info,No Slots,,"Walay Available nga Slots? Ang mga evaluators nag-check pa sa mga aplikasyon. Pabilin naka naka-login, adto sa Step 4, ug i-refresh gikan 8 AM hangtod 5 PM. Bag-ong slots mahimong mogawas kung ang uban gi-deny."
304,PASS,missing_admission_documents,missing_admission_documents,ask_requirement,unsa requirements sa missing admission documents,admissions_info,Missing Admission Documents,,"Kung naa kay kulang nga admission documents, login sa imong BukSU Admission account ug i-edit ang imong admission application aron ma-upload nimo ang kulang nga document. Siguroa nga kompleto ang tanang required docum..."
305,PASS_SUGGESTION,exam_requirements,(none),ask_requirement,pwede nimo isulti unsa ang mga requirements,admissions_info,Exam Requirements,"Exam Requirements, Graduating Clearance Requirements","Do you mean Exam Requirements or Graduating Clearance Requirements? Suggestions: Exam Requirements, Graduating Clearance Requirements"
306,WRONG,application_next_step,take_exam,ask_process,how to application next step,admissions_info,Application Next Step,,How can I take the BukSU College Admission Test? Follow these steps to apply for the BukSU College Admission Test: Step 1: Access http://admissions.buksu.edu.ph. Register using your active Gmail account. Create your p...
307,PASS,application_next_step,application_next_step,ask_general_info,nahuman na nako ang online application unsa na sunod buhaton,admissions_info,Application Next Step,,"Nakahuman na ko sa online application. Unsa ang sunod nga buhaton? Human nimo mapuno ang application, pilia ang imong preferred nga schedule ug venue. Siguroha nga nahuman nimo ang tibuok application process ug andama..."
308,PASS,additional_slots,additional_slots,ask_general_info,tell me about additional slots,admissions_info,Additional Slots,,Wondering what to do if no slots are available? Keep checking the admissions portal regularly and try submitting your application again. Additional slots may open up if some applications are denied due to incomplete o...
309,WRONG,freshman_admission_requirements,exam_requirements,ask_process,unsa ang requirments para maka apply sa admisson examination,admissions_info,Freshman Admission Requirements,,Unsa ang dad-on sa adlaw sa examination Kinahanglan dad-on sa mga test takers ang mosunod: 1. Test Permit (ma-download gikan sa BukSU admission website) 2. Application Form (ma-download gikan sa BukSU admission websit...
310,WRONG,transferee_admission_requirements,exam_requirements,ask_requirement,transferee admission requirements?,admissions_info,Transferee Admission Requirements,,What to bring on the examination day Test takers must bring the following items: 1. Test Permit (can be downloaded from the BukSU admission website) 2. Application Form (can be downloaded from the BukSU admission webs...
311,FALLBACK,main_campus_full,location,ask_location,puno na ang slots sa buksu main campus asa ko adto?,admissions_info,Main Campus Full,,"Sorry, I don't have location information for that place yet. Please try a more specific building or office name, or add the location in the admin panel."
312,PASS,take_exam,take_exam,ask_process,step by step nga proseso unsaon pag-take sa admission test sa buksu,admissions_info,Take Exam,,Unsaon nako pagkuha sa BukSU College Admission Test? Sunod kining mga lakang aron mag-apply sa BukSU College Admission Test: Step 1: Bisitaha ang http://admissions.buksu.edu.ph. Mag-register gamit ang imong active nga...
313,PASS,online_application_schedule,online_application_schedule,ask_schedule,online application schedule?,admissions_info,Online Application Schedule,,"We cannot provide one fixed exact date for the BukSU admission and testing application because the schedule may change every academic year. Usually, the admission application period starts around November and may cont..."
314,WRONG,test_permit_issue,exam_results,ask_document,what is test permit error,admissions_info,Test Permit Issue,,How and when will I know my examination result? The schedule of releasing examination results will be posted on the BukSU Admission and Testing Facebook page. Examination results will also be posted on your admission...
315,WRONG,buksu_cat_calculator_policy,buksu_cat_definition,ask_general_info,unsa ang buksu cat calculator policy,admissions_info,BukSU CAT Calculator Policy,,Ang BukSU CAT mao ang Bukidnon State University College Admission Test. Kini mandatory nga exam para sa tanang incoming first year students ug second coursers nga gusto mo enroll sa undergraduate programs.
316,PASS,second_courser_requirements,second_courser_requirements,ask_requirement,unsa ang gikinahanglan sa second courser,admissions_info,Second Courser Requirements,,Ang second courser kinahanglan mag submit og Transcript of Records para sa evaluation 2x2 ID picture ug resibo sa bayad nga 300 pesos para sa admission test ug kasagaran dili na sila sakop sa Free Higher Education law.
317,PASS,additional_slots,additional_slots,ask_schedule,kanus a mag add ug slots?,admissions_info,Additional Slots,,Wondering unsa ang buhaton kung walay slots nga available? padayon og check ang admissions portal kanunay and sulayi og submit imong application pag-usab. dugang slots posibleng mo open if some application kay nanga d...
318,WRONG,cat_exam_result,exam_results,ask_location,asa unsaon nakabalo kung pasar na kos cat,admissions_info,CAT Exam Result,,Unsaon ug kanus-a nako makuha ang resulta sa akong examination? Ang schedule sa pag-release sa examination results ipost sa BukSU Admission and Testing Facebook page. Ang resulta sa examination ipost usab sa imong adm...
319,PASS,online_application_schedule,online_application_schedule,ask_schedule,what is admission application testing schedule,admissions_info,Online Application Schedule,,"We cannot provide one fixed exact date for the BukSU admission and testing application because the schedule may change every academic year. Usually, the admission application period starts around November and may cont..."
320,PASS,system_error,system_error,ask_process,why is the site showing system error,admissions_info,System Error,,"It seems you've encountered a system error. Let's try to resolve it together. Please refresh the page or reopen the link, as this may be caused by temporary high traffic or a minor system glitch. We truly appreciate y..."
321,PASS,test_permit_issue,test_permit_issue,ask_document,what is test permit cannot open,admissions_info,Test Permit Issue,,"If your BukSU CAT test permit is corrupted, invalid, missing, or cannot be opened, log in again to your BukSU Admission account and try downloading the test permit again. If the downloaded file still does not work, co..."
322,PASS,buksu_cat_definition,buksu_cat_definition,ask_general_info,what is buksu cat definition,admissions_info,BukSU CAT Definition,,The BukSU CAT is the Bukidnon State University College Admission Test. It is a mandatory exam for all incoming first year college students and second coursers who want to enroll in undergraduate programs.
323,WRONG,missed_buksu_cat_schedule,online_application_schedule,ask_schedule,tell me about missed buksu cat schedule,admissions_info,Missed BukSU CAT Schedule,,"We cannot provide one fixed exact date for the BukSU admission and testing application because the schedule may change every academic year. Usually, the admission application period starts around November and may cont..."
324,WRONG,reschedule_entrance_exam,online_application_schedule,ask_schedule,walk entrance exam allowed,admissions_info,Reschedule Entrance Exam,,"We cannot provide one fixed exact date for the BukSU admission and testing application because the schedule may change every academic year. Usually, the admission application period starts around November and may cont..."
325,SUGGESTION,exam_fees,(none),ask_fee,kinahanglan ba ko mobayad para sa buksu,admissions_info,Exam Fees,"Second Courser Requirements, Exam Requirements","Do you mean Second Courser Requirements or Exam Requirements? Suggestions: Second Courser Requirements, Exam Requirements"
326,WRONG,admission_application_deadline,buksu_bsit_program,ask_schedule,i forgot my when mag close ang portal,admissions_info,Admission Application Deadline,,Yes BukSU offers a Bachelor of Science in Information Technology under the College of Technologies focusing on software development network management and modern computing solutions.
327,PASS,missing_admission_documents,missing_admission_documents,ask_location,where do i submit my missing admission documents,admissions_info,Missing Admission Documents,,"If you still have missing admission documents, log in to your BukSU Admission account and edit your admission application so you can upload the remaining document. Make sure every required document is complete before..."
328,PASS,buksu_cat_definition,buksu_cat_definition,ask_general_info,unsa meaning sa buksu cat,admissions_info,BukSU CAT Definition,,Ang BukSU CAT mao ang Bukidnon State University College Admission Test. Kini mandatory nga exam para sa tanang incoming first year students ug second coursers nga gusto mo enroll sa undergraduate programs.
329,WRONG,reschedule_entrance_exam,online_application_schedule,ask_schedule,reschedule entrance exam?,admissions_info,Reschedule Entrance Exam,,"We cannot provide one fixed exact date for the BukSU admission and testing application because the schedule may change every academic year. Usually, the admission application period starts around November and may cont..."
330,PASS,no_slots,no_slots,ask_availability,what should i do if there are no available slots for the exam?,admissions_info,No Slots,,"No Slots Available? Evaluators are still checking applications. Stay logged in, go to Step 4, and refresh between 8 AM and 5 PM. New slots may appear if others are denied."
331,PASS,second_courser_cat_application,second_courser_cat_application,ask_availability,unsay pwede ba mo apply ang second courser diris buksu,admissions_info,Second Courser CAT Application,,Oo ang mga second courser mahimong maka apply sa BukSU CAT. Kinahanglan sila mobayad og 300 pesos nga testing fee ug mag submit sa Transcript of Records. Dili sila kwalipikado sa libre nga tuition sa Free Higher Educa...
332,WRONG,exam_fees,exam_requirements,ask_fee,how much kinahanglan ba ko mobayad para sa buksu entrance exam,admissions_info,Exam Fees,,Unsa ang dad-on sa adlaw sa examination Kinahanglan dad-on sa mga test takers ang mosunod: 1. Test Permit (ma-download gikan sa BukSU admission website) 2. Application Form (ma-download gikan sa BukSU admission websit...
333,PASS,exam_requirements,exam_requirements,ask_requirement,what should i bring for exam requirements,admissions_info,Exam Requirements,,What to bring on the examination day Test takers must bring the following items: 1. Test Permit (can be downloaded from the BukSU admission website) 2. Application Form (can be downloaded from the BukSU admission webs...
334,WRONG,freshman_admission_requirements,exam_requirements,ask_requirement,freshman admission requirements,admissions_info,Freshman Admission Requirements,,What to bring on the examination day Test takers must bring the following items: 1. Test Permit (can be downloaded from the BukSU admission website) 2. Application Form (can be downloaded from the BukSU admission webs...
335,WRONG,reschedule_entrance_exam,online_application_schedule,ask_schedule,reschedule entrance exam,admissions_info,Reschedule Entrance Exam,,"We cannot provide one fixed exact date for the BukSU admission and testing application because the schedule may change every academic year. Usually, the admission application period starts around November and may cont..."
336,WRONG,cat_exam_result,exam_results,ask_location,nakapasar ba ko unsaon pag tan aw?,admissions_info,CAT Exam Result,,Unsaon ug kanus-a nako makuha ang resulta sa akong examination? Ang schedule sa pag-release sa examination results ipost sa BukSU Admission and Testing Facebook page. Ang resulta sa examination ipost usab sa imong adm...
337,WRONG,cat_exam_result,exam_results,ask_general_info,unsa ang cat exam result,admissions_info,CAT Exam Result,,Unsaon ug kanus-a nako makuha ang resulta sa akong examination? Ang schedule sa pag-release sa examination results ipost sa BukSU Admission and Testing Facebook page. Ang resulta sa examination ipost usab sa imong adm...
338,PASS,application_next_step,application_next_step,ask_general_info,what is nahuman na nako akong online application unsa akong buhaton sunod,admissions_info,Application Next Step,,"Nakahuman na ko sa online application. Unsa ang sunod nga buhaton? Human nimo mapuno ang application, pilia ang imong preferred nga schedule ug venue. Siguroha nga nahuman nimo ang tibuok application process ug andama..."
339,PASS_SUGGESTION,freshman_admission_requirements,(none),ask_requirement,unsa ang dad para mag apply ang,admissions_info,Freshman Admission Requirements,"Freshman Admission Requirements, Second Courser Requirements","Do you mean Freshman Admission Requirements or Second Courser Requirements? Suggestions: Freshman Admission Requirements, Second Courser Requirements"
340,PASS,no_slots,no_slots,ask_availability,unsa akong buhaton kung walay available slots para sa exam,admissions_info,No Slots,,"Walay Available nga Slots? Ang mga evaluators nag-check pa sa mga aplikasyon. Pabilin naka naka-login, adto sa Step 4, ug i-refresh gikan 8 AM hangtod 5 PM. Bag-ong slots mahimong mogawas kung ang uban gi-deny."
341,PASS,application_next_step,application_next_step,ask_general_info,unsa ang human nako submit sa application unsa na sunod buhaton,admissions_info,Application Next Step,,"Nakahuman na ko sa online application. Unsa ang sunod nga buhaton? Human nimo mapuno ang application, pilia ang imong preferred nga schedule ug venue. Siguroha nga nahuman nimo ang tibuok application process ug andama..."
342,PASS,test_permit_issue,test_permit_issue,ask_document,tell me about test permit invalid,admissions_info,Test Permit Issue,,"If your BukSU CAT test permit is corrupted, invalid, missing, or cannot be opened, log in again to your BukSU Admission account and try downloading the test permit again. If the downloaded file still does not work, co..."
343,WRONG,missed_buksu_cat_schedule,online_application_schedule,ask_schedule,missed buksu cat schedule?,admissions_info,Missed BukSU CAT Schedule,,"We cannot provide one fixed exact date for the BukSU admission and testing application because the schedule may change every academic year. Usually, the admission application period starts around November and may cont..."
344,PASS,online_application_schedule,online_application_schedule,ask_schedule,unsa ang admission testing application date,admissions_info,Online Application Schedule,,"Dili mi makahatag og usa ka pirmi nga eksaktong petsa sa BukSU admission and testing application kay mahimong mausab ang schedule matag academic year. Kasagaran, magsugod ang admission application period around Novemb..."
345,PASS,application_next_step,application_next_step,ask_general_info,nahuman na nako ang online application unsa na sunod buhaton?,admissions_info,Application Next Step,,"Nakahuman na ko sa online application. Unsa ang sunod nga buhaton? Human nimo mapuno ang application, pilia ang imong preferred nga schedule ug venue. Siguroha nga nahuman nimo ang tibuok application process ug andama..."
346,WRONG,apply_cat_using_mobile_phone,take_exam,ask_contact,apply cat using mobile phone?,admissions_info,Apply CAT Using Mobile Phone,,How can I take the BukSU College Admission Test? Follow these steps to apply for the BukSU College Admission Test: Step 1: Access http://admissions.buksu.edu.ph. Register using your active Gmail account. Create your p...
347,WRONG,exam_fees,buksu_academic_colleges,ask_fee,how much is naa bay bayad ang buksu college admission test,admissions_info,Exam Fees,,Ang BukSU gilangkuban sa pipila ka mga kolehiyo lakip ang: - College of Arts and Sciences - College of Education - College of Business - College of Nursing - College of Technologies - College of Public Administration...
348,WRONG,apply_cat_using_mobile_phone,phone_use_in_class,ask_contact,tell me about pwede ba mag test gamit cellphone,admissions_info,Apply CAT Using Mobile Phone,,Ang paggamit sa cellphone sulod sa klase depende sa classroom rules nga gi-set sa instructor.
349,FALLBACK,main_campus_full,location,ask_location,where can i find puno na ang slots sa buksu main campus asa ko adto,admissions_info,Main Campus Full,,"Sorry, I don't have location information for that place yet. Please try a more specific building or office name, or add the location in the admin panel."
350,WRONG,application_next_step,take_exam,ask_process,application next step?,admissions_info,Application Next Step,,How can I take the BukSU College Admission Test? Follow these steps to apply for the BukSU College Admission Test: Step 1: Access http://admissions.buksu.edu.ph. Register using your active Gmail account. Create your p...
351,PASS,transferee_admission_requirements,transferee_admission_requirements,ask_requirement,what are the requirements for pwede ra maka balhin diri,admissions_info,Transferee Admission Requirements,,"Oo, modawat ang BukSU og transferees depende sa available nga slots sa imong pilion nga kurso. Kinahanglan una ka mopasar sa BukSU Admission bago ka maka-enroll isip transferee. Human nimo makapasar sa admission, adto..."
352,PASS,reschedule_entrance_exam,reschedule_entrance_exam,ask_schedule,tell me about walkin entrance exam is allowed,admissions_info,Reschedule Entrance Exam,,"The BukSU Entrance Examination cannot be rescheduled once your exam date has been assigned. If you are unable to attend your scheduled exam, you may need to wait for the next admission cycle. I recommend ensuring your..."
353,WRONG,test_permit_issue,exam_results,ask_document,unsa ang test permit error,admissions_info,Test Permit Issue,,Unsaon ug kanus-a nako makuha ang resulta sa akong examination? Ang schedule sa pag-release sa examination results ipost sa BukSU Admission and Testing Facebook page. Ang resulta sa examination ipost usab sa imong adm...
354,WRONG,apply_cat_using_mobile_phone,phone_use_in_class,ask_contact,tell me about ok ra ba mag cellphone mag fill up,admissions_info,Apply CAT Using Mobile Phone,,The use of mobile phones during class depends on the classroom rules set by the instructor.
355,PASS,exam_results,exam_results,ask_process,how do i know if i passed,admissions_info,Exam Results,,How and when will I know my examination result? The schedule of releasing examination results will be posted on the BukSU Admission and Testing Facebook page. Examination results will also be posted on your admission...
356,PASS,freshman_admission_requirements,freshman_admission_requirements,ask_requirement,unsa ang dad on para mag apply ang incoming freshman?,admissions_info,Freshman Admission Requirements,,Ania ang mga kinahanglanon nga imong andamon sa dili pa mag-apply para sa BukSU Admission Testing: 1. Kinahanglan naa kay personal nga Gmail account aron makahimo og account sa BukSU Admissions: https://admissions.buk...
357,PASS,missing_admission_documents,missing_admission_documents,ask_location,where to submit missing admission documents,admissions_info,Missing Admission Documents,,"If you still have missing admission documents, log in to your BukSU Admission account and edit your admission application so you can upload the remaining document. Make sure every required document is complete before..."
358,PASS,test_permit_issue,test_permit_issue,ask_requirement,what are the requirements for test permit corrupted,admissions_info,Test Permit Issue,,"If your BukSU CAT test permit is corrupted, invalid, missing, or cannot be opened, log in again to your BukSU Admission account and try downloading the test permit again. If the downloaded file still does not work, co..."
359,PASS,denied_applications,denied_applications,ask_general_info,what is ngano gi-deny akong admission application sa testing site,admissions_info,Denied Applications,,"Ngano nga gideny ang akong aplikasyon gikan sa usa ka testing site? Ang aplikasyon gikan sa ubang testing sites basin gideny tungod kay puno na ang application slots, ug nakaabot na kini sa ilang maximum capacity. Pwe..."
360,WRONG,exam_fees,buksu_academic_colleges,ask_fee,pila ang naa bay bayad ang buksu college admission test,admissions_info,Exam Fees,,Ang BukSU gilangkuban sa pipila ka mga kolehiyo lakip ang: - College of Arts and Sciences - College of Education - College of Business - College of Nursing - College of Technologies - College of Public Administration...
361,WRONG,cat_exam_result,exam_results,ask_general_info,what is cat exam result,admissions_info,CAT Exam Result,,How and when will I know my examination result? The schedule of releasing examination results will be posted on the BukSU Admission and Testing Facebook page. Examination results will also be posted on your admission...
362,WRONG,status_application,take_exam,ask_process,what is the process for unsaon nako pagkahibalo kung approved akong cat exam application,admissions_info,Status Application,,Unsaon nako pagkuha sa BukSU College Admission Test? Sunod kining mga lakang aron mag-apply sa BukSU College Admission Test: Step 1: Bisitaha ang http://admissions.buksu.edu.ph. Mag-register gamit ang imong active nga...
363,WRONG,buksu_cat_definition,buksu_academic_colleges,ask_general_info,tell me about para unsa ang college admission test,admissions_info,BukSU CAT Definition,,Ang BukSU gilangkuban sa pipila ka mga kolehiyo lakip ang: - College of Arts and Sciences - College of Education - College of Business - College of Nursing - College of Technologies - College of Public Administration...
364,PASS,buksu_cat_calculator_policy,buksu_cat_calculator_policy,ask_general_info,tell me about allowed ba ang scientific calculator,admissions_info,BukSU CAT Calculator Policy,,No the use of any type of calculator basic or scientific is strictly prohibited during the BukSU CAT. Only pencils erasers and your permit are allowed inside the testing room.
365,PASS,system_error,system_error,ask_general_info,what is ngano nag error ang website,admissions_info,System Error,,"It seems you've encountered a system error. Let's try to resolve it together. Please refresh the page or reopen the link, as this may be caused by temporary high traffic or a minor system glitch. We truly appreciate y..."
366,WRONG,cat_exam_result,exam_results,ask_location,asa dapit ang nakapasar ba ko unsaon pag tan aw,admissions_info,CAT Exam Result,,Unsaon ug kanus-a nako makuha ang resulta sa akong examination? Ang schedule sa pag-release sa examination results ipost sa BukSU Admission and Testing Facebook page. Ang resulta sa examination ipost usab sa imong adm...
367,WRONG,missed_buksu_cat_schedule,online_application_schedule,ask_schedule,unsa ang missed buksu cat schedule,admissions_info,Missed BukSU CAT Schedule,,"Dili mi makahatag og usa ka pirmi nga eksaktong petsa sa BukSU admission and testing application kay mahimong mausab ang schedule matag academic year. Kasagaran, magsugod ang admission application period around Novemb..."
368,WRONG,status_application,take_exam,ask_process,unsaon nako pagkahibalo kung na-accept akong application?,admissions_info,Status Application,,Unsaon nako pagkuha sa BukSU College Admission Test? Sunod kining mga lakang aron mag-apply sa BukSU College Admission Test: Step 1: Bisitaha ang http://admissions.buksu.edu.ph. Mag-register gamit ang imong active nga...
369,WRONG,freshman_admission_requirements,exam_requirements,ask_requirement,what should i bring for freshman admission requirements,admissions_info,Freshman Admission Requirements,,What to bring on the examination day Test takers must bring the following items: 1. Test Permit (can be downloaded from the BukSU admission website) 2. Application Form (can be downloaded from the BukSU admission webs...
370,PASS,second_courser_cat_application,second_courser_cat_application,ask_availability,what is second courser cat application,admissions_info,Second Courser CAT Application,,Yes second coursers may apply for the BukSU CAT. They are required to pay a 300 peso testing fee and submit their Transcript of Records. Second coursers are not eligible for the Free Higher Education benefits.
371,PASS,no_slots,no_slots,ask_general_info,tell me about no slots,admissions_info,No Slots,,"No Slots Available? Evaluators are still checking applications. Stay logged in, go to Step 4, and refresh between 8 AM and 5 PM. New slots may appear if others are denied."
372,PASS,missed_buksu_cat_schedule,missed_buksu_cat_schedule,ask_schedule,unsa ang nawala nako sa akong exam date,admissions_info,Missed BukSU CAT Schedule,,Kung mapalabay nimo ang imong schedule sa BukSU CAT exam kontaka dayon ang Admission and Testing Unit. Mahimong ma reschedule kini depende kung naay bakante nga slot ug balido ang imong rason.
373,SUGGESTION,additional_slots,(none),ask_schedule,kanus mag add ug slots,admissions_info,Additional Slots,"Missed BukSU CAT Schedule, Online Application Schedule","Do you mean Missed BukSU CAT Schedule or Online Application Schedule? Suggestions: Missed BukSU CAT Schedule, Online Application Schedule"
374,PASS,second_courser_requirements,second_courser_requirements,ask_requirement,second courser requirements,admissions_info,Second Courser Requirements,,Second coursers must submit a Transcript of Records for evaluation a 2x2 ID picture and a payment receipt of 300 pesos for the admission test and they are generally not covered by the Free Higher Education law.
375,PASS,take_exam,take_exam,ask_process,unsaon nako pag-register sa buksu entrance exam online,admissions_info,Take Exam,,Unsaon nako pagkuha sa BukSU College Admission Test? Sunod kining mga lakang aron mag-apply sa BukSU College Admission Test: Step 1: Bisitaha ang http://admissions.buksu.edu.ph. Mag-register gamit ang imong active nga...
376,WRONG,no_slots,course_slots,ask_availability,tell me about no slots available in the admission portal what do i do,admissions_info,No Slots,,Here are the current course slots available by college: The current course slots under CAS are: Bachelor of Arts in Philosophy: 0 slots Bachelor of Science in Development Communication: 0 slots Bachelor of Arts in Eco...
377,SUGGESTION,additional_slots,(none),ask_availability,unsa ang naa pa bay idugang nga slots,admissions_info,Additional Slots,"Library Available Books, BukSU BSIT Program","Do you mean Library Available Books or BukSU BSIT Program? Suggestions: Library Available Books, BukSU BSIT Program"
378,PASS,missing_admission_documents,missing_admission_documents,ask_requirement,missing admission documents,admissions_info,Missing Admission Documents,,"If you still have missing admission documents, log in to your BukSU Admission account and edit your admission application so you can upload the remaining document. Make sure every required document is complete before..."
379,PASS,reschedule_entrance_exam,reschedule_entrance_exam,ask_schedule,tell me about walk-in entrance exam,admissions_info,Reschedule Entrance Exam,,"The BukSU Entrance Examination cannot be rescheduled once your exam date has been assigned. If you are unable to attend your scheduled exam, you may need to wait for the next admission cycle. I recommend ensuring your..."
380,WRONG,exam_requirements,law_admission_requirements,ask_requirement,unsa ang kinahanglan nako dalhon sa adlaw,admissions_info,Exam Requirements,,Ang mga aplikante sa Juris Doctor kinahanglan adunay bachelor degree Transcript of Records ug kinahanglan makapasar sa Law School Admission Test ug panel interview.
381,FALLBACK,second_courser_requirements,(none),ask_location,where can i find papeles ipasa if second course,admissions_info,Second Courser Requirements,,"Sorry, I don't have location information for that place yet. Please try a more specific building or office name, or add the location in the admin panel."
382,WRONG,status_application,take_exam,ask_process,unsaon nako pagkahibalo kung approved akong cat exam application,admissions_info,Status Application,,Unsaon nako pagkuha sa BukSU College Admission Test? Sunod kining mga lakang aron mag-apply sa BukSU College Admission Test: Step 1: Bisitaha ang http://admissions.buksu.edu.ph. Mag-register gamit ang imong active nga...
383,PASS,admission_application_deadline,admission_application_deadline,ask_schedule,what is the process for kutob kanus a pwede mag apply,admissions_info,Admission Application Deadline,,"Walay eksaktong petsa, apan kasagaran matapos ang admission sa katapusang semana sa Marso. Mahimo nimo bisitahon ang ilang FB page para sa updates: https://www.facebook.com/BukSUATU"
384,WRONG,freshman_admission_requirements,exam_requirements,ask_requirement,unsa requirements sa freshman admission requirements,admissions_info,Freshman Admission Requirements,,Unsa ang dad-on sa adlaw sa examination Kinahanglan dad-on sa mga test takers ang mosunod: 1. Test Permit (ma-download gikan sa BukSU admission website) 2. Application Form (ma-download gikan sa BukSU admission websit...
385,FALLBACK,admission_application_deadline,(none),ask_schedule,when mag close ang poral,admissions_info,Admission Application Deadline,,"I’m not sure I fully understand, and please consider that there is other data I’m not allowed to share. You can try rephrasing your question, or I may not have an answer to that specific question."
386,WRONG,cat_exam_result,exam_results,ask_general_info,cat exam result,admissions_info,CAT Exam Result,,How and when will I know my examination result? The schedule of releasing examination results will be posted on the BukSU Admission and Testing Facebook page. Examination results will also be posted on your admission...
387,SUGGESTION,additional_slots,(none),ask_availability,tell me about naa pa bay idugang nga slots,admissions_info,Additional Slots,"Library Available Books, BukSU BSIT Program","Do you mean Library Available Books or BukSU BSIT Program? Suggestions: Library Available Books, BukSU BSIT Program"
388,PASS,buksu_cat_calculator_policy,buksu_cat_calculator_policy,ask_general_info,allowed ba ang scientific calculator,admissions_info,BukSU CAT Calculator Policy,,No the use of any type of calculator basic or scientific is strictly prohibited during the BukSU CAT. Only pencils erasers and your permit are allowed inside the testing room.
389,PASS,apply_cat_using_mobile_phone,apply_cat_using_mobile_phone,ask_general_info,unsa ang cp ra akong gamit pwede ra ba,admissions_info,Apply CAT Using Mobile Phone,,Oo pwede gamiton ang mobile phone para sa admission portal. Apan mas maayo kung mogamit og desktop o laptop para mas sayon ang pag upload sa mga dokumento ug malikayan ang mga technical error.
390,PASS,admission_application_deadline,admission_application_deadline,ask_schedule,kutob kanus a pwede mag apply,admissions_info,Admission Application Deadline,,"Walay eksaktong petsa, apan kasagaran matapos ang admission sa katapusang semana sa Marso. Mahimo nimo bisitahon ang ilang FB page para sa updates: https://www.facebook.com/BukSUATU"
391,PASS,transferee_admission_requirements,transferee_admission_requirements,ask_requirement,unsa rules sa pag transfer sa buksu,admissions_info,Transferee Admission Requirements,,"Oo, modawat ang BukSU og transferees depende sa available nga slots sa imong pilion nga kurso. Kinahanglan una ka mopasar sa BukSU Admission bago ka maka-enroll isip transferee. Human nimo makapasar sa admission, adto..."
392,PASS,system_error,system_error,ask_general_info,ngano nag error ang website,admissions_info,System Error,,"It seems you've encountered a system error. Let's try to resolve it together. Please refresh the page or reopen the link, as this may be caused by temporary high traffic or a minor system glitch. We truly appreciate y..."
393,PASS,exam_requirements,exam_requirements,ask_requirement,exam requirements,admissions_info,Exam Requirements,,What to bring on the examination day Test takers must bring the following items: 1. Test Permit (can be downloaded from the BukSU admission website) 2. Application Form (can be downloaded from the BukSU admission webs...
394,WRONG,no_slots,course_slots,ask_availability,i forgot my no slots available in the admission portal what do i do,admissions_info,No Slots,,Here are the current course slots available by college: The current course slots under CAS are: Bachelor of Arts in Philosophy: 0 slots Bachelor of Science in Development Communication: 0 slots Bachelor of Arts in Eco...
395,PASS,take_exam,take_exam,ask_general_info,tell me about take exam,admissions_info,Take Exam,,How can I take the BukSU College Admission Test? Follow these steps to apply for the BukSU College Admission Test: Step 1: Access http://admissions.buksu.edu.ph. Register using your active Gmail account. Create your p...
396,WRONG,application_next_step,take_exam,ask_general_info,nahuman na nako akong online application unsa,admissions_info,Application Next Step,,Unsaon nako pagkuha sa BukSU College Admission Test? Sunod kining mga lakang aron mag-apply sa BukSU College Admission Test: Step 1: Bisitaha ang http://admissions.buksu.edu.ph. Mag-register gamit ang imong active nga...
397,PASS,missing_admission_documents,missing_admission_documents,ask_requirement,submit missing admission documents,admissions_info,Missing Admission Documents,,"If you still have missing admission documents, log in to your BukSU Admission account and edit your admission application so you can upload the remaining document. Make sure every required document is complete before..."
398,SUGGESTION,second_courser_cat_application,(none),ask_fee,naa bay bayad if second course?,admissions_info,Second Courser CAT Application,"Library Available Books, Exam Fees","Do you mean Library Available Books or Exam Fees? Suggestions: Library Available Books, Exam Fees"
399,WRONG,apply_cat_using_mobile_phone,take_exam,ask_contact,what is the process for apply cat using mobile phone,admissions_info,Apply CAT Using Mobile Phone,,How can I take the BukSU College Admission Test? Follow these steps to apply for the BukSU College Admission Test: Step 1: Access http://admissions.buksu.edu.ph. Register using your active Gmail account. Create your p...
400,PASS,system_error,system_error,ask_general_info,system error?,admissions_info,System Error,,"It seems you've encountered a system error. Let's try to resolve it together. Please refresh the page or reopen the link, as this may be caused by temporary high traffic or a minor system glitch. We truly appreciate y..."
401,WRONG,exam_fees,buksu_academic_colleges,ask_fee,how much naa bay bayad ang buksu college admission test,admissions_info,Exam Fees,,Ang BukSU gilangkuban sa pipila ka mga kolehiyo lakip ang: - College of Arts and Sciences - College of Education - College of Business - College of Nursing - College of Technologies - College of Public Administration...
402,WRONG,transferee_admission_requirements,transferee_enrollment,ask_requirement,modawat ba mo og transferee?,admissions_info,Transferee Admission Requirements,,"For transferees, you must first take and pass the BukSU Admission process before you can enroll. After passing admission, proceed to the college or department where you plan to enroll so your academic records can be e..."
403,PASS,online_application_schedule,online_application_schedule,ask_schedule,online application schedule,admissions_info,Online Application Schedule,,"We cannot provide one fixed exact date for the BukSU admission and testing application because the schedule may change every academic year. Usually, the admission application period starts around November and may cont..."
404,WRONG,transferee_admission_requirements,exam_requirements,ask_requirement,unsa requirements sa transferee admission requirements,admissions_info,Transferee Admission Requirements,,Unsa ang dad-on sa adlaw sa examination Kinahanglan dad-on sa mga test takers ang mosunod: 1. Test Permit (ma-download gikan sa BukSU admission website) 2. Application Form (ma-download gikan sa BukSU admission websit...
405,PASS,second_courser_cat_application,second_courser_cat_application,ask_availability,what is the process for pwede ba mo apply ang second courser,admissions_info,Second Courser CAT Application,,Oo ang mga second courser mahimong maka apply sa BukSU CAT. Kinahanglan sila mobayad og 300 pesos nga testing fee ug mag submit sa Transcript of Records. Dili sila kwalipikado sa libre nga tuition sa Free Higher Educa...
406,PASS,denied_applications,denied_applications,ask_general_info,ngano gi-deny akong admission application sa testing site?,admissions_info,Denied Applications,,"Ngano nga gideny ang akong aplikasyon gikan sa usa ka testing site? Ang aplikasyon gikan sa ubang testing sites basin gideny tungod kay puno na ang application slots, ug nakaabot na kini sa ilang maximum capacity. Pwe..."
407,PASS,missed_buksu_cat_schedule,missed_buksu_cat_schedule,ask_schedule,na miss nako ang exam date?,admissions_info,Missed BukSU CAT Schedule,,Kung mapalabay nimo ang imong schedule sa BukSU CAT exam kontaka dayon ang Admission and Testing Unit. Mahimong ma reschedule kini depende kung naay bakante nga slot ug balido ang imong rason.
408,WRONG,status_application,take_exam,ask_process,how to unsaon nako pagkahibalo kung na-accept akong application,admissions_info,Status Application,,Unsaon nako pagkuha sa BukSU College Admission Test? Sunod kining mga lakang aron mag-apply sa BukSU College Admission Test: Step 1: Bisitaha ang http://admissions.buksu.edu.ph. Mag-register gamit ang imong active nga...
409,PASS_SUGGESTION,main_campus_full,(none),ask_general_info,unsa kung puno na ang slots sa,admissions_info,Main Campus Full,"No Slots, Main Campus Full","Do you mean No Slots or Main Campus Full? Suggestions: No Slots, Main Campus Full"
410,PASS,buksu_cat_calculator_policy,buksu_cat_calculator_policy,ask_general_info,allowed ba ang scientific calculator?,admissions_info,BukSU CAT Calculator Policy,,No the use of any type of calculator basic or scientific is strictly prohibited during the BukSU CAT. Only pencils erasers and your permit are allowed inside the testing room.
411,PASS,missing_admission_documents,missing_admission_documents,ask_location,where to submit missing admission documents?,admissions_info,Missing Admission Documents,,"If you still have missing admission documents, log in to your BukSU Admission account and edit your admission application so you can upload the remaining document. Make sure every required document is complete before..."
412,PASS,online_application_schedule,online_application_schedule,ask_schedule,when is the admission application testing schedule?,admissions_info,Online Application Schedule,,"We cannot provide one fixed exact date for the BukSU admission and testing application because the schedule may change every academic year. Usually, the admission application period starts around November and may cont..."
413,WRONG,apply_cat_using_mobile_phone,phone_use_in_class,ask_contact,ok ra ba mag cellphone mag fill,admissions_info,Apply CAT Using Mobile Phone,,The use of mobile phones during class depends on the classroom rules set by the instructor.
414,PASS,admission_application_deadline,admission_application_deadline,ask_schedule,kutob kanus a pwede mag apply?,admissions_info,Admission Application Deadline,,"Walay eksaktong petsa, apan kasagaran matapos ang admission sa katapusang semana sa Marso. Mahimo nimo bisitahon ang ilang FB page para sa updates: https://www.facebook.com/BukSUATU"
415,PASS,exam_requirements,exam_requirements,ask_requirement,what are the requirements for exam requirements,admissions_info,Exam Requirements,,What to bring on the examination day Test takers must bring the following items: 1. Test Permit (can be downloaded from the BukSU admission website) 2. Application Form (can be downloaded from the BukSU admission webs...
416,PASS,reschedule_entrance_exam,reschedule_entrance_exam,ask_schedule,walkin entrance exam is allowed?,admissions_info,Reschedule Entrance Exam,,"The BukSU Entrance Examination cannot be rescheduled once your exam date has been assigned. If you are unable to attend your scheduled exam, you may need to wait for the next admission cycle. I recommend ensuring your..."
417,PASS,system_error,system_error,ask_availability,tell me about dili ko maka proceed naay error,admissions_info,System Error,,"It seems you've encountered a system error. Let's try to resolve it together. Please refresh the page or reopen the link, as this may be caused by temporary high traffic or a minor system glitch. We truly appreciate y..."
418,PASS,additional_slots,additional_slots,ask_schedule,kanus a mag add ug slots,admissions_info,Additional Slots,,Wondering unsa ang buhaton kung walay slots nga available? padayon og check ang admissions portal kanunay and sulayi og submit imong application pag-usab. dugang slots posibleng mo open if some application kay nanga d...
419,PASS_SUGGESTION,freshman_admission_requirements,(none),ask_requirement,unsa ang requirements para maka apply sa,admissions_info,Freshman Admission Requirements,"Second Courser Requirements, Freshman Admission Requirements","Do you mean Second Courser Requirements or Freshman Admission Requirements? Suggestions: Second Courser Requirements, Freshman Admission Requirements"
420,WRONG,apply_cat_using_mobile_phone,take_exam,ask_contact,apply cat using mobile phone,admissions_info,Apply CAT Using Mobile Phone,,How can I take the BukSU College Admission Test? Follow these steps to apply for the BukSU College Admission Test: Step 1: Access http://admissions.buksu.edu.ph. Register using your active Gmail account. Create your p...
421,PASS,reschedule_entrance_exam,reschedule_entrance_exam,ask_schedule,unsa ang walkin entrance exam is allowed,admissions_info,Reschedule Entrance Exam,,"Dili ma-reschedule ang BukSU Entrance Examination kung naa na kay assigned exam date. Kung dili ka makatunga sa imong scheduled exam, mahimo nga kinahanglan ka maghulat sa sunod nga admission cycle. Mas maayo nga sigu..."
422,PASS_SUGGESTION,missed_buksu_cat_schedule,(none),ask_schedule,if nakaligtaan akong exam schedule,admissions_info,Missed BukSU CAT Schedule,"Missed BukSU CAT Schedule, Reschedule Entrance Exam","Do you mean Missed BukSU CAT Schedule or Reschedule Entrance Exam? Suggestions: Missed BukSU CAT Schedule, Reschedule Entrance Exam"
423,WRONG,cat_exam_result,exam_results,ask_location,unsaon nakabalo kung pasar na kos cat?,admissions_info,CAT Exam Result,,Unsaon ug kanus-a nako makuha ang resulta sa akong examination? Ang schedule sa pag-release sa examination results ipost sa BukSU Admission and Testing Facebook page. Ang resulta sa examination ipost usab sa imong adm...
424,SUGGESTION,status_application,(none),ask_process,unsaon nako pagkahibalo kung na accept akong,admissions_info,Status Application,"Submit Assignments Online, FDA Solution","Do you mean Submit Assignments Online or FDA Solution? Suggestions: Submit Assignments Online, FDA Solution"
425,PASS,transferee_admission_requirements,transferee_admission_requirements,ask_requirement,what should i bring for pwede ra maka balhin diri,admissions_info,Transferee Admission Requirements,,"Oo, modawat ang BukSU og transferees depende sa available nga slots sa imong pilion nga kurso. Kinahanglan una ka mopasar sa BukSU Admission bago ka maka-enroll isip transferee. Human nimo makapasar sa admission, adto..."
426,WRONG,status_application,take_exam,ask_process,unsaon nako pagkahibalo kung approved akong cat,admissions_info,Status Application,,Unsaon nako pagkuha sa BukSU College Admission Test? Sunod kining mga lakang aron mag-apply sa BukSU College Admission Test: Step 1: Bisitaha ang http://admissions.buksu.edu.ph. Mag-register gamit ang imong active nga...
427,WRONG,buksu_cat_calculator_policy,buksu_cat_definition,ask_general_info,buksu cat calculator policy?,admissions_info,BukSU CAT Calculator Policy,,The BukSU CAT is the Bukidnon State University College Admission Test. It is a mandatory exam for all incoming first year college students and second coursers who want to enroll in undergraduate programs.
428,PASS,system_error,system_error,ask_availability,dili ko maka proceed naay error?,admissions_info,System Error,,"It seems you've encountered a system error. Let's try to resolve it together. Please refresh the page or reopen the link, as this may be caused by temporary high traffic or a minor system glitch. We truly appreciate y..."
429,PASS,application_next_step,application_next_step,ask_general_info,what is human nako submit sa application unsa na sunod buhaton,admissions_info,Application Next Step,,"Nakahuman na ko sa online application. Unsa ang sunod nga buhaton? Human nimo mapuno ang application, pilia ang imong preferred nga schedule ug venue. Siguroha nga nahuman nimo ang tibuok application process ug andama..."
430,PASS,online_application_schedule,online_application_schedule,ask_schedule,admission application testing schedule?,admissions_info,Online Application Schedule,,"We cannot provide one fixed exact date for the BukSU admission and testing application because the schedule may change every academic year. Usually, the admission application period starts around November and may cont..."
431,PASS,additional_slots,additional_slots,ask_general_info,additional slots?,admissions_info,Additional Slots,,Wondering what to do if no slots are available? Keep checking the admissions portal regularly and try submitting your application again. Additional slots may open up if some applications are denied due to incomplete o...
432,PASS,missing_admission_documents,missing_admission_documents,ask_requirement,submit missing admission documents,admissions_info,Missing Admission Documents,,"If you still have missing admission documents, log in to your BukSU Admission account and edit your admission application so you can upload the remaining document. Make sure every required document is complete before..."
433,PASS,exam_results,exam_results,ask_process,pass notice how,admissions_info,Exam Results,,How and when will I know my examination result? The schedule of releasing examination results will be posted on the BukSU Admission and Testing Facebook page. Examination results will also be posted on your admission...
434,PASS,denied_applications,denied_applications,ask_general_info,gi-deny akong application unsa ang rason,admissions_info,Denied Applications,,"Ngano nga gideny ang akong aplikasyon gikan sa usa ka testing site? Ang aplikasyon gikan sa ubang testing sites basin gideny tungod kay puno na ang application slots, ug nakaabot na kini sa ilang maximum capacity. Pwe..."
435,PASS,second_courser_requirements,second_courser_requirements,ask_requirement,unsay unsa ang gikinahanglan sa second courser diris buksu,admissions_info,Second Courser Requirements,,Ang second courser kinahanglan mag submit og Transcript of Records para sa evaluation 2x2 ID picture ug resibo sa bayad nga 300 pesos para sa admission test ug kasagaran dili na sila sakop sa Free Higher Education law.
436,PASS,admission_application_deadline,admission_application_deadline,ask_schedule,admisson application deadline,admissions_info,Admission Application Deadline,,"There is no exact deadline, but BukSU admission applications usually end during the last week of March. You can visit their official Facebook page for updates: https://www.facebook.com/BukSUATU"
437,SUGGESTION,take_exam,(none),ask_process,step by step nga proseso unsaon pag,admissions_info,Take Exam,"Student ID Process, Enrollment General Process","Do you mean Student ID Process or Enrollment General Process? Suggestions: Student ID Process, Enrollment General Process"
438,WRONG,additional_slots,admission_portal_login,ask_general_info,unsa ang mo open pa ba ang admission,admissions_info,Additional Slots,,"Para mag-login sa BukSU Admission portal, adto sa <b>https://admissions.buksu.edu.ph/login</b>. I-type ang email ug password nga imong gigamit sa imong BukSU Admission account. I-click ang <b>Sign in</b> button aron m..."
439,PASS,online_application_schedule,online_application_schedule,ask_schedule,tell me about admission testing application date,admissions_info,Online Application Schedule,,"We cannot provide one fixed exact date for the BukSU admission and testing application because the schedule may change every academic year. Usually, the admission application period starts around November and may cont..."
440,PASS,exam_requirements,exam_requirements,ask_requirement,pwede nimo isulti unsa ang mga requirements nga akong dad-on para sa exam?,admissions_info,Exam Requirements,,Unsa ang dad-on sa adlaw sa examination Kinahanglan dad-on sa mga test takers ang mosunod: 1. Test Permit (ma-download gikan sa BukSU admission website) 2. Application Form (ma-download gikan sa BukSU admission websit...
441,WRONG,cat_exam_result,exam_results,ask_location,asa nako makita ang report of rating,admissions_info,CAT Exam Result,,Unsaon ug kanus-a nako makuha ang resulta sa akong examination? Ang schedule sa pag-release sa examination results ipost sa BukSU Admission and Testing Facebook page. Ang resulta sa examination ipost usab sa imong adm...
442,PASS,exam_fees,exam_fees,ask_fee,how much pila ang bayad sa admission test sa buksu,admissions_info,Exam Fees,,"Naay bayad ang College Admission Test? Ang College Admission Tests libre ra sa Bukidnon State University. Apan, ang mga aplikante nga nakakompleto na og bachelor's degree (second course takers) kinahanglan magbayad og..."
443,PASS,denied_applications,denied_applications,ask_general_info,ngano gi deny akong buksu cat application,admissions_info,Denied Applications,,"Ngano nga gideny ang akong aplikasyon gikan sa usa ka testing site? Ang aplikasyon gikan sa ubang testing sites basin gideny tungod kay puno na ang application slots, ug nakaabot na kini sa ilang maximum capacity. Pwe..."
444,WRONG,transferee_admission_requirements,exam_requirements,ask_requirement,what should i bring for transferee admission requirements,admissions_info,Transferee Admission Requirements,,What to bring on the examination day Test takers must bring the following items: 1. Test Permit (can be downloaded from the BukSU admission website) 2. Application Form (can be downloaded from the BukSU admission webs...
445,PASS,admission_application_deadline,admission_application_deadline,ask_schedule,unsaon kutob kanus a pwede mag apply,admissions_info,Admission Application Deadline,,"Walay eksaktong petsa, apan kasagaran matapos ang admission sa katapusang semana sa Marso. Mahimo nimo bisitahon ang ilang FB page para sa updates: https://www.facebook.com/BukSUATU"
446,PASS,exam_requirements,exam_requirements,ask_requirement,unsa requirements sa pwede nimo isulti unsa ang mga requirements nga akong dad-on para sa exam,admissions_info,Exam Requirements,,Unsa ang dad-on sa adlaw sa examination Kinahanglan dad-on sa mga test takers ang mosunod: 1. Test Permit (ma-download gikan sa BukSU admission website) 2. Application Form (ma-download gikan sa BukSU admission websit...
447,WRONG,exam_fees,exam_requirements,ask_fee,pila ang kinahanglan ba ko mobayad para sa buksu entrance exam,admissions_info,Exam Fees,,Unsa ang dad-on sa adlaw sa examination Kinahanglan dad-on sa mga test takers ang mosunod: 1. Test Permit (ma-download gikan sa BukSU admission website) 2. Application Form (ma-download gikan sa BukSU admission websit...
448,PASS,additional_slots,additional_slots,ask_general_info,what is additional slots,admissions_info,Additional Slots,,Wondering what to do if no slots are available? Keep checking the admissions portal regularly and try submitting your application again. Additional slots may open up if some applications are denied due to incomplete o...
449,WRONG,apply_cat_using_mobile_phone,phone_use_in_class,ask_contact,ok ra ba mag cellphone mag fill up?,admissions_info,Apply CAT Using Mobile Phone,,The use of mobile phones during class depends on the classroom rules set by the instructor.
450,PASS,admission_application_deadline,admission_application_deadline,ask_schedule,tell me about admission application deadline,admissions_info,Admission Application Deadline,,"There is no exact deadline, but BukSU admission applications usually end during the last week of March. You can visit their official Facebook page for updates: https://www.facebook.com/BukSUATU"
451,PASS,missed_buksu_cat_schedule,missed_buksu_cat_schedule,ask_schedule,tell me about nawala nako sa akong exam date,admissions_info,Missed BukSU CAT Schedule,,Kung mapalabay nimo ang imong schedule sa BukSU CAT exam kontaka dayon ang Admission and Testing Unit. Mahimong ma reschedule kini depende kung naay bakante nga slot ug balido ang imong rason.
452,WRONG,admission_application_deadline,online_application_schedule,ask_schedule,kanus a ang deadline sa admisson,admissions_info,Admission Application Deadline,,"Dili mi makahatag og usa ka pirmi nga eksaktong petsa sa BukSU admission and testing application kay mahimong mausab ang schedule matag academic year. Kasagaran, magsugod ang admission application period around Novemb..."
453,PASS,test_permit_issue,test_permit_issue,ask_requirement,what should i bring for test permit corrupted,admissions_info,Test Permit Issue,,"If your BukSU CAT test permit is corrupted, invalid, missing, or cannot be opened, log in again to your BukSU Admission account and try downloading the test permit again. If the downloaded file still does not work, co..."
454,PASS,online_application_schedule,online_application_schedule,ask_schedule,admisson application testing schedule,admissions_info,Online Application Schedule,,"We cannot provide one fixed exact date for the BukSU admission and testing application because the schedule may change every academic year. Usually, the admission application period starts around November and may cont..."
455,PASS,test_permit_issue,test_permit_issue,ask_document,test permit cannot open?,admissions_info,Test Permit Issue,,"If your BukSU CAT test permit is corrupted, invalid, missing, or cannot be opened, log in again to your BukSU Admission account and try downloading the test permit again. If the downloaded file still does not work, co..."
456,FALLBACK,second_courser_requirements,(none),ask_location,asa dapit ang papeles ipasa if second course,admissions_info,Second Courser Requirements,,"Sorry, I don't have location information for that place yet. Please try a more specific building or office name, or add the location in the admin panel."
457,PASS,missed_buksu_cat_schedule,missed_buksu_cat_schedule,ask_schedule,what is na miss nako ang exam date,admissions_info,Missed BukSU CAT Schedule,,Kung mapalabay nimo ang imong schedule sa BukSU CAT exam kontaka dayon ang Admission and Testing Unit. Mahimong ma reschedule kini depende kung naay bakante nga slot ug balido ang imong rason.
458,PASS,test_permit_issue,test_permit_issue,ask_document,test permit invalid?,admissions_info,Test Permit Issue,,"If your BukSU CAT test permit is corrupted, invalid, missing, or cannot be opened, log in again to your BukSU Admission account and try downloading the test permit again. If the downloaded file still does not work, co..."
459,PASS,freshman_admission_requirements,freshman_admission_requirements,ask_requirement,unsa kailangan para maghimo ug account?,admissions_info,Freshman Admission Requirements,,Ania ang mga kinahanglanon nga imong andamon sa dili pa mag-apply para sa BukSU Admission Testing: 1. Kinahanglan naa kay personal nga Gmail account aron makahimo og account sa BukSU Admissions: https://admissions.buk...
460,PASS,admission_application_deadline,admission_application_deadline,ask_schedule,what is admission application deadline,admissions_info,Admission Application Deadline,,"There is no exact deadline, but BukSU admission applications usually end during the last week of March. You can visit their official Facebook page for updates: https://www.facebook.com/BukSUATU"
461,PASS,take_exam,take_exam,ask_process,unsa ang mga steps para maka-apply sa buksu cat?,admissions_info,Take Exam,,Unsaon nako pagkuha sa BukSU College Admission Test? Sunod kining mga lakang aron mag-apply sa BukSU College Admission Test: Step 1: Bisitaha ang http://admissions.buksu.edu.ph. Mag-register gamit ang imong active nga...
462,PASS,exam_results,exam_results,ask_general_info,know if passed,admissions_info,Exam Results,,How and when will I know my examination result? The schedule of releasing examination results will be posted on the BukSU Admission and Testing Facebook page. Examination results will also be posted on your admission...
463,PASS,take_exam,take_exam,ask_process,unsaon unsa ang mga steps para maka-apply sa buksu cat,admissions_info,Take Exam,,Unsaon nako pagkuha sa BukSU College Admission Test? Sunod kining mga lakang aron mag-apply sa BukSU College Admission Test: Step 1: Bisitaha ang http://admissions.buksu.edu.ph. Mag-register gamit ang imong active nga...
464,WRONG,application_next_step,take_exam,ask_process,unsaon application next step,admissions_info,Application Next Step,,Unsaon nako pagkuha sa BukSU College Admission Test? Sunod kining mga lakang aron mag-apply sa BukSU College Admission Test: Step 1: Bisitaha ang http://admissions.buksu.edu.ph. Mag-register gamit ang imong active nga...
465,WRONG,admission_application_deadline,buksu_bsit_program,ask_schedule,when mag close ang portal,admissions_info,Admission Application Deadline,,Yes BukSU offers a Bachelor of Science in Information Technology under the College of Technologies focusing on software development network management and modern computing solutions.
466,PASS,admission_application_deadline,admission_application_deadline,ask_schedule,how to kutob kanus a pwede mag apply,admissions_info,Admission Application Deadline,,"Walay eksaktong petsa, apan kasagaran matapos ang admission sa katapusang semana sa Marso. Mahimo nimo bisitahon ang ilang FB page para sa updates: https://www.facebook.com/BukSUATU"
467,PASS,take_exam,take_exam,ask_process,unsaon step by step nga proseso unsaon pag-take sa admission test sa buksu,admissions_info,Take Exam,,Unsaon nako pagkuha sa BukSU College Admission Test? Sunod kining mga lakang aron mag-apply sa BukSU College Admission Test: Step 1: Bisitaha ang http://admissions.buksu.edu.ph. Mag-register gamit ang imong active nga...
468,PASS,second_courser_cat_application,second_courser_cat_application,ask_availability,unsa ang second courser cat application,admissions_info,Second Courser CAT Application,,Oo ang mga second courser mahimong maka apply sa BukSU CAT. Kinahanglan sila mobayad og 300 pesos nga testing fee ug mag submit sa Transcript of Records. Dili sila kwalipikado sa libre nga tuition sa Free Higher Educa...
469,PASS,denied_applications,denied_applications,ask_general_info,gi deny akong application unsa ang rason,admissions_info,Denied Applications,,"Ngano nga gideny ang akong aplikasyon gikan sa usa ka testing site? Ang aplikasyon gikan sa ubang testing sites basin gideny tungod kay puno na ang application slots, ug nakaabot na kini sa ilang maximum capacity. Pwe..."
470,PASS,denied_applications,denied_applications,ask_general_info,ngano gi-deny akong buksu cat application sa testing site,admissions_info,Denied Applications,,"Ngano nga gideny ang akong aplikasyon gikan sa usa ka testing site? Ang aplikasyon gikan sa ubang testing sites basin gideny tungod kay puno na ang application slots, ug nakaabot na kini sa ilang maximum capacity. Pwe..."
471,PASS,exam_results,exam_results,ask_process,how to know if passed admission,admissions_info,Exam Results,,How and when will I know my examination result? The schedule of releasing examination results will be posted on the BukSU Admission and Testing Facebook page. Examination results will also be posted on your admission...
472,WRONG,test_permit_issue,exam_results,ask_document,test permit error?,admissions_info,Test Permit Issue,,How and when will I know my examination result? The schedule of releasing examination results will be posted on the BukSU Admission and Testing Facebook page. Examination results will also be posted on your admission...
473,WRONG,admission_application_deadline,online_application_schedule,ask_schedule,kanus a ang deadline sa admission,admissions_info,Admission Application Deadline,,"Dili mi makahatag og usa ka pirmi nga eksaktong petsa sa BukSU admission and testing application kay mahimong mausab ang schedule matag academic year. Kasagaran, magsugod ang admission application period around Novemb..."
474,PASS,apply_cat_using_mobile_phone,apply_cat_using_mobile_phone,ask_general_info,cp ra akong gamit pwede ra ba?,admissions_info,Apply CAT Using Mobile Phone,,Oo pwede gamiton ang mobile phone para sa admission portal. Apan mas maayo kung mogamit og desktop o laptop para mas sayon ang pag upload sa mga dokumento ug malikayan ang mga technical error.
475,PASS,take_exam,take_exam,ask_process,what is the process for step by step nga proseso unsaon pag-take sa admission test sa buksu,admissions_info,Take Exam,,Unsaon nako pagkuha sa BukSU College Admission Test? Sunod kining mga lakang aron mag-apply sa BukSU College Admission Test: Step 1: Bisitaha ang http://admissions.buksu.edu.ph. Mag-register gamit ang imong active nga...
476,PASS,application_next_step,application_next_step,ask_general_info,human nako submit sa application unsa na sunod buhaton?,admissions_info,Application Next Step,,"Nakahuman na ko sa online application. Unsa ang sunod nga buhaton? Human nimo mapuno ang application, pilia ang imong preferred nga schedule ug venue. Siguroha nga nahuman nimo ang tibuok application process ug andama..."
477,PASS,online_application_schedule,online_application_schedule,ask_schedule,admisson testing application date,admissions_info,Online Application Schedule,,"We cannot provide one fixed exact date for the BukSU admission and testing application because the schedule may change every academic year. Usually, the admission application period starts around November and may cont..."
478,WRONG,exam_requirements,law_admission_requirements,ask_requirement,unsa ang kinahanglan nako dalhon sa adlaw sa exam?,admissions_info,Exam Requirements,,Ang mga aplikante sa Juris Doctor kinahanglan adunay bachelor degree Transcript of Records ug kinahanglan makapasar sa Law School Admission Test ug panel interview.
479,PASS,reschedule_entrance_exam,reschedule_entrance_exam,ask_schedule,walkin entrance exam is allowed,admissions_info,Reschedule Entrance Exam,,"The BukSU Entrance Examination cannot be rescheduled once your exam date has been assigned. If you are unable to attend your scheduled exam, you may need to wait for the next admission cycle. I recommend ensuring your..."
480,PASS,take_exam,take_exam,ask_process,how to unsaon nako pag-register sa buksu entrance exam online,admissions_info,Take Exam,,Unsaon nako pagkuha sa BukSU College Admission Test? Sunod kining mga lakang aron mag-apply sa BukSU College Admission Test: Step 1: Bisitaha ang http://admissions.buksu.edu.ph. Mag-register gamit ang imong active nga...
481,PASS,application_next_step,application_next_step,ask_general_info,unsa ang nahuman na nako akong online application unsa akong buhaton sunod,admissions_info,Application Next Step,,"Nakahuman na ko sa online application. Unsa ang sunod nga buhaton? Human nimo mapuno ang application, pilia ang imong preferred nga schedule ug venue. Siguroha nga nahuman nimo ang tibuok application process ug andama..."
482,PASS,status_application,status_application,ask_general_info,status application,admissions_info,Status Application,,How would I know that my application to take the College Admission Test is accepted? Applicants will be notified of the status of their application in their BukSU Admissions Account. Login to the BukSU Admissions acco...
483,PASS_SUGGESTION,exam_requirements,(none),ask_requirement,exam requirments,admissions_info,Exam Requirements,"Exam Requirements, Second Courser Requirements","Do you mean Exam Requirements or Second Courser Requirements? Suggestions: Exam Requirements, Second Courser Requirements"
484,PASS,take_exam,take_exam,ask_general_info,what is take exam,admissions_info,Take Exam,,How can I take the BukSU College Admission Test? Follow these steps to apply for the BukSU College Admission Test: Step 1: Access http://admissions.buksu.edu.ph. Register using your active Gmail account. Create your p...
485,PASS,exam_results,exam_results,ask_process,unsaon pass notice how,admissions_info,Exam Results,,Unsaon ug kanus-a nako makuha ang resulta sa akong examination? Ang schedule sa pag-release sa examination results ipost sa BukSU Admission and Testing Facebook page. Ang resulta sa examination ipost usab sa imong adm...
486,WRONG,missing_admission_documents,inc_grade_solution,ask_requirement,what should i bring for incomplete admission documents,admissions_info,Missing Admission Documents,,An INC (Incomplete) grade means you still have <b>missing requirements</b> for the subject. You can complete it by submitting the required activities or outputs requested by your instructor. You must also submit an IN...
487,PASS,transferee_admission_requirements,transferee_admission_requirements,ask_requirement,unsa requirements sa pwede ra maka balhin diri,admissions_info,Transferee Admission Requirements,,"Oo, modawat ang BukSU og transferees depende sa available nga slots sa imong pilion nga kurso. Kinahanglan una ka mopasar sa BukSU Admission bago ka maka-enroll isip transferee. Human nimo makapasar sa admission, adto..."
488,PASS,take_exam,take_exam,ask_process,how to step by step nga proseso unsaon pag-take sa admission test sa buksu,admissions_info,Take Exam,,Unsaon nako pagkuha sa BukSU College Admission Test? Sunod kining mga lakang aron mag-apply sa BukSU College Admission Test: Step 1: Bisitaha ang http://admissions.buksu.edu.ph. Mag-register gamit ang imong active nga...
489,PASS_SUGGESTION,admission_application_deadline,(none),ask_schedule,kutob kanus pwede mag apply,admissions_info,Admission Application Deadline,"Admission Application Deadline, Shift To Another Course Next School Year","Do you mean Admission Application Deadline or Shift To Another Course Next School Year? Suggestions: Admission Application Deadline, Shift To Another Course Next School Year"
490,WRONG,cat_exam_result,exam_results,ask_location,where can i find unsaon nakabalo kung pasar na kos cat,admissions_info,CAT Exam Result,,Unsaon ug kanus-a nako makuha ang resulta sa akong examination? Ang schedule sa pag-release sa examination results ipost sa BukSU Admission and Testing Facebook page. Ang resulta sa examination ipost usab sa imong adm...
491,PASS,exam_requirements,exam_requirements,ask_requirement,pwede nimo isulti unsa ang mga requirements nga akong dad-on para sa exam,admissions_info,Exam Requirements,,Unsa ang dad-on sa adlaw sa examination Kinahanglan dad-on sa mga test takers ang mosunod: 1. Test Permit (ma-download gikan sa BukSU admission website) 2. Application Form (ma-download gikan sa BukSU admission websit...
492,PASS,online_application_schedule,online_application_schedule,ask_schedule,tell me about admission application testing schedule,admissions_info,Online Application Schedule,,"We cannot provide one fixed exact date for the BukSU admission and testing application because the schedule may change every academic year. Usually, the admission application period starts around November and may cont..."
493,WRONG,apply_cat_using_mobile_phone,phone_use_in_class,ask_contact,unsa ang ok ra ba mag cellphone mag fill up,admissions_info,Apply CAT Using Mobile Phone,,Ang paggamit sa cellphone sulod sa klase depende sa classroom rules nga gi-set sa instructor.
494,PASS,take_exam,take_exam,ask_process,unsaon unsaon nako pag-register sa buksu entrance exam online,admissions_info,Take Exam,,Unsaon nako pagkuha sa BukSU College Admission Test? Sunod kining mga lakang aron mag-apply sa BukSU College Admission Test: Step 1: Bisitaha ang http://admissions.buksu.edu.ph. Mag-register gamit ang imong active nga...
495,PASS,take_exam,take_exam,ask_process,how to unsa ang mga steps para maka-apply sa buksu cat,admissions_info,Take Exam,,Unsaon nako pagkuha sa BukSU College Admission Test? Sunod kining mga lakang aron mag-apply sa BukSU College Admission Test: Step 1: Bisitaha ang http://admissions.buksu.edu.ph. Mag-register gamit ang imong active nga...
496,PASS,no_slots,no_slots,ask_availability,what should i do if there are no available slots for the exam,admissions_info,No Slots,,"No Slots Available? Evaluators are still checking applications. Stay logged in, go to Step 4, and refresh between 8 AM and 5 PM. New slots may appear if others are denied."
497,WRONG,application_next_step,take_exam,ask_process,what is the process for application next step,admissions_info,Application Next Step,,How can I take the BukSU College Admission Test? Follow these steps to apply for the BukSU College Admission Test: Step 1: Access http://admissions.buksu.edu.ph. Register using your active Gmail account. Create your p...
498,PASS,exam_fees,exam_fees,ask_fee,exam fees,admissions_info,Exam Fees,,"Are there fees for the College Admission Test? College Admission Tests are offered for FREE at Bukidnon State University. However, applicants who have already completed a bachelors degree (second course takers) need t..."
499,PASS,second_courser_cat_application,second_courser_cat_application,ask_availability,second courser cat application?,admissions_info,Second Courser CAT Application,,Yes second coursers may apply for the BukSU CAT. They are required to pay a 300 peso testing fee and submit their Transcript of Records. Second coursers are not eligible for the Free Higher Education benefits.
500,PASS,buksu_cat_calculator_policy,buksu_cat_calculator_policy,ask_general_info,pwede mu gamit ug calculator sa exam?,admissions_info,BukSU CAT Calculator Policy,,Dili ang paggamit og bisan unsang klase sa calculator basic o scientific hugot nga gidili sa panahon sa BukSU CAT. Lapis eraser ug permit lang ang gitugutan sa sulod sa testing room.
