index,status,expected_intent,actual_intent,broad_intent,query,source,display_name,suggestions,response_preview
1,PASS,test_permit_issue,test_permit_issue,ask_document,test permit cannot open?,admissions_info,Test Permit Issue,,"If your BukSU CAT test permit is corrupted, invalid, missing, or cannot be opened, log in again to your BukSU Admission account and try downloading the test permit again. If the downloaded file still does not work, co..."
2,PASS,status_application,status_application,ask_general_info,tell me about status application,admissions_info,Status Application,,How would I know that my application to take the College Admission Test is accepted? Applicants will be notified of the status of their application in their BukSU Admissions Account. Login to the BukSU Admissions acco...
3,PASS,status_application,status_application,ask_general_info,what is status application,admissions_info,Status Application,,How would I know that my application to take the College Admission Test is accepted? Applicants will be notified of the status of their application in their BukSU Admissions Account. Login to the BukSU Admissions acco...
4,PASS,online_application_schedule,online_application_schedule,ask_schedule,what is admission testing application date,admissions_info,Online Application Schedule,,"We cannot provide one fixed exact date for the BukSU admission and testing application because the schedule may change every academic year. Usually, the admission application period starts around November and may cont..."
5,PASS,application_next_step,application_next_step,ask_general_info,nahuman na nako akong online application unsa akong buhaton sunod?,admissions_info,Application Next Step,,"Nakahuman na ko sa online application. Unsa ang sunod nga buhaton? Human nimo mapuno ang application, pilia ang imong preferred nga schedule ug venue. Siguroha nga nahuman nimo ang tibuok application process ug andama..."
6,PASS,second_courser_requirements,second_courser_requirements,ask_requirement,unsa kaylangan isubmit sa namay degree?,admissions_info,Second Courser Requirements,,Ang second courser kinahanglan mag submit og Transcript of Records para sa evaluation 2x2 ID picture ug resibo sa bayad nga 300 pesos para sa admission test ug kasagaran dili na sila sakop sa Free Higher Education law.
7,PASS,second_courser_cat_application,second_courser_cat_application,ask_fee,naa bay bayad if second course?,admissions_info,Second Courser CAT Application,,Oo ang mga second courser mahimong maka apply sa BukSU CAT. Kinahanglan sila mobayad og 300 pesos nga testing fee ug mag submit sa Transcript of Records. Dili sila kwalipikado sa libre nga tuition sa Free Higher Educa...
8,PASS,second_courser_requirements,second_courser_requirements,ask_location,where is papeles ipasa if second course,admissions_info,Second Courser Requirements,,Second coursers must submit a Transcript of Records for evaluation a 2x2 ID picture and a payment receipt of 300 pesos for the admission test and they are generally not covered by the Free Higher Education law.
9,PASS,take_exam,take_exam,ask_process,how to step by step nga proseso unsaon pag-take sa admission test sa buksu,admissions_info,Take Exam,,Unsaon nako pagkuha sa BukSU College Admission Test? Sunod kining mga lakang aron mag-apply sa BukSU College Admission Test: Step 1: Bisitaha ang http://admissions.buksu.edu.ph. Mag-register gamit ang imong active nga...
10,PASS,exam_results,exam_results,ask_general_info,unsa ang exam results,admissions_info,Exam Results,,Unsaon ug kanus-a nako makuha ang resulta sa akong examination? Ang schedule sa pag-release sa examination results ipost sa BukSU Admission and Testing Facebook page. Ang resulta sa examination ipost usab sa imong adm...
11,PASS,apply_cat_using_mobile_phone,apply_cat_using_mobile_phone,ask_contact,what is the process for apply cat using mobile phone,admissions_info,Apply CAT Using Mobile Phone,,Yes you can use a mobile phone to access the admission portal. However using a desktop or laptop is recommended when uploading documents like photos and certificates to avoid technical errors.
12,PASS,reschedule_entrance_exam,reschedule_entrance_exam,ask_schedule,tell me about walk in entrance exam is allowed,admissions_info,Reschedule Entrance Exam,,"The BukSU Entrance Examination cannot be rescheduled once your exam date has been assigned. If you are unable to attend your scheduled exam, you may need to wait for the next admission cycle. I recommend ensuring your..."
13,PASS,online_application_schedule,online_application_schedule,ask_schedule,unsa ang online application schedule,admissions_info,Online Application Schedule,,"Dili mi makahatag og usa ka pirmi nga eksaktong petsa sa BukSU admission and testing application kay mahimong mausab ang schedule matag academic year. Kasagaran, magsugod ang admission application period around Novemb..."
14,PASS,second_courser_cat_application,second_courser_cat_application,ask_fee,how much is naa bay bayad if second course,admissions_info,Second Courser CAT Application,,Oo ang mga second courser mahimong maka apply sa BukSU CAT. Kinahanglan sila mobayad og 300 pesos nga testing fee ug mag submit sa Transcript of Records. Dili sila kwalipikado sa libre nga tuition sa Free Higher Educa...
15,PASS,admission_application_deadline,admission_application_deadline,ask_schedule,what is admission application deadline,admissions_info,Admission Application Deadline,,"There is no exact deadline, but BukSU admission applications usually end during the last week of March. You can visit their official Facebook page for updates: https://www.facebook.com/BukSUATU"
16,PASS,freshman_admission_requirements,freshman_admission_requirements,ask_requirement,i forgot my unsa kailangan para maghimo ug account,admissions_info,Freshman Admission Requirements,,Ania ang mga kinahanglanon nga imong andamon sa dili pa mag-apply para sa BukSU Admission Testing: 1. Kinahanglan naa kay personal nga Gmail account aron makahimo og account sa BukSU Admissions: https://admissions.buk...
17,PASS,exam_fees,exam_fees,ask_fee,how much pila ang bayad sa admission test sa buksu,admissions_info,Exam Fees,,"Naay bayad ang College Admission Test? Ang College Admission Tests libre ra sa Bukidnon State University. Apan, ang mga aplikante nga nakakompleto na og bachelor's degree (second course takers) kinahanglan magbayad og..."
18,PASS,second_courser_requirements,second_courser_requirements,ask_requirement,unsa ang gikinahanglan sa second courser available?,admissions_info,Second Courser Requirements,,Ang second courser kinahanglan mag submit og Transcript of Records para sa evaluation 2x2 ID picture ug resibo sa bayad nga 300 pesos para sa admission test ug kasagaran dili na sila sakop sa Free Higher Education law.
19,PASS,buksu_cat_calculator_policy,buksu_cat_calculator_policy,ask_general_info,maka gamit ba tag calcu,admissions_info,BukSU CAT Calculator Policy,,No the use of any type of calculator basic or scientific is strictly prohibited during the BukSU CAT. Only pencils erasers and your permit are allowed inside the testing room.
20,WRONG,apply_cat_using_mobile_phone,phone_use_in_class,ask_contact,what is ok ra ba mag cellphone mag fill up,admissions_info,Apply CAT Using Mobile Phone,,The use of mobile phones during class depends on the classroom rules set by the instructor.
21,PASS,apply_cat_using_mobile_phone,apply_cat_using_mobile_phone,ask_general_info,cp ra akong gamit pwede ra ba,admissions_info,Apply CAT Using Mobile Phone,,Oo pwede gamiton ang mobile phone para sa admission portal. Apan mas maayo kung mogamit og desktop o laptop para mas sayon ang pag upload sa mga dokumento ug malikayan ang mga technical error.
22,PASS,denied_applications,denied_applications,ask_general_info,ngano gi deny akong admission application sa,admissions_info,Denied Applications,,"Ngano nga gideny ang akong aplikasyon gikan sa usa ka testing site? Ang aplikasyon gikan sa ubang testing sites basin gideny tungod kay puno na ang application slots, ug nakaabot na kini sa ilang maximum capacity. Pwe..."
23,PASS,transferee_admission_requirements,transferee_admission_requirements,ask_requirement,unsa rules sa pag transfer sa buksu?,admissions_info,Transferee Admission Requirements,,"Oo, modawat ang BukSU og transferees depende sa available nga slots sa imong pilion nga kurso. Kinahanglan una ka mopasar sa BukSU Admission bago ka maka-enroll isip transferee. Human nimo makapasar sa admission, adto..."
24,PASS,denied_applications,denied_applications,ask_general_info,tell me about ngano gi-deny akong buksu cat application sa testing site,admissions_info,Denied Applications,,"Ngano nga gideny ang akong aplikasyon gikan sa usa ka testing site? Ang aplikasyon gikan sa ubang testing sites basin gideny tungod kay puno na ang application slots, ug nakaabot na kini sa ilang maximum capacity. Pwe..."
25,WRONG,freshman_admission_requirements,exam_requirements,ask_requirement,unsaon unsa ang requirements para maka apply sa admission examination,admissions_info,Freshman Admission Requirements,,Unsa ang dad-on sa adlaw sa examination Kinahanglan dad-on sa mga test takers ang mosunod: 1. Test Permit (ma-download gikan sa BukSU admission website) 2. Application Form (ma-download gikan sa BukSU admission websit...
26,PASS,freshman_admission_requirements,freshman_admission_requirements,ask_requirement,unsa requirements sa freshman admission requirements,admissions_info,Freshman Admission Requirements,,Ania ang mga kinahanglanon nga imong andamon sa dili pa mag-apply para sa BukSU Admission Testing: 1. Kinahanglan naa kay personal nga Gmail account aron makahimo og account sa BukSU Admissions: https://admissions.buk...
27,PASS,test_permit_issue,test_permit_issue,ask_document,tell me about test permit invalid,admissions_info,Test Permit Issue,,"If your BukSU CAT test permit is corrupted, invalid, missing, or cannot be opened, log in again to your BukSU Admission account and try downloading the test permit again. If the downloaded file still does not work, co..."
28,WRONG,apply_cat_using_mobile_phone,phone_use_in_class,ask_contact,unsa ang ok ra ba mag cellphone mag fill up,admissions_info,Apply CAT Using Mobile Phone,,Ang paggamit sa cellphone sulod sa klase depende sa classroom rules nga gi-set sa instructor.
29,PASS,additional_slots,additional_slots,ask_general_info,mo open pa ba ang admission,admissions_info,Additional Slots,,Wondering what to do if no slots are available? Keep checking the admissions portal regularly and try submitting your application again. Additional slots may open up if some applications are denied due to incomplete o...
30,PASS,additional_slots,additional_slots,ask_general_info,additional slots?,admissions_info,Additional Slots,,Wondering what to do if no slots are available? Keep checking the admissions portal regularly and try submitting your application again. Additional slots may open up if some applications are denied due to incomplete o...
31,PASS,cat_exam_result,cat_exam_result,ask_location,asa dapit ang nakapasar ba ko unsaon pag tan aw,admissions_info,CAT Exam Result,,Ang pinakasayon nga paagi aron mahibal-an kung nakapasar ka sa BukSU Admission CAT Examination mao ang pag-log in sa imong BukSU Admission account ug adto sa Admission tab. Pwede pud nimo dali nga ma-access kini pinaa...
32,PASS,denied_applications,denied_applications,ask_general_info,unsa ang ngano gi-deny akong admission application sa testing site,admissions_info,Denied Applications,,"Ngano nga gideny ang akong aplikasyon gikan sa usa ka testing site? Ang aplikasyon gikan sa ubang testing sites basin gideny tungod kay puno na ang application slots, ug nakaabot na kini sa ilang maximum capacity. Pwe..."
33,WRONG,system_error,cat_exam_result,ask_general_info,ngano nag error ang website?,admissions_info,System Error,,Ang pinakasayon nga paagi aron mahibal-an kung nakapasar ka sa BukSU Admission CAT Examination mao ang pag-log in sa imong BukSU Admission account ug adto sa Admission tab. Pwede pud nimo dali nga ma-access kini pinaa...
34,PASS,status_application,status_application,ask_location,asa nako ma-check kung nadawat akong buksu cat application?,admissions_info,Status Application,,Unsaon nako pagkahibalo nga gi-accept ang akong aplikasyon para mo-take sa College Admission Test? Ang mga aplikante pahibaloan sa status sa ilang aplikasyon pinaagi sa ilang BukSU Admissions Account. Mag-login sa Buk...
35,PASS,online_application_schedule,online_application_schedule,ask_schedule,tell me about online application schedule,admissions_info,Online Application Schedule,,"We cannot provide one fixed exact date for the BukSU admission and testing application because the schedule may change every academic year. Usually, the admission application period starts around November and may cont..."
36,PASS,exam_results,exam_results,ask_process,unsaon pass notice how,admissions_info,Exam Results,,Unsaon ug kanus-a nako makuha ang resulta sa akong examination? Ang schedule sa pag-release sa examination results ipost sa BukSU Admission and Testing Facebook page. Ang resulta sa examination ipost usab sa imong adm...
37,PASS,buksu_cat_calculator_policy,buksu_cat_calculator_policy,ask_general_info,tell me about pwede mu gamit ug calculator sa exam,admissions_info,BukSU CAT Calculator Policy,,Dili ang paggamit og bisan unsang klase sa calculator basic o scientific hugot nga gidili sa panahon sa BukSU CAT. Lapis eraser ug permit lang ang gitugutan sa sulod sa testing room.
38,PASS,buksu_cat_calculator_policy,buksu_cat_calculator_policy,ask_general_info,tell me about allowed ba ang scientific calculator,admissions_info,BukSU CAT Calculator Policy,,No the use of any type of calculator basic or scientific is strictly prohibited during the BukSU CAT. Only pencils erasers and your permit are allowed inside the testing room.
39,PASS,missed_buksu_cat_schedule,missed_buksu_cat_schedule,ask_schedule,what is nawala nako sa akong exam date,admissions_info,Missed BukSU CAT Schedule,,Kung mapalabay nimo ang imong schedule sa BukSU CAT exam kontaka dayon ang Admission and Testing Unit. Mahimong ma reschedule kini depende kung naay bakante nga slot ug balido ang imong rason.
40,PASS,buksu_cat_calculator_policy,buksu_cat_calculator_policy,ask_general_info,allowed ba ang scientific calculator,admissions_info,BukSU CAT Calculator Policy,,No the use of any type of calculator basic or scientific is strictly prohibited during the BukSU CAT. Only pencils erasers and your permit are allowed inside the testing room.
41,PASS,exam_fees,exam_fees,ask_fee,naa bay bayad ang buksu college admission test,admissions_info,Exam Fees,,"Naay bayad ang College Admission Test? Ang College Admission Tests libre ra sa Bukidnon State University. Apan, ang mga aplikante nga nakakompleto na og bachelor's degree (second course takers) kinahanglan magbayad og..."
42,PASS,second_courser_cat_application,second_courser_cat_application,ask_availability,unsay second courser cat application diris buksu,admissions_info,Second Courser CAT Application,,Oo ang mga second courser mahimong maka apply sa BukSU CAT. Kinahanglan sila mobayad og 300 pesos nga testing fee ug mag submit sa Transcript of Records. Dili sila kwalipikado sa libre nga tuition sa Free Higher Educa...
43,PASS,online_application_schedule,online_application_schedule,ask_schedule,admisson application testing schedule,admissions_info,Online Application Schedule,,"We cannot provide one fixed exact date for the BukSU admission and testing application because the schedule may change every academic year. Usually, the admission application period starts around November and may cont..."
44,PASS_SUGGESTION,exam_requirements,(none),ask_requirement,unsa akong kinahanglan dad para sa exam,admissions_info,Exam Requirements,"Exam Requirements, Second Courser Requirements","Do you mean Exam Requirements or Second Courser Requirements? Suggestions: Exam Requirements, Second Courser Requirements"
45,PASS,buksu_cat_definition,buksu_cat_definition,ask_general_info,what is para unsa ang college admission test,admissions_info,BukSU CAT Definition,,Ang BukSU CAT mao ang Bukidnon State University College Admission Test. Kini mandatory nga exam para sa tanang incoming first year students ug second coursers nga gusto mo enroll sa undergraduate programs.
46,PASS,exam_fees,exam_fees,ask_fee,pila ang exam fees,admissions_info,Exam Fees,,"Naay bayad ang College Admission Test? Ang College Admission Tests libre ra sa Bukidnon State University. Apan, ang mga aplikante nga nakakompleto na og bachelor's degree (second course takers) kinahanglan magbayad og..."
47,PASS,no_slots,no_slots,ask_general_info,unsa akong buhaton kung walay avalilable slots para sa exam,admissions_info,No Slots,,"Walay Available nga Slots? Ang mga evaluators nag-check pa sa mga aplikasyon. Pabilin naka naka-login, adto sa Step 4, ug i-refresh gikan 8 AM hangtod 5 PM. Bag-ong slots mahimong mogawas kung ang uban gi-deny."
48,PASS,transferee_admission_requirements,transferee_admission_requirements,ask_requirement,transferee admission requirements?,admissions_info,Transferee Admission Requirements,,"Yes BukSU accepts transferees depending on the availability of slots in the chosen program. You must first take and pass the BukSU Admission before you can enroll as a transferee. Once you pass the admission, proceed..."
49,WRONG,system_error,cat_exam_result,ask_general_info,system error,admissions_info,System Error,,The only way to know if you passed the BukSU Admission CAT Examination is to log in to your BukSU Admission account and go to the Admission tab. You can also quickly access it through notifications from BukSU Admissio...
50,PASS,buksu_cat_definition,buksu_cat_definition,ask_general_info,what is buksu cat,admissions_info,BukSU CAT Definition,,The BukSU CAT is the Bukidnon State University College Admission Test. It is a mandatory exam for all incoming first year college students and second coursers who want to enroll in undergraduate programs.
51,PASS,second_courser_cat_application,second_courser_cat_application,ask_availability,unsaon pwede ba mo apply ang second courser,admissions_info,Second Courser CAT Application,,Oo ang mga second courser mahimong maka apply sa BukSU CAT. Kinahanglan sila mobayad og 300 pesos nga testing fee ug mag submit sa Transcript of Records. Dili sila kwalipikado sa libre nga tuition sa Free Higher Educa...
52,PASS,exam_fees,exam_fees,ask_fee,pila ang bayad sa admission test sa buksu?,admissions_info,Exam Fees,,"Naay bayad ang College Admission Test? Ang College Admission Tests libre ra sa Bukidnon State University. Apan, ang mga aplikante nga nakakompleto na og bachelor's degree (second course takers) kinahanglan magbayad og..."
53,PASS,buksu_cat_definition,buksu_cat_definition,ask_general_info,buksu cat,admissions_info,BukSU CAT Definition,,The BukSU CAT is the Bukidnon State University College Admission Test. It is a mandatory exam for all incoming first year college students and second coursers who want to enroll in undergraduate programs.
54,PASS,denied_applications,denied_applications,ask_general_info,tell me about ngano gi-deny akong admission application sa testing site,admissions_info,Denied Applications,,"Ngano nga gideny ang akong aplikasyon gikan sa usa ka testing site? Ang aplikasyon gikan sa ubang testing sites basin gideny tungod kay puno na ang application slots, ug nakaabot na kini sa ilang maximum capacity. Pwe..."
55,PASS,second_courser_requirements,second_courser_requirements,ask_requirement,second courser requirements?,admissions_info,Second Courser Requirements,,Second coursers must submit a Transcript of Records for evaluation a 2x2 ID picture and a payment receipt of 300 pesos for the admission test and they are generally not covered by the Free Higher Education law.
56,PASS,missing_admission_documents,missing_admission_documents,ask_location,where to submit missing admission documents,admissions_info,Missing Admission Documents,,"If you still have missing admission documents, log in to your BukSU Admission account and edit your admission application so you can upload the remaining document. Make sure every required document is complete before..."
57,WRONG,freshman_admission_requirements,exam_requirements,ask_process,unsa ang requirments para maka apply sa admisson examination,admissions_info,Freshman Admission Requirements,,Unsa ang dad-on sa adlaw sa examination Kinahanglan dad-on sa mga test takers ang mosunod: 1. Test Permit (ma-download gikan sa BukSU admission website) 2. Application Form (ma-download gikan sa BukSU admission websit...
58,PASS,cat_exam_result,cat_exam_result,ask_location,unsaon nakabalo kung pasar na kos cat?,admissions_info,CAT Exam Result,,Ang pinakasayon nga paagi aron mahibal-an kung nakapasar ka sa BukSU Admission CAT Examination mao ang pag-log in sa imong BukSU Admission account ug adto sa Admission tab. Pwede pud nimo dali nga ma-access kini pinaa...
59,PASS,missing_admission_documents,missing_admission_documents,ask_requirement,what are the requirements for missing admission documents,admissions_info,Missing Admission Documents,,"If you still have missing admission documents, log in to your BukSU Admission account and edit your admission application so you can upload the remaining document. Make sure every required document is complete before..."
60,WRONG,second_courser_cat_application,take_exam,ask_availability,unsa ang allowed ba mu take exam if naa nay degree,admissions_info,Second Courser CAT Application,,Unsaon nako pagkuha sa BukSU College Admission Test? Sunod kining mga lakang aron mag-apply sa BukSU College Admission Test: Step 1: Bisitaha ang http://admissions.buksu.edu.ph. Mag-register gamit ang imong active nga...
61,WRONG,second_courser_cat_application,take_exam,ask_availability,tell me about allowed ba mu take exam if naa nay degree,admissions_info,Second Courser CAT Application,,Unsaon nako pagkuha sa BukSU College Admission Test? Sunod kining mga lakang aron mag-apply sa BukSU College Admission Test: Step 1: Bisitaha ang http://admissions.buksu.edu.ph. Mag-register gamit ang imong active nga...
62,PASS,online_application_schedule,online_application_schedule,ask_schedule,online application schedule,admissions_info,Online Application Schedule,,"We cannot provide one fixed exact date for the BukSU admission and testing application because the schedule may change every academic year. Usually, the admission application period starts around November and may cont..."
63,PASS,denied_applications,denied_applications,ask_general_info,gi deny akong application unsa ang rason,admissions_info,Denied Applications,,"Ngano nga gideny ang akong aplikasyon gikan sa usa ka testing site? Ang aplikasyon gikan sa ubang testing sites basin gideny tungod kay puno na ang application slots, ug nakaabot na kini sa ilang maximum capacity. Pwe..."
64,PASS,online_application_schedule,online_application_schedule,ask_schedule,admission application testing schedule?,admissions_info,Online Application Schedule,,"We cannot provide one fixed exact date for the BukSU admission and testing application because the schedule may change every academic year. Usually, the admission application period starts around November and may cont..."
65,PASS,apply_cat_using_mobile_phone,apply_cat_using_mobile_phone,ask_contact,pwede ba mag test gamit cellphone?,admissions_info,Apply CAT Using Mobile Phone,,Oo pwede gamiton ang mobile phone para sa admission portal. Apan mas maayo kung mogamit og desktop o laptop para mas sayon ang pag upload sa mga dokumento ug malikayan ang mga technical error.
66,PASS,second_courser_requirements,second_courser_requirements,ask_location,papeles ipasa if second course,admissions_info,Second Courser Requirements,,Second coursers must submit a Transcript of Records for evaluation a 2x2 ID picture and a payment receipt of 300 pesos for the admission test and they are generally not covered by the Free Higher Education law.
67,PASS,transferee_admission_requirements,transferee_admission_requirements,ask_requirement,what are the requirements for pwede ra maka balhin diri,admissions_info,Transferee Admission Requirements,,"Oo, modawat ang BukSU og transferees depende sa available nga slots sa imong pilion nga kurso. Kinahanglan una ka mopasar sa BukSU Admission bago ka maka-enroll isip transferee. Human nimo makapasar sa admission, adto..."
68,PASS,status_application,status_application,ask_process,unsaon unsaon nako pagkahibalo kung na-accept akong application,admissions_info,Status Application,,Unsaon nako pagkahibalo nga gi-accept ang akong aplikasyon para mo-take sa College Admission Test? Ang mga aplikante pahibaloan sa status sa ilang aplikasyon pinaagi sa ilang BukSU Admissions Account. Mag-login sa Buk...
69,PASS,buksu_cat_definition,buksu_cat_definition,ask_general_info,para unsa ang college admission test?,admissions_info,BukSU CAT Definition,,Ang BukSU CAT mao ang Bukidnon State University College Admission Test. Kini mandatory nga exam para sa tanang incoming first year students ug second coursers nga gusto mo enroll sa undergraduate programs.
70,PASS,online_application_schedule,online_application_schedule,ask_schedule,when is the admission application testing schedule,admissions_info,Online Application Schedule,,"We cannot provide one fixed exact date for the BukSU admission and testing application because the schedule may change every academic year. Usually, the admission application period starts around November and may cont..."
71,PASS,application_next_step,application_next_step,ask_general_info,nahuman na nako ang online application unsa,admissions_info,Application Next Step,,"Nakahuman na ko sa online application. Unsa ang sunod nga buhaton? Human nimo mapuno ang application, pilia ang imong preferred nga schedule ug venue. Siguroha nga nahuman nimo ang tibuok application process ug andama..."
72,PASS,main_campus_full,main_campus_full,ask_location,where is puno na ang slots sa buksu main campus asa ko adto,admissions_info,Main Campus Full,,"Unsaon kung puno na ang admission slots sa Main Campus? Sa karon, puno na ang admission slots sa Main Campus. Pwede nimo hunahunaon nga mag-apply sa usa sa among ubang satellite campuses. Palihog hinumdomi nga ang lok..."
73,PASS,cat_exam_result,cat_exam_result,ask_general_info,cat exam result,admissions_info,CAT Exam Result,,The only way to know if you passed the BukSU Admission CAT Examination is to log in to your BukSU Admission account and go to the Admission tab. You can also quickly access it through notifications from BukSU Admissio...
74,WRONG,system_error,cat_exam_result,ask_general_info,ngano nag error ang website,admissions_info,System Error,,Ang pinakasayon nga paagi aron mahibal-an kung nakapasar ka sa BukSU Admission CAT Examination mao ang pag-log in sa imong BukSU Admission account ug adto sa Admission tab. Pwede pud nimo dali nga ma-access kini pinaa...
75,PASS,take_exam,take_exam,ask_general_info,take exam,admissions_info,Take Exam,,How can I take the BukSU College Admission Test? Follow these steps to apply for the BukSU College Admission Test: Step 1: Access http://admissions.buksu.edu.ph. Register using your active Gmail account. Create your p...
76,PASS,main_campus_full,main_campus_full,ask_general_info,main campus full?,admissions_info,Main Campus Full,,"What if the admission slots at the Main Campus are full? Currently, the admission slots at the Main Campus are already full. You may consider applying to one of our other satellite campuses instead. Please note that t..."
77,PASS,no_slots,no_slots,ask_availability,unsa akong buhaton kung walay available slots para sa exam?,admissions_info,No Slots,,"Walay Available nga Slots? Ang mga evaluators nag-check pa sa mga aplikasyon. Pabilin naka naka-login, adto sa Step 4, ug i-refresh gikan 8 AM hangtod 5 PM. Bag-ong slots mahimong mogawas kung ang uban gi-deny."
78,PASS,transferee_admission_requirements,transferee_admission_requirements,ask_requirement,transferee admission requirements,admissions_info,Transferee Admission Requirements,,"Yes BukSU accepts transferees depending on the availability of slots in the chosen program. You must first take and pass the BukSU Admission before you can enroll as a transferee. Once you pass the admission, proceed..."
79,PASS,missing_admission_documents,missing_admission_documents,ask_requirement,incomplete admission documents,admissions_info,Missing Admission Documents,,"If you still have missing admission documents, log in to your BukSU Admission account and edit your admission application so you can upload the remaining document. Make sure every required document is complete before..."
80,PASS,second_courser_requirements,second_courser_requirements,ask_requirement,what are the requirements for second courser requirements,admissions_info,Second Courser Requirements,,Second coursers must submit a Transcript of Records for evaluation a 2x2 ID picture and a payment receipt of 300 pesos for the admission test and they are generally not covered by the Free Higher Education law.
81,PASS,exam_results,exam_results,ask_process,pass notice how,admissions_info,Exam Results,,How and when will I know my examination result? The schedule of releasing examination results will be posted on the BukSU Admission and Testing Facebook page. Examination results will also be posted on your admission...
82,PASS,denied_applications,denied_applications,ask_general_info,ngano gi-deny akong admission application sa testing site,admissions_info,Denied Applications,,"Ngano nga gideny ang akong aplikasyon gikan sa usa ka testing site? Ang aplikasyon gikan sa ubang testing sites basin gideny tungod kay puno na ang application slots, ug nakaabot na kini sa ilang maximum capacity. Pwe..."
83,PASS,exam_results,exam_results,ask_process,how do i know if i passed,admissions_info,Exam Results,,How and when will I know my examination result? The schedule of releasing examination results will be posted on the BukSU Admission and Testing Facebook page. Examination results will also be posted on your admission...
84,PASS,transferee_admission_requirements,transferee_admission_requirements,ask_requirement,what should i bring for pwede ra maka balhin diri,admissions_info,Transferee Admission Requirements,,"Oo, modawat ang BukSU og transferees depende sa available nga slots sa imong pilion nga kurso. Kinahanglan una ka mopasar sa BukSU Admission bago ka maka-enroll isip transferee. Human nimo makapasar sa admission, adto..."
85,PASS,cat_exam_result,cat_exam_result,ask_location,nakapasar ba ko unsaon pag tan aw?,admissions_info,CAT Exam Result,,Ang pinakasayon nga paagi aron mahibal-an kung nakapasar ka sa BukSU Admission CAT Examination mao ang pag-log in sa imong BukSU Admission account ug adto sa Admission tab. Pwede pud nimo dali nga ma-access kini pinaa...
86,PASS,denied_applications,denied_applications,ask_general_info,what is denied applications,admissions_info,Denied Applications,,"Why was my application from a testing site denied? Applications from some testing sites may have been denied due to full application slots, as they have already reached their maximum capacity. You may consider applyin..."
87,PASS,reschedule_entrance_exam,reschedule_entrance_exam,ask_schedule,tell me about walkin entrance exam is allowed,admissions_info,Reschedule Entrance Exam,,"The BukSU Entrance Examination cannot be rescheduled once your exam date has been assigned. If you are unable to attend your scheduled exam, you may need to wait for the next admission cycle. I recommend ensuring your..."
88,PASS,second_courser_requirements,second_courser_requirements,ask_requirement,what should i bring for second courser requirements,admissions_info,Second Courser Requirements,,Second coursers must submit a Transcript of Records for evaluation a 2x2 ID picture and a payment receipt of 300 pesos for the admission test and they are generally not covered by the Free Higher Education law.
89,PASS,test_permit_issue,test_permit_issue,ask_document,unsa ang test permit error,admissions_info,Test Permit Issue,,"Kung corrupted, invalid, nawala, o dili ma-open ang imong BukSU CAT test permit, login balik sa imong BukSU Admission account ug sulayi pag-download usab ang test permit. Kung dili gihapon mo-work ang na-download nga..."
90,PASS,denied_applications,denied_applications,ask_general_info,ngano gi-deny akong buksu cat application sa testing site,admissions_info,Denied Applications,,"Ngano nga gideny ang akong aplikasyon gikan sa usa ka testing site? Ang aplikasyon gikan sa ubang testing sites basin gideny tungod kay puno na ang application slots, ug nakaabot na kini sa ilang maximum capacity. Pwe..."
91,PASS,second_courser_cat_application,second_courser_cat_application,ask_availability,pwede ba mo apply ang second courser?,admissions_info,Second Courser CAT Application,,Oo ang mga second courser mahimong maka apply sa BukSU CAT. Kinahanglan sila mobayad og 300 pesos nga testing fee ug mag submit sa Transcript of Records. Dili sila kwalipikado sa libre nga tuition sa Free Higher Educa...
92,PASS,exam_fees,exam_fees,ask_fee,how much exam fees,admissions_info,Exam Fees,,"Are there fees for the College Admission Test? College Admission Tests are offered for FREE at Bukidnon State University. However, applicants who have already completed a bachelors degree (second course takers) need t..."
93,PASS,exam_results,exam_results,ask_general_info,know if passed admission,admissions_info,Exam Results,,How and when will I know my examination result? The schedule of releasing examination results will be posted on the BukSU Admission and Testing Facebook page. Examination results will also be posted on your admission...
94,PASS,application_next_step,application_next_step,ask_general_info,what is nahuman na nako akong online application unsa akong buhaton sunod,admissions_info,Application Next Step,,"Nakahuman na ko sa online application. Unsa ang sunod nga buhaton? Human nimo mapuno ang application, pilia ang imong preferred nga schedule ug venue. Siguroha nga nahuman nimo ang tibuok application process ug andama..."
95,PASS,buksu_cat_definition,buksu_cat_definition,ask_general_info,para unsa ang college admission test,admissions_info,BukSU CAT Definition,,Ang BukSU CAT mao ang Bukidnon State University College Admission Test. Kini mandatory nga exam para sa tanang incoming first year students ug second coursers nga gusto mo enroll sa undergraduate programs.
96,PASS,transferee_admission_requirements,transferee_admission_requirements,ask_requirement,what should i bring for modawat ba mo og transferee,admissions_info,Transferee Admission Requirements,,"Yes BukSU accepts transferees depending on the availability of slots in the chosen program. You must first take and pass the BukSU Admission before you can enroll as a transferee. Once you pass the admission, proceed..."
97,PASS,admission_application_deadline,admission_application_deadline,ask_schedule,admission application deadline?,admissions_info,Admission Application Deadline,,"There is no exact deadline, but BukSU admission applications usually end during the last week of March. You can visit their official Facebook page for updates: https://www.facebook.com/BukSUATU"
98,PASS,missing_admission_documents,missing_admission_documents,ask_requirement,missing admission documents,admissions_info,Missing Admission Documents,,"If you still have missing admission documents, log in to your BukSU Admission account and edit your admission application so you can upload the remaining document. Make sure every required document is complete before..."
99,PASS,missed_buksu_cat_schedule,missed_buksu_cat_schedule,ask_schedule,unsa ang na miss nako ang exam date,admissions_info,Missed BukSU CAT Schedule,,Kung mapalabay nimo ang imong schedule sa BukSU CAT exam kontaka dayon ang Admission and Testing Unit. Mahimong ma reschedule kini depende kung naay bakante nga slot ug balido ang imong rason.
100,PASS,buksu_cat_definition,buksu_cat_definition,ask_general_info,unsa ang para unsa ang college admission test,admissions_info,BukSU CAT Definition,,Ang BukSU CAT mao ang Bukidnon State University College Admission Test. Kini mandatory nga exam para sa tanang incoming first year students ug second coursers nga gusto mo enroll sa undergraduate programs.
101,PASS,exam_fees,exam_fees,ask_fee,pila ang bayad sa admission test sa,admissions_info,Exam Fees,,"Naay bayad ang College Admission Test? Ang College Admission Tests libre ra sa Bukidnon State University. Apan, ang mga aplikante nga nakakompleto na og bachelor's degree (second course takers) kinahanglan magbayad og..."
102,PASS,main_campus_full,main_campus_full,ask_location,asa dapit ang puno na ang slots sa main campus asa pa ko pwede mo-apply,admissions_info,Main Campus Full,,"Unsaon kung puno na ang admission slots sa Main Campus? Sa karon, puno na ang admission slots sa Main Campus. Pwede nimo hunahunaon nga mag-apply sa usa sa among ubang satellite campuses. Palihog hinumdomi nga ang lok..."
103,WRONG,denied_applications,buksu_cat_definition,ask_general_info,unsa ang ngano gi-deny akong buksu cat application sa testing site,admissions_info,Denied Applications,,Ang BukSU CAT mao ang Bukidnon State University College Admission Test. Kini mandatory nga exam para sa tanang incoming first year students ug second coursers nga gusto mo enroll sa undergraduate programs.
104,PASS,second_courser_cat_application,second_courser_cat_application,ask_fee,unsay naa bay bayad if second course diris buksu,admissions_info,Second Courser CAT Application,,Oo ang mga second courser mahimong maka apply sa BukSU CAT. Kinahanglan sila mobayad og 300 pesos nga testing fee ug mag submit sa Transcript of Records. Dili sila kwalipikado sa libre nga tuition sa Free Higher Educa...
105,PASS,no_slots,no_slots,ask_general_info,unsa ang no slots,admissions_info,No Slots,,"Walay Available nga Slots? Ang mga evaluators nag-check pa sa mga aplikasyon. Pabilin naka naka-login, adto sa Step 4, ug i-refresh gikan 8 AM hangtod 5 PM. Bag-ong slots mahimong mogawas kung ang uban gi-deny."
106,PASS,exam_results,exam_results,ask_process,how to know if passed admisson,admissions_info,Exam Results,,How and when will I know my examination result? The schedule of releasing examination results will be posted on the BukSU Admission and Testing Facebook page. Examination results will also be posted on your admission...
107,WRONG,apply_cat_using_mobile_phone,phone_use_in_class,ask_contact,tell me about ok ra ba mag cellphone mag fill up,admissions_info,Apply CAT Using Mobile Phone,,The use of mobile phones during class depends on the classroom rules set by the instructor.
108,PASS,missing_admission_documents,missing_admission_documents,ask_requirement,what should i bring for incomplete admission documents,admissions_info,Missing Admission Documents,,"If you still have missing admission documents, log in to your BukSU Admission account and edit your admission application so you can upload the remaining document. Make sure every required document is complete before..."
109,PASS,transferee_admission_requirements,transferee_admission_requirements,ask_requirement,what should i bring for transferee admission requirements,admissions_info,Transferee Admission Requirements,,"Yes BukSU accepts transferees depending on the availability of slots in the chosen program. You must first take and pass the BukSU Admission before you can enroll as a transferee. Once you pass the admission, proceed..."
110,PASS,exam_results,exam_results,ask_general_info,exam results?,admissions_info,Exam Results,,How and when will I know my examination result? The schedule of releasing examination results will be posted on the BukSU Admission and Testing Facebook page. Examination results will also be posted on your admission...
111,PASS_SUGGESTION,main_campus_full,(none),ask_general_info,unsa kung puno na ang slots sa,admissions_info,Main Campus Full,"No Slots, Main Campus Full","Do you mean No Slots or Main Campus Full? Suggestions: No Slots, Main Campus Full"
112,PASS,reschedule_entrance_exam,reschedule_entrance_exam,ask_schedule,tell me about walk-in entrance exam,admissions_info,Reschedule Entrance Exam,,"The BukSU Entrance Examination cannot be rescheduled once your exam date has been assigned. If you are unable to attend your scheduled exam, you may need to wait for the next admission cycle. I recommend ensuring your..."
113,PASS,test_permit_issue,test_permit_issue,ask_document,test permit invalid?,admissions_info,Test Permit Issue,,"If your BukSU CAT test permit is corrupted, invalid, missing, or cannot be opened, log in again to your BukSU Admission account and try downloading the test permit again. If the downloaded file still does not work, co..."
114,PASS,missed_buksu_cat_schedule,missed_buksu_cat_schedule,ask_schedule,tell me about missed buksu cat schedule,admissions_info,Missed BukSU CAT Schedule,,If you miss your scheduled BukSU CAT exam date you should immediately contact the Admission and Testing Unit. Rescheduling may be possible depending on the availability of slots and the validity of the reason.
115,PASS,exam_fees,exam_fees,ask_fee,kinahanglan ba ko mobayad para sa buksu entrance exam,admissions_info,Exam Fees,,"Naay bayad ang College Admission Test? Ang College Admission Tests libre ra sa Bukidnon State University. Apan, ang mga aplikante nga nakakompleto na og bachelor's degree (second course takers) kinahanglan magbayad og..."
116,PASS,additional_slots,additional_slots,ask_availability,what is naa pa bay idugang nga slots,admissions_info,Additional Slots,,Wondering unsa ang buhaton kung walay slots nga available? padayon og check ang admissions portal kanunay and sulayi og submit imong application pag-usab. dugang slots posibleng mo open if some application kay nanga d...
117,PASS,missed_buksu_cat_schedule,missed_buksu_cat_schedule,ask_schedule,what if nakaligtaan akong exam schedule,admissions_info,Missed BukSU CAT Schedule,,Kung mapalabay nimo ang imong schedule sa BukSU CAT exam kontaka dayon ang Admission and Testing Unit. Mahimong ma reschedule kini depende kung naay bakante nga slot ug balido ang imong rason.
118,PASS,application_next_step,application_next_step,ask_general_info,unsa ang human nako submit sa application unsa na sunod buhaton,admissions_info,Application Next Step,,"Nakahuman na ko sa online application. Unsa ang sunod nga buhaton? Human nimo mapuno ang application, pilia ang imong preferred nga schedule ug venue. Siguroha nga nahuman nimo ang tibuok application process ug andama..."
119,PASS_SUGGESTION,no_slots,(none),ask_availability,unsa akong buhaton kung walay available slots,admissions_info,No Slots,"No Slots, Library Available Books","Do you mean No Slots or Library Available Books? Suggestions: No Slots, Library Available Books"
120,PASS,apply_cat_using_mobile_phone,apply_cat_using_mobile_phone,ask_general_info,tell me about cp ra akong gamit pwede ra ba,admissions_info,Apply CAT Using Mobile Phone,,Oo pwede gamiton ang mobile phone para sa admission portal. Apan mas maayo kung mogamit og desktop o laptop para mas sayon ang pag upload sa mga dokumento ug malikayan ang mga technical error.
121,PASS,exam_fees,exam_fees,ask_fee,how much is exam fees,admissions_info,Exam Fees,,"Are there fees for the College Admission Test? College Admission Tests are offered for FREE at Bukidnon State University. However, applicants who have already completed a bachelors degree (second course takers) need t..."
122,PASS,apply_cat_using_mobile_phone,apply_cat_using_mobile_phone,ask_contact,unsaon apply cat using mobile phone,admissions_info,Apply CAT Using Mobile Phone,,Oo pwede gamiton ang mobile phone para sa admission portal. Apan mas maayo kung mogamit og desktop o laptop para mas sayon ang pag upload sa mga dokumento ug malikayan ang mga technical error.
123,PASS,take_exam,take_exam,ask_general_info,take exam?,admissions_info,Take Exam,,How can I take the BukSU College Admission Test? Follow these steps to apply for the BukSU College Admission Test: Step 1: Access http://admissions.buksu.edu.ph. Register using your active Gmail account. Create your p...
124,PASS,cat_exam_result,cat_exam_result,ask_general_info,what is cat exam result,admissions_info,CAT Exam Result,,The only way to know if you passed the BukSU Admission CAT Examination is to log in to your BukSU Admission account and go to the Admission tab. You can also quickly access it through notifications from BukSU Admissio...
125,PASS,second_courser_cat_application,second_courser_cat_application,ask_availability,pwede ba mo apply ang second courser,admissions_info,Second Courser CAT Application,,Oo ang mga second courser mahimong maka apply sa BukSU CAT. Kinahanglan sila mobayad og 300 pesos nga testing fee ug mag submit sa Transcript of Records. Dili sila kwalipikado sa libre nga tuition sa Free Higher Educa...
126,WRONG,system_error,cat_exam_result,ask_process,why is the site showing system error?,admissions_info,System Error,,The only way to know if you passed the BukSU Admission CAT Examination is to log in to your BukSU Admission account and go to the Admission tab. You can also quickly access it through notifications from BukSU Admissio...
127,PASS,cat_exam_result,cat_exam_result,ask_location,asa unsaon nakabalo kung pasar na kos cat,admissions_info,CAT Exam Result,,Ang pinakasayon nga paagi aron mahibal-an kung nakapasar ka sa BukSU Admission CAT Examination mao ang pag-log in sa imong BukSU Admission account ug adto sa Admission tab. Pwede pud nimo dali nga ma-access kini pinaa...
128,PASS,buksu_cat_definition,buksu_cat_definition,ask_general_info,buksu cat definition?,admissions_info,BukSU CAT Definition,,The BukSU CAT is the Bukidnon State University College Admission Test. It is a mandatory exam for all incoming first year college students and second coursers who want to enroll in undergraduate programs.
129,PASS,missing_admission_documents,missing_admission_documents,ask_requirement,incomplete admission documents?,admissions_info,Missing Admission Documents,,"If you still have missing admission documents, log in to your BukSU Admission account and edit your admission application so you can upload the remaining document. Make sure every required document is complete before..."
130,PASS,exam_results,exam_results,ask_general_info,know if passed,admissions_info,Exam Results,,How and when will I know my examination result? The schedule of releasing examination results will be posted on the BukSU Admission and Testing Facebook page. Examination results will also be posted on your admission...
131,PASS,buksu_cat_definition,buksu_cat_definition,ask_general_info,unsa ang buksu cat definition,admissions_info,BukSU CAT Definition,,Ang BukSU CAT mao ang Bukidnon State University College Admission Test. Kini mandatory nga exam para sa tanang incoming first year students ug second coursers nga gusto mo enroll sa undergraduate programs.
132,PASS,reschedule_entrance_exam,reschedule_entrance_exam,ask_schedule,what is walk in entrance exam is allowed,admissions_info,Reschedule Entrance Exam,,"The BukSU Entrance Examination cannot be rescheduled once your exam date has been assigned. If you are unable to attend your scheduled exam, you may need to wait for the next admission cycle. I recommend ensuring your..."
133,PASS,buksu_cat_calculator_policy,buksu_cat_calculator_policy,ask_general_info,tell me about maka gamit ba tag calcu,admissions_info,BukSU CAT Calculator Policy,,No the use of any type of calculator basic or scientific is strictly prohibited during the BukSU CAT. Only pencils erasers and your permit are allowed inside the testing room.
134,WRONG,system_error,cat_exam_result,ask_general_info,unsa ang ngano nag error ang website,admissions_info,System Error,,Ang pinakasayon nga paagi aron mahibal-an kung nakapasar ka sa BukSU Admission CAT Examination mao ang pag-log in sa imong BukSU Admission account ug adto sa Admission tab. Pwede pud nimo dali nga ma-access kini pinaa...
135,PASS,missed_buksu_cat_schedule,missed_buksu_cat_schedule,ask_schedule,na miss nako ang exam date?,admissions_info,Missed BukSU CAT Schedule,,Kung mapalabay nimo ang imong schedule sa BukSU CAT exam kontaka dayon ang Admission and Testing Unit. Mahimong ma reschedule kini depende kung naay bakante nga slot ug balido ang imong rason.
136,PASS,missed_buksu_cat_schedule,missed_buksu_cat_schedule,ask_schedule,missed buksu cat schedule?,admissions_info,Missed BukSU CAT Schedule,,If you miss your scheduled BukSU CAT exam date you should immediately contact the Admission and Testing Unit. Rescheduling may be possible depending on the availability of slots and the validity of the reason.
137,PASS,status_application,status_application,ask_process,unsaon nako pagkahibalo kung na-accept akong application,admissions_info,Status Application,,Unsaon nako pagkahibalo nga gi-accept ang akong aplikasyon para mo-take sa College Admission Test? Ang mga aplikante pahibaloan sa status sa ilang aplikasyon pinaagi sa ilang BukSU Admissions Account. Mag-login sa Buk...
138,PASS,reschedule_entrance_exam,reschedule_entrance_exam,ask_schedule,reschedule entrance exam,admissions_info,Reschedule Entrance Exam,,"The BukSU Entrance Examination cannot be rescheduled once your exam date has been assigned. If you are unable to attend your scheduled exam, you may need to wait for the next admission cycle. I recommend ensuring your..."
139,PASS,main_campus_full,main_campus_full,ask_location,where can i find puno na ang slots sa main campus asa pa ko pwede mo-apply,admissions_info,Main Campus Full,,"Unsaon kung puno na ang admission slots sa Main Campus? Sa karon, puno na ang admission slots sa Main Campus. Pwede nimo hunahunaon nga mag-apply sa usa sa among ubang satellite campuses. Palihog hinumdomi nga ang lok..."
140,PASS,buksu_cat_definition,buksu_cat_definition,ask_general_info,what is buksu cat?,admissions_info,BukSU CAT Definition,,The BukSU CAT is the Bukidnon State University College Admission Test. It is a mandatory exam for all incoming first year college students and second coursers who want to enroll in undergraduate programs.
141,PASS,application_next_step,application_next_step,ask_process,application next step,admissions_info,Application Next Step,,"I have already filled out the online application. What is the next step? After you have filled out the application, select your preferred schedule and venue. Make sure that you have completed the application process a..."
142,PASS,exam_results,exam_results,ask_process,what is the process for pass notice how,admissions_info,Exam Results,,How and when will I know my examination result? The schedule of releasing examination results will be posted on the BukSU Admission and Testing Facebook page. Examination results will also be posted on your admission...
143,PASS,reschedule_entrance_exam,reschedule_entrance_exam,ask_schedule,walk entrance exam,admissions_info,Reschedule Entrance Exam,,"The BukSU Entrance Examination cannot be rescheduled once your exam date has been assigned. If you are unable to attend your scheduled exam, you may need to wait for the next admission cycle. I recommend ensuring your..."
144,PASS,second_courser_requirements,second_courser_requirements,ask_requirement,unsa kaylangan isubmit sa namay degree,admissions_info,Second Courser Requirements,,Ang second courser kinahanglan mag submit og Transcript of Records para sa evaluation 2x2 ID picture ug resibo sa bayad nga 300 pesos para sa admission test ug kasagaran dili na sila sakop sa Free Higher Education law.
145,WRONG,system_error,cat_exam_result,ask_general_info,tell me about system error,admissions_info,System Error,,The only way to know if you passed the BukSU Admission CAT Examination is to log in to your BukSU Admission account and go to the Admission tab. You can also quickly access it through notifications from BukSU Admissio...
146,PASS,denied_applications,denied_applications,ask_general_info,gi-deny akong application unsa ang rason?,admissions_info,Denied Applications,,"Ngano nga gideny ang akong aplikasyon gikan sa usa ka testing site? Ang aplikasyon gikan sa ubang testing sites basin gideny tungod kay puno na ang application slots, ug nakaabot na kini sa ilang maximum capacity. Pwe..."
147,PASS,missing_admission_documents,missing_admission_documents,ask_requirement,what should i bring for missing admission documents,admissions_info,Missing Admission Documents,,"If you still have missing admission documents, log in to your BukSU Admission account and edit your admission application so you can upload the remaining document. Make sure every required document is complete before..."
148,PASS,denied_applications,denied_applications,ask_general_info,ngano gi deny akong buksu cat application,admissions_info,Denied Applications,,"Ngano nga gideny ang akong aplikasyon gikan sa usa ka testing site? Ang aplikasyon gikan sa ubang testing sites basin gideny tungod kay puno na ang application slots, ug nakaabot na kini sa ilang maximum capacity. Pwe..."
149,PASS,buksu_cat_calculator_policy,buksu_cat_calculator_policy,ask_general_info,what is maka gamit ba tag calcu,admissions_info,BukSU CAT Calculator Policy,,No the use of any type of calculator basic or scientific is strictly prohibited during the BukSU CAT. Only pencils erasers and your permit are allowed inside the testing room.
150,PASS,denied_applications,denied_applications,ask_general_info,unsa ang gi-deny akong application unsa ang rason,admissions_info,Denied Applications,,"Ngano nga gideny ang akong aplikasyon gikan sa usa ka testing site? Ang aplikasyon gikan sa ubang testing sites basin gideny tungod kay puno na ang application slots, ug nakaabot na kini sa ilang maximum capacity. Pwe..."
151,PASS,buksu_cat_calculator_policy,buksu_cat_calculator_policy,ask_general_info,unsa ang maka gamit ba tag calcu,admissions_info,BukSU CAT Calculator Policy,,Dili ang paggamit og bisan unsang klase sa calculator basic o scientific hugot nga gidili sa panahon sa BukSU CAT. Lapis eraser ug permit lang ang gitugutan sa sulod sa testing room.
152,PASS,exam_requirements,exam_requirements,ask_requirement,unsa akong kinahanglan dad-on para sa exam?,admissions_info,Exam Requirements,,Unsa ang dad-on sa adlaw sa examination Kinahanglan dad-on sa mga test takers ang mosunod: 1. Test Permit (ma-download gikan sa BukSU admission website) 2. Application Form (ma-download gikan sa BukSU admission websit...
153,PASS,application_next_step,application_next_step,ask_general_info,human nako submit sa application unsa na sunod buhaton?,admissions_info,Application Next Step,,"Nakahuman na ko sa online application. Unsa ang sunod nga buhaton? Human nimo mapuno ang application, pilia ang imong preferred nga schedule ug venue. Siguroha nga nahuman nimo ang tibuok application process ug andama..."
154,PASS,no_slots,no_slots,ask_availability,unsa akong buhaton kung walay available slots para sa exam,admissions_info,No Slots,,"Walay Available nga Slots? Ang mga evaluators nag-check pa sa mga aplikasyon. Pabilin naka naka-login, adto sa Step 4, ug i-refresh gikan 8 AM hangtod 5 PM. Bag-ong slots mahimong mogawas kung ang uban gi-deny."
155,WRONG,system_error,cat_exam_result,ask_general_info,system error?,admissions_info,System Error,,The only way to know if you passed the BukSU Admission CAT Examination is to log in to your BukSU Admission account and go to the Admission tab. You can also quickly access it through notifications from BukSU Admissio...
156,PASS,no_slots,no_slots,ask_general_info,what is no slots,admissions_info,No Slots,,"No Slots Available? Evaluators are still checking applications. Stay logged in, go to Step 4, and refresh between 8 AM and 5 PM. New slots may appear if others are denied."
157,PASS,additional_slots,additional_slots,ask_availability,naa pa bay idugang nga slots,admissions_info,Additional Slots,,Wondering unsa ang buhaton kung walay slots nga available? padayon og check ang admissions portal kanunay and sulayi og submit imong application pag-usab. dugang slots posibleng mo open if some application kay nanga d...
158,PASS,buksu_cat_definition,buksu_cat_definition,ask_general_info,tell me about buksu cat definition,admissions_info,BukSU CAT Definition,,The BukSU CAT is the Bukidnon State University College Admission Test. It is a mandatory exam for all incoming first year college students and second coursers who want to enroll in undergraduate programs.
159,PASS,buksu_cat_definition,buksu_cat_definition,ask_location,unsay pasabot sa buksu cat definition,admissions_info,BukSU CAT Definition,,Ang BukSU CAT mao ang Bukidnon State University College Admission Test. Kini mandatory nga exam para sa tanang incoming first year students ug second coursers nga gusto mo enroll sa undergraduate programs.
160,PASS,main_campus_full,main_campus_full,ask_location,puno na ang slots sa buksu main campus asa ko adto?,admissions_info,Main Campus Full,,"Unsaon kung puno na ang admission slots sa Main Campus? Sa karon, puno na ang admission slots sa Main Campus. Pwede nimo hunahunaon nga mag-apply sa usa sa among ubang satellite campuses. Palihog hinumdomi nga ang lok..."
161,PASS,buksu_cat_calculator_policy,buksu_cat_calculator_policy,ask_general_info,tell me about buksu cat calculator policy,admissions_info,BukSU CAT Calculator Policy,,No the use of any type of calculator basic or scientific is strictly prohibited during the BukSU CAT. Only pencils erasers and your permit are allowed inside the testing room.
162,PASS,missed_buksu_cat_schedule,missed_buksu_cat_schedule,ask_schedule,missed buksu cat schedule,admissions_info,Missed BukSU CAT Schedule,,If you miss your scheduled BukSU CAT exam date you should immediately contact the Admission and Testing Unit. Rescheduling may be possible depending on the availability of slots and the validity of the reason.
163,WRONG,system_error,cat_exam_result,ask_availability,tell me about dili ko maka proceed naay error,admissions_info,System Error,,The only way to know if you passed the BukSU Admission CAT Examination is to log in to your BukSU Admission account and go to the Admission tab. You can also quickly access it through notifications from BukSU Admissio...
164,PASS,main_campus_full,main_campus_full,ask_location,where can i find puno na ang slots sa buksu main campus asa ko adto,admissions_info,Main Campus Full,,"Unsaon kung puno na ang admission slots sa Main Campus? Sa karon, puno na ang admission slots sa Main Campus. Pwede nimo hunahunaon nga mag-apply sa usa sa among ubang satellite campuses. Palihog hinumdomi nga ang lok..."
165,PASS,reschedule_entrance_exam,reschedule_entrance_exam,ask_schedule,unsa ang reschedule entrance exam,admissions_info,Reschedule Entrance Exam,,"Dili ma-reschedule ang BukSU Entrance Examination kung naa na kay assigned exam date. Kung dili ka makatunga sa imong scheduled exam, mahimo nga kinahanglan ka maghulat sa sunod nga admission cycle. Mas maayo nga sigu..."
166,PASS,missing_admission_documents,missing_admission_documents,ask_requirement,what are the requirements for incomplete admission documents,admissions_info,Missing Admission Documents,,"If you still have missing admission documents, log in to your BukSU Admission account and edit your admission application so you can upload the remaining document. Make sure every required document is complete before..."
167,WRONG,freshman_admission_requirements,exam_requirements,ask_requirement,unsa ang requirements para maka apply sa admission examination,admissions_info,Freshman Admission Requirements,,Unsa ang dad-on sa adlaw sa examination Kinahanglan dad-on sa mga test takers ang mosunod: 1. Test Permit (ma-download gikan sa BukSU admission website) 2. Application Form (ma-download gikan sa BukSU admission websit...
168,PASS,apply_cat_using_mobile_phone,apply_cat_using_mobile_phone,ask_contact,pwede ba mag test gamit cellphone,admissions_info,Apply CAT Using Mobile Phone,,Oo pwede gamiton ang mobile phone para sa admission portal. Apan mas maayo kung mogamit og desktop o laptop para mas sayon ang pag upload sa mga dokumento ug malikayan ang mga technical error.
169,PASS,status_application,status_application,ask_process,unsaon nako pagkahibalo kung approved akong cat,admissions_info,Status Application,,Unsaon nako pagkahibalo nga gi-accept ang akong aplikasyon para mo-take sa College Admission Test? Ang mga aplikante pahibaloan sa status sa ilang aplikasyon pinaagi sa ilang BukSU Admissions Account. Mag-login sa Buk...
170,PASS,no_slots,no_slots,ask_availability,should if there no available slots exam,admissions_info,No Slots,,"No Slots Available? Evaluators are still checking applications. Stay logged in, go to Step 4, and refresh between 8 AM and 5 PM. New slots may appear if others are denied."
171,PASS,missed_buksu_cat_schedule,missed_buksu_cat_schedule,ask_schedule,what if nakaligtaan akong exam schedule?,admissions_info,Missed BukSU CAT Schedule,,Kung mapalabay nimo ang imong schedule sa BukSU CAT exam kontaka dayon ang Admission and Testing Unit. Mahimong ma reschedule kini depende kung naay bakante nga slot ug balido ang imong rason.
172,PASS,exam_requirements,exam_requirements,ask_requirement,exam requirements,admissions_info,Exam Requirements,,What to bring on the examination day Test takers must bring the following items: 1. Test Permit (can be downloaded from the BukSU admission website) 2. Application Form (can be downloaded from the BukSU admission webs...
173,PASS,status_application,status_application,ask_general_info,status application,admissions_info,Status Application,,How would I know that my application to take the College Admission Test is accepted? Applicants will be notified of the status of their application in their BukSU Admissions Account. Login to the BukSU Admissions acco...
174,WRONG,freshman_admission_requirements,exam_requirements,ask_requirement,unsa ang requirements para maka apply sa admission examination?,admissions_info,Freshman Admission Requirements,,Unsa ang dad-on sa adlaw sa examination Kinahanglan dad-on sa mga test takers ang mosunod: 1. Test Permit (ma-download gikan sa BukSU admission website) 2. Application Form (ma-download gikan sa BukSU admission websit...
175,PASS,online_application_schedule,online_application_schedule,ask_schedule,when is the admisson application testing schedule,admissions_info,Online Application Schedule,,"We cannot provide one fixed exact date for the BukSU admission and testing application because the schedule may change every academic year. Usually, the admission application period starts around November and may cont..."
176,PASS,exam_requirements,exam_requirements,ask_requirement,what are the requirements for exam requirements,admissions_info,Exam Requirements,,What to bring on the examination day Test takers must bring the following items: 1. Test Permit (can be downloaded from the BukSU admission website) 2. Application Form (can be downloaded from the BukSU admission webs...
177,PASS,cat_exam_result,cat_exam_result,ask_location,asa nako makita ang report rating,admissions_info,CAT Exam Result,,Ang pinakasayon nga paagi aron mahibal-an kung nakapasar ka sa BukSU Admission CAT Examination mao ang pag-log in sa imong BukSU Admission account ug adto sa Admission tab. Pwede pud nimo dali nga ma-access kini pinaa...
178,PASS,status_application,status_application,ask_process,unsaon nako pagkahibalo kung na accept akong,admissions_info,Status Application,,Unsaon nako pagkahibalo nga gi-accept ang akong aplikasyon para mo-take sa College Admission Test? Ang mga aplikante pahibaloan sa status sa ilang aplikasyon pinaagi sa ilang BukSU Admissions Account. Mag-login sa Buk...
179,PASS,no_slots,no_slots,ask_general_info,what should i do if there are no avalilable slots for the exam,admissions_info,No Slots,,"No Slots Available? Evaluators are still checking applications. Stay logged in, go to Step 4, and refresh between 8 AM and 5 PM. New slots may appear if others are denied."
180,PASS,exam_results,exam_results,ask_general_info,what is exam results,admissions_info,Exam Results,,How and when will I know my examination result? The schedule of releasing examination results will be posted on the BukSU Admission and Testing Facebook page. Examination results will also be posted on your admission...
181,PASS,take_exam,take_exam,ask_process,unsa ang mga steps para maka-apply sa buksu cat,admissions_info,Take Exam,,Unsaon nako pagkuha sa BukSU College Admission Test? Sunod kining mga lakang aron mag-apply sa BukSU College Admission Test: Step 1: Bisitaha ang http://admissions.buksu.edu.ph. Mag-register gamit ang imong active nga...
182,PASS,additional_slots,additional_slots,ask_availability,naa pa bay idugang nga slots?,admissions_info,Additional Slots,,Wondering unsa ang buhaton kung walay slots nga available? padayon og check ang admissions portal kanunay and sulayi og submit imong application pag-usab. dugang slots posibleng mo open if some application kay nanga d...
183,PASS,online_application_schedule,online_application_schedule,ask_schedule,admission testing application date?,admissions_info,Online Application Schedule,,"We cannot provide one fixed exact date for the BukSU admission and testing application because the schedule may change every academic year. Usually, the admission application period starts around November and may cont..."
184,PASS,additional_slots,additional_slots,ask_general_info,mo open pa ba ang admission?,admissions_info,Additional Slots,,Wondering what to do if no slots are available? Keep checking the admissions portal regularly and try submitting your application again. Additional slots may open up if some applications are denied due to incomplete o...
185,PASS,exam_requirements,exam_requirements,ask_requirement,unsa ang kinahanglan nako dalhon sa adlaw sa exam?,admissions_info,Exam Requirements,,Unsa ang dad-on sa adlaw sa examination Kinahanglan dad-on sa mga test takers ang mosunod: 1. Test Permit (ma-download gikan sa BukSU admission website) 2. Application Form (ma-download gikan sa BukSU admission websit...
186,PASS,cat_exam_result,cat_exam_result,ask_location,where can i find nakapasar ba ko unsaon pag tan aw,admissions_info,CAT Exam Result,,Ang pinakasayon nga paagi aron mahibal-an kung nakapasar ka sa BukSU Admission CAT Examination mao ang pag-log in sa imong BukSU Admission account ug adto sa Admission tab. Pwede pud nimo dali nga ma-access kini pinaa...
187,PASS,status_application,status_application,ask_process,unsaon nako pagkahibalo kung na-accept akong application?,admissions_info,Status Application,,Unsaon nako pagkahibalo nga gi-accept ang akong aplikasyon para mo-take sa College Admission Test? Ang mga aplikante pahibaloan sa status sa ilang aplikasyon pinaagi sa ilang BukSU Admissions Account. Mag-login sa Buk...
188,PASS,cat_exam_result,cat_exam_result,ask_general_info,unsa ang cat exam result,admissions_info,CAT Exam Result,,Ang pinakasayon nga paagi aron mahibal-an kung nakapasar ka sa BukSU Admission CAT Examination mao ang pag-log in sa imong BukSU Admission account ug adto sa Admission tab. Pwede pud nimo dali nga ma-access kini pinaa...
189,PASS,exam_results,exam_results,ask_general_info,exam results,admissions_info,Exam Results,,How and when will I know my examination result? The schedule of releasing examination results will be posted on the BukSU Admission and Testing Facebook page. Examination results will also be posted on your admission...
190,WRONG,system_error,cat_exam_result,ask_general_info,what is ngano nag error ang website,admissions_info,System Error,,Ang pinakasayon nga paagi aron mahibal-an kung nakapasar ka sa BukSU Admission CAT Examination mao ang pag-log in sa imong BukSU Admission account ug adto sa Admission tab. Pwede pud nimo dali nga ma-access kini pinaa...
191,PASS,buksu_cat_calculator_policy,buksu_cat_calculator_policy,ask_general_info,maka gamit ba tag calcu?,admissions_info,BukSU CAT Calculator Policy,,No the use of any type of calculator basic or scientific is strictly prohibited during the BukSU CAT. Only pencils erasers and your permit are allowed inside the testing room.
192,PASS,take_exam,take_exam,ask_general_info,unsa ang take exam,admissions_info,Take Exam,,Unsaon nako pagkuha sa BukSU College Admission Test? Sunod kining mga lakang aron mag-apply sa BukSU College Admission Test: Step 1: Bisitaha ang http://admissions.buksu.edu.ph. Mag-register gamit ang imong active nga...
193,PASS,buksu_cat_calculator_policy,buksu_cat_calculator_policy,ask_general_info,pwede mu gamit ug calculator sa exam?,admissions_info,BukSU CAT Calculator Policy,,Dili ang paggamit og bisan unsang klase sa calculator basic o scientific hugot nga gidili sa panahon sa BukSU CAT. Lapis eraser ug permit lang ang gitugutan sa sulod sa testing room.
194,PASS,application_next_step,application_next_step,ask_general_info,unsa ang nahuman na nako akong online application unsa akong buhaton sunod,admissions_info,Application Next Step,,"Nakahuman na ko sa online application. Unsa ang sunod nga buhaton? Human nimo mapuno ang application, pilia ang imong preferred nga schedule ug venue. Siguroha nga nahuman nimo ang tibuok application process ug andama..."
195,PASS,buksu_cat_calculator_policy,buksu_cat_calculator_policy,ask_general_info,unsa ang pwede mu gamit ug calculator sa exam,admissions_info,BukSU CAT Calculator Policy,,Dili ang paggamit og bisan unsang klase sa calculator basic o scientific hugot nga gidili sa panahon sa BukSU CAT. Lapis eraser ug permit lang ang gitugutan sa sulod sa testing room.
196,PASS,reschedule_entrance_exam,reschedule_entrance_exam,ask_schedule,walkin entrance exam is allowed,admissions_info,Reschedule Entrance Exam,,"The BukSU Entrance Examination cannot be rescheduled once your exam date has been assigned. If you are unable to attend your scheduled exam, you may need to wait for the next admission cycle. I recommend ensuring your..."
197,PASS,admission_application_deadline,admission_application_deadline,ask_schedule,kanus a ang deadline sa admisson,admissions_info,Admission Application Deadline,,"Walay eksaktong petsa, apan kasagaran matapos ang admission sa katapusang semana sa Marso. Mahimo nimo bisitahon ang ilang FB page para sa updates: https://www.facebook.com/BukSUATU"
198,PASS,status_application,status_application,ask_location,asa nako ma check kung nadawat akong,admissions_info,Status Application,,Unsaon nako pagkahibalo nga gi-accept ang akong aplikasyon para mo-take sa College Admission Test? Ang mga aplikante pahibaloan sa status sa ilang aplikasyon pinaagi sa ilang BukSU Admissions Account. Mag-login sa Buk...
199,PASS,online_application_schedule,online_application_schedule,ask_schedule,admission application testing schedule,admissions_info,Online Application Schedule,,"We cannot provide one fixed exact date for the BukSU admission and testing application because the schedule may change every academic year. Usually, the admission application period starts around November and may cont..."
200,PASS,second_courser_cat_application,second_courser_cat_application,ask_availability,second courser cat application?,admissions_info,Second Courser CAT Application,,Yes second coursers may apply for the BukSU CAT. They are required to pay a 300 peso testing fee and submit their Transcript of Records. Second coursers are not eligible for the Free Higher Education benefits.
201,PASS,online_application_schedule,online_application_schedule,ask_schedule,when is the admission application testing schedule?,admissions_info,Online Application Schedule,,"We cannot provide one fixed exact date for the BukSU admission and testing application because the schedule may change every academic year. Usually, the admission application period starts around November and may cont..."
202,PASS,main_campus_full,main_campus_full,ask_location,how to puno na ang slots sa main campus asa pa ko pwede mo-apply,admissions_info,Main Campus Full,,"Unsaon kung puno na ang admission slots sa Main Campus? Sa karon, puno na ang admission slots sa Main Campus. Pwede nimo hunahunaon nga mag-apply sa usa sa among ubang satellite campuses. Palihog hinumdomi nga ang lok..."
203,PASS,exam_requirements,exam_requirements,ask_requirement,what should i bring for pwede nimo isulti unsa ang mga requirements nga akong dad-on para sa exam,admissions_info,Exam Requirements,,Unsa ang dad-on sa adlaw sa examination Kinahanglan dad-on sa mga test takers ang mosunod: 1. Test Permit (ma-download gikan sa BukSU admission website) 2. Application Form (ma-download gikan sa BukSU admission websit...
204,PASS,main_campus_full,main_campus_full,ask_general_info,what is main campus full,admissions_info,Main Campus Full,,"What if the admission slots at the Main Campus are full? Currently, the admission slots at the Main Campus are already full. You may consider applying to one of our other satellite campuses instead. Please note that t..."
205,PASS,main_campus_full,main_campus_full,ask_location,puno na ang slots sa main campus asa pa ko pwede mo-apply,admissions_info,Main Campus Full,,"Unsaon kung puno na ang admission slots sa Main Campus? Sa karon, puno na ang admission slots sa Main Campus. Pwede nimo hunahunaon nga mag-apply sa usa sa among ubang satellite campuses. Palihog hinumdomi nga ang lok..."
206,WRONG,system_error,cat_exam_result,ask_availability,dili ko maka proceed naay error,admissions_info,System Error,,The only way to know if you passed the BukSU Admission CAT Examination is to log in to your BukSU Admission account and go to the Admission tab. You can also quickly access it through notifications from BukSU Admissio...
207,PASS,main_campus_full,main_campus_full,ask_location,where is puno na ang slots sa main campus asa pa ko pwede mo-apply,admissions_info,Main Campus Full,,"Unsaon kung puno na ang admission slots sa Main Campus? Sa karon, puno na ang admission slots sa Main Campus. Pwede nimo hunahunaon nga mag-apply sa usa sa among ubang satellite campuses. Palihog hinumdomi nga ang lok..."
208,WRONG,system_error,cat_exam_result,ask_process,why is the site showing system error,admissions_info,System Error,,The only way to know if you passed the BukSU Admission CAT Examination is to log in to your BukSU Admission account and go to the Admission tab. You can also quickly access it through notifications from BukSU Admissio...
209,WRONG,apply_cat_using_mobile_phone,phone_use_in_class,ask_contact,ok ra ba mag cellphone mag fill up?,admissions_info,Apply CAT Using Mobile Phone,,The use of mobile phones during class depends on the classroom rules set by the instructor.
210,PASS,exam_fees,exam_fees,ask_fee,how much kinahanglan ba ko mobayad para sa buksu entrance exam,admissions_info,Exam Fees,,"Naay bayad ang College Admission Test? Ang College Admission Tests libre ra sa Bukidnon State University. Apan, ang mga aplikante nga nakakompleto na og bachelor's degree (second course takers) kinahanglan magbayad og..."
211,PASS,missing_admission_documents,missing_admission_documents,ask_requirement,incomplete admisson documents,admissions_info,Missing Admission Documents,,"If you still have missing admission documents, log in to your BukSU Admission account and edit your admission application so you can upload the remaining document. Make sure every required document is complete before..."
212,PASS,status_application,status_application,ask_process,how to unsaon nako pagkahibalo kung approved akong cat exam application,admissions_info,Status Application,,Unsaon nako pagkahibalo nga gi-accept ang akong aplikasyon para mo-take sa College Admission Test? Ang mga aplikante pahibaloan sa status sa ilang aplikasyon pinaagi sa ilang BukSU Admissions Account. Mag-login sa Buk...
213,PASS,second_courser_requirements,second_courser_requirements,ask_location,papeles ipasa if second course?,admissions_info,Second Courser Requirements,,Second coursers must submit a Transcript of Records for evaluation a 2x2 ID picture and a payment receipt of 300 pesos for the admission test and they are generally not covered by the Free Higher Education law.
214,PASS,exam_fees,exam_fees,ask_fee,kinahanglan ba ko mobayad para sa buksu entrance exam?,admissions_info,Exam Fees,,"Naay bayad ang College Admission Test? Ang College Admission Tests libre ra sa Bukidnon State University. Apan, ang mga aplikante nga nakakompleto na og bachelor's degree (second course takers) kinahanglan magbayad og..."
215,PASS,missed_buksu_cat_schedule,missed_buksu_cat_schedule,ask_schedule,nawala nako sa akong exam date?,admissions_info,Missed BukSU CAT Schedule,,Kung mapalabay nimo ang imong schedule sa BukSU CAT exam kontaka dayon ang Admission and Testing Unit. Mahimong ma reschedule kini depende kung naay bakante nga slot ug balido ang imong rason.
216,PASS,online_application_schedule,online_application_schedule,ask_schedule,tell me about admission testing application date,admissions_info,Online Application Schedule,,"We cannot provide one fixed exact date for the BukSU admission and testing application because the schedule may change every academic year. Usually, the admission application period starts around November and may cont..."
217,PASS,status_application,status_application,ask_process,what is the process for unsaon nako pagkahibalo kung approved akong cat exam application,admissions_info,Status Application,,Unsaon nako pagkahibalo nga gi-accept ang akong aplikasyon para mo-take sa College Admission Test? Ang mga aplikante pahibaloan sa status sa ilang aplikasyon pinaagi sa ilang BukSU Admissions Account. Mag-login sa Buk...
218,SUGGESTION,additional_slots,(none),ask_schedule,kanus mag add ug slots,admissions_info,Additional Slots,"Missed BukSU CAT Schedule, Online Application Schedule","Do you mean Missed BukSU CAT Schedule or Online Application Schedule? Suggestions: Missed BukSU CAT Schedule, Online Application Schedule"
219,PASS,reschedule_entrance_exam,reschedule_entrance_exam,ask_schedule,tell me about reschedule entrance exam,admissions_info,Reschedule Entrance Exam,,"The BukSU Entrance Examination cannot be rescheduled once your exam date has been assigned. If you are unable to attend your scheduled exam, you may need to wait for the next admission cycle. I recommend ensuring your..."
220,PASS,test_permit_issue,test_permit_issue,ask_document,test permit cannot open,admissions_info,Test Permit Issue,,"If your BukSU CAT test permit is corrupted, invalid, missing, or cannot be opened, log in again to your BukSU Admission account and try downloading the test permit again. If the downloaded file still does not work, co..."
221,WRONG,second_courser_cat_application,take_exam,ask_availability,allowed ba mu take exam if naa nay degree?,admissions_info,Second Courser CAT Application,,Unsaon nako pagkuha sa BukSU College Admission Test? Sunod kining mga lakang aron mag-apply sa BukSU College Admission Test: Step 1: Bisitaha ang http://admissions.buksu.edu.ph. Mag-register gamit ang imong active nga...
222,PASS,second_courser_cat_application,second_courser_cat_application,ask_availability,unsa ang second courser cat application,admissions_info,Second Courser CAT Application,,Oo ang mga second courser mahimong maka apply sa BukSU CAT. Kinahanglan sila mobayad og 300 pesos nga testing fee ug mag submit sa Transcript of Records. Dili sila kwalipikado sa libre nga tuition sa Free Higher Educa...
223,PASS,buksu_cat_definition,buksu_cat_definition,ask_general_info,unsa meaning sa buksu cat?,admissions_info,BukSU CAT Definition,,Ang BukSU CAT mao ang Bukidnon State University College Admission Test. Kini mandatory nga exam para sa tanang incoming first year students ug second coursers nga gusto mo enroll sa undergraduate programs.
224,PASS,second_courser_cat_application,second_courser_cat_application,ask_fee,naa bay bayad if second course,admissions_info,Second Courser CAT Application,,Oo ang mga second courser mahimong maka apply sa BukSU CAT. Kinahanglan sila mobayad og 300 pesos nga testing fee ug mag submit sa Transcript of Records. Dili sila kwalipikado sa libre nga tuition sa Free Higher Educa...
225,WRONG,system_error,cat_exam_result,ask_process,how to why is the site showing system error,admissions_info,System Error,,The only way to know if you passed the BukSU Admission CAT Examination is to log in to your BukSU Admission account and go to the Admission tab. You can also quickly access it through notifications from BukSU Admissio...
226,PASS,additional_slots,additional_slots,ask_schedule,kanus a mag add ug slots?,admissions_info,Additional Slots,,Wondering unsa ang buhaton kung walay slots nga available? padayon og check ang admissions portal kanunay and sulayi og submit imong application pag-usab. dugang slots posibleng mo open if some application kay nanga d...
227,PASS,main_campus_full,main_campus_full,ask_location,puno na ang slots sa main campus asa pa ko pwede mo-apply?,admissions_info,Main Campus Full,,"Unsaon kung puno na ang admission slots sa Main Campus? Sa karon, puno na ang admission slots sa Main Campus. Pwede nimo hunahunaon nga mag-apply sa usa sa among ubang satellite campuses. Palihog hinumdomi nga ang lok..."
228,PASS,admission_application_deadline,admission_application_deadline,ask_schedule,admisson application deadline,admissions_info,Admission Application Deadline,,"There is no exact deadline, but BukSU admission applications usually end during the last week of March. You can visit their official Facebook page for updates: https://www.facebook.com/BukSUATU"
229,PASS,test_permit_issue,test_permit_issue,ask_requirement,what are the requirements for test permit corrupted,admissions_info,Test Permit Issue,,"If your BukSU CAT test permit is corrupted, invalid, missing, or cannot be opened, log in again to your BukSU Admission account and try downloading the test permit again. If the downloaded file still does not work, co..."
230,PASS,denied_applications,denied_applications,ask_general_info,unsa ang denied applications,admissions_info,Denied Applications,,"Ngano nga gideny ang akong aplikasyon gikan sa usa ka testing site? Ang aplikasyon gikan sa ubang testing sites basin gideny tungod kay puno na ang application slots, ug nakaabot na kini sa ilang maximum capacity. Pwe..."
231,WRONG,denied_applications,buksu_cat_definition,ask_general_info,what is ngano gi-deny akong buksu cat application sa testing site,admissions_info,Denied Applications,,Ang BukSU CAT mao ang Bukidnon State University College Admission Test. Kini mandatory nga exam para sa tanang incoming first year students ug second coursers nga gusto mo enroll sa undergraduate programs.
232,PASS,exam_results,exam_results,ask_general_info,tell me about exam results,admissions_info,Exam Results,,How and when will I know my examination result? The schedule of releasing examination results will be posted on the BukSU Admission and Testing Facebook page. Examination results will also be posted on your admission...
233,PASS,application_next_step,application_next_step,ask_general_info,nahuman na nako akong online application unsa akong buhaton sunod,admissions_info,Application Next Step,,"Nakahuman na ko sa online application. Unsa ang sunod nga buhaton? Human nimo mapuno ang application, pilia ang imong preferred nga schedule ug venue. Siguroha nga nahuman nimo ang tibuok application process ug andama..."
234,PASS,test_permit_issue,test_permit_issue,ask_document,test permit error,admissions_info,Test Permit Issue,,"If your BukSU CAT test permit is corrupted, invalid, missing, or cannot be opened, log in again to your BukSU Admission account and try downloading the test permit again. If the downloaded file still does not work, co..."
235,PASS,application_next_step,application_next_step,ask_general_info,tell me about nahuman na nako ang online application unsa na sunod buhaton,admissions_info,Application Next Step,,"Nakahuman na ko sa online application. Unsa ang sunod nga buhaton? Human nimo mapuno ang application, pilia ang imong preferred nga schedule ug venue. Siguroha nga nahuman nimo ang tibuok application process ug andama..."
236,PASS,transferee_admission_requirements,transferee_admission_requirements,ask_requirement,unsa requirements sa pwede ra maka balhin diri,admissions_info,Transferee Admission Requirements,,"Oo, modawat ang BukSU og transferees depende sa available nga slots sa imong pilion nga kurso. Kinahanglan una ka mopasar sa BukSU Admission bago ka maka-enroll isip transferee. Human nimo makapasar sa admission, adto..."
237,PASS,freshman_admission_requirements,freshman_admission_requirements,ask_requirement,how to unsa ang dad on para mag apply ang incoming freshman,admissions_info,Freshman Admission Requirements,,Ania ang mga kinahanglanon nga imong andamon sa dili pa mag-apply para sa BukSU Admission Testing: 1. Kinahanglan naa kay personal nga Gmail account aron makahimo og account sa BukSU Admissions: https://admissions.buk...
238,PASS,no_slots,no_slots,ask_availability,i forgot my no slots available in the admission portal what do i do,admissions_info,No Slots,,"No Slots Available? Evaluators are still checking applications. Stay logged in, go to Step 4, and refresh between 8 AM and 5 PM. New slots may appear if others are denied."
239,PASS,denied_applications,denied_applications,ask_general_info,what is ngano gi-deny akong admission application sa testing site,admissions_info,Denied Applications,,"Ngano nga gideny ang akong aplikasyon gikan sa usa ka testing site? Ang aplikasyon gikan sa ubang testing sites basin gideny tungod kay puno na ang application slots, ug nakaabot na kini sa ilang maximum capacity. Pwe..."
240,PASS,application_next_step,application_next_step,ask_general_info,unsa ang nahuman na nako ang online application unsa na sunod buhaton,admissions_info,Application Next Step,,"Nakahuman na ko sa online application. Unsa ang sunod nga buhaton? Human nimo mapuno ang application, pilia ang imong preferred nga schedule ug venue. Siguroha nga nahuman nimo ang tibuok application process ug andama..."
241,PASS,missed_buksu_cat_schedule,missed_buksu_cat_schedule,ask_schedule,tell me about nawala nako sa akong exam date,admissions_info,Missed BukSU CAT Schedule,,Kung mapalabay nimo ang imong schedule sa BukSU CAT exam kontaka dayon ang Admission and Testing Unit. Mahimong ma reschedule kini depende kung naay bakante nga slot ug balido ang imong rason.
242,PASS,no_slots,no_slots,ask_availability,what should i do if there are no available slots for the exam,admissions_info,No Slots,,"No Slots Available? Evaluators are still checking applications. Stay logged in, go to Step 4, and refresh between 8 AM and 5 PM. New slots may appear if others are denied."
243,PASS,buksu_cat_calculator_policy,buksu_cat_calculator_policy,ask_general_info,unsa ang buksu cat calculator policy,admissions_info,BukSU CAT Calculator Policy,,Dili ang paggamit og bisan unsang klase sa calculator basic o scientific hugot nga gidili sa panahon sa BukSU CAT. Lapis eraser ug permit lang ang gitugutan sa sulod sa testing room.
244,PASS,apply_cat_using_mobile_phone,apply_cat_using_mobile_phone,ask_contact,apply cat using mobile phone?,admissions_info,Apply CAT Using Mobile Phone,,Yes you can use a mobile phone to access the admission portal. However using a desktop or laptop is recommended when uploading documents like photos and certificates to avoid technical errors.
245,PASS,reschedule_entrance_exam,reschedule_entrance_exam,ask_schedule,walk in entrance exam is allowed,admissions_info,Reschedule Entrance Exam,,"The BukSU Entrance Examination cannot be rescheduled once your exam date has been assigned. If you are unable to attend your scheduled exam, you may need to wait for the next admission cycle. I recommend ensuring your..."
246,PASS,application_next_step,application_next_step,ask_process,application next step?,admissions_info,Application Next Step,,"I have already filled out the online application. What is the next step? After you have filled out the application, select your preferred schedule and venue. Make sure that you have completed the application process a..."
247,PASS,main_campus_full,main_campus_full,ask_location,asa puno na ang slots sa buksu main campus asa ko adto,admissions_info,Main Campus Full,,"Unsaon kung puno na ang admission slots sa Main Campus? Sa karon, puno na ang admission slots sa Main Campus. Pwede nimo hunahunaon nga mag-apply sa usa sa among ubang satellite campuses. Palihog hinumdomi nga ang lok..."
248,PASS,reschedule_entrance_exam,reschedule_entrance_exam,ask_schedule,what is walk-in entrance exam,admissions_info,Reschedule Entrance Exam,,"The BukSU Entrance Examination cannot be rescheduled once your exam date has been assigned. If you are unable to attend your scheduled exam, you may need to wait for the next admission cycle. I recommend ensuring your..."
249,PASS,test_permit_issue,test_permit_issue,ask_document,test permit corrupted?,admissions_info,Test Permit Issue,,"If your BukSU CAT test permit is corrupted, invalid, missing, or cannot be opened, log in again to your BukSU Admission account and try downloading the test permit again. If the downloaded file still does not work, co..."
250,PASS,main_campus_full,main_campus_full,ask_general_info,unsa kung puno na ang slots sa main campus?,admissions_info,Main Campus Full,,"Unsaon kung puno na ang admission slots sa Main Campus? Sa karon, puno na ang admission slots sa Main Campus. Pwede nimo hunahunaon nga mag-apply sa usa sa among ubang satellite campuses. Palihog hinumdomi nga ang lok..."
251,PASS,exam_fees,exam_fees,ask_fee,pila ang kinahanglan ba ko mobayad para sa buksu entrance exam,admissions_info,Exam Fees,,"Naay bayad ang College Admission Test? Ang College Admission Tests libre ra sa Bukidnon State University. Apan, ang mga aplikante nga nakakompleto na og bachelor's degree (second course takers) kinahanglan magbayad og..."
252,PASS,no_slots,no_slots,ask_availability,what is no slots available in the admission portal what do i do,admissions_info,No Slots,,"No Slots Available? Evaluators are still checking applications. Stay logged in, go to Step 4, and refresh between 8 AM and 5 PM. New slots may appear if others are denied."
253,WRONG,second_courser_requirements,second_courser_cat_application,ask_location,asa dapit ang papeles ipasa if second course,admissions_info,Second Courser Requirements,,Oo ang mga second courser mahimong maka apply sa BukSU CAT. Kinahanglan sila mobayad og 300 pesos nga testing fee ug mag submit sa Transcript of Records. Dili sila kwalipikado sa libre nga tuition sa Free Higher Educa...
254,PASS,no_slots,no_slots,ask_general_info,tell me about no slots,admissions_info,No Slots,,"No Slots Available? Evaluators are still checking applications. Stay logged in, go to Step 4, and refresh between 8 AM and 5 PM. New slots may appear if others are denied."
255,PASS,reschedule_entrance_exam,reschedule_entrance_exam,ask_schedule,unsa ang walk in entrance exam is allowed,admissions_info,Reschedule Entrance Exam,,"Dili ma-reschedule ang BukSU Entrance Examination kung naa na kay assigned exam date. Kung dili ka makatunga sa imong scheduled exam, mahimo nga kinahanglan ka maghulat sa sunod nga admission cycle. Mas maayo nga sigu..."
256,PASS,reschedule_entrance_exam,reschedule_entrance_exam,ask_schedule,walk entrance exam allowed,admissions_info,Reschedule Entrance Exam,,"The BukSU Entrance Examination cannot be rescheduled once your exam date has been assigned. If you are unable to attend your scheduled exam, you may need to wait for the next admission cycle. I recommend ensuring your..."
257,PASS,second_courser_cat_application,second_courser_cat_application,ask_availability,second courser cat application,admissions_info,Second Courser CAT Application,,Yes second coursers may apply for the BukSU CAT. They are required to pay a 300 peso testing fee and submit their Transcript of Records. Second coursers are not eligible for the Free Higher Education benefits.
258,PASS_SUGGESTION,missed_buksu_cat_schedule,(none),ask_schedule,if nakaligtaan akong exam schedule,admissions_info,Missed BukSU CAT Schedule,"Missed BukSU CAT Schedule, Reschedule Entrance Exam","Do you mean Missed BukSU CAT Schedule or Reschedule Entrance Exam? Suggestions: Missed BukSU CAT Schedule, Reschedule Entrance Exam"
259,WRONG,system_error,cat_exam_result,ask_availability,dili ko maka proceed naay error?,admissions_info,System Error,,The only way to know if you passed the BukSU Admission CAT Examination is to log in to your BukSU Admission account and go to the Admission tab. You can also quickly access it through notifications from BukSU Admissio...
260,PASS,test_permit_issue,test_permit_issue,ask_document,unsa ang test permit cannot open,admissions_info,Test Permit Issue,,"Kung corrupted, invalid, nawala, o dili ma-open ang imong BukSU CAT test permit, login balik sa imong BukSU Admission account ug sulayi pag-download usab ang test permit. Kung dili gihapon mo-work ang na-download nga..."
261,PASS,freshman_admission_requirements,freshman_admission_requirements,ask_requirement,what are the requirements for freshman admission requirements,admissions_info,Freshman Admission Requirements,,Here are the requirements you need before applying for BukSU Admission Testing: 1. You need to have your own personal Gmail account to create an account on BukSU Admissions: https://admissions.buksu.edu.ph/ 2. You nee...
262,PASS,freshman_admission_requirements,freshman_admission_requirements,ask_requirement,unsa kailangan para maghimo ug account?,admissions_info,Freshman Admission Requirements,,Ania ang mga kinahanglanon nga imong andamon sa dili pa mag-apply para sa BukSU Admission Testing: 1. Kinahanglan naa kay personal nga Gmail account aron makahimo og account sa BukSU Admissions: https://admissions.buk...
263,PASS,main_campus_full,main_campus_full,ask_general_info,tell me about main campus full,admissions_info,Main Campus Full,,"What if the admission slots at the Main Campus are full? Currently, the admission slots at the Main Campus are already full. You may consider applying to one of our other satellite campuses instead. Please note that t..."
264,PASS,exam_fees,exam_fees,ask_fee,naa bay bayad ang buksu college admission test?,admissions_info,Exam Fees,,"Naay bayad ang College Admission Test? Ang College Admission Tests libre ra sa Bukidnon State University. Apan, ang mga aplikante nga nakakompleto na og bachelor's degree (second course takers) kinahanglan magbayad og..."
265,PASS,freshman_admission_requirements,freshman_admission_requirements,ask_requirement,unsaon unsa ang dad on para mag apply ang incoming freshman,admissions_info,Freshman Admission Requirements,,Ania ang mga kinahanglanon nga imong andamon sa dili pa mag-apply para sa BukSU Admission Testing: 1. Kinahanglan naa kay personal nga Gmail account aron makahimo og account sa BukSU Admissions: https://admissions.buk...
266,PASS,reschedule_entrance_exam,reschedule_entrance_exam,ask_schedule,walk-in entrance exam?,admissions_info,Reschedule Entrance Exam,,"The BukSU Entrance Examination cannot be rescheduled once your exam date has been assigned. If you are unable to attend your scheduled exam, you may need to wait for the next admission cycle. I recommend ensuring your..."
267,WRONG,system_error,cat_exam_result,ask_process,why site showing system error,admissions_info,System Error,,The only way to know if you passed the BukSU Admission CAT Examination is to log in to your BukSU Admission account and go to the Admission tab. You can also quickly access it through notifications from BukSU Admissio...
268,PASS,transferee_admission_requirements,transferee_admission_requirements,ask_requirement,what are the requirements for transferee admission requirements,admissions_info,Transferee Admission Requirements,,"Yes BukSU accepts transferees depending on the availability of slots in the chosen program. You must first take and pass the BukSU Admission before you can enroll as a transferee. Once you pass the admission, proceed..."
269,PASS,transferee_admission_requirements,transferee_admission_requirements,ask_requirement,pwede ra maka balhin diri,admissions_info,Transferee Admission Requirements,,"Oo, modawat ang BukSU og transferees depende sa available nga slots sa imong pilion nga kurso. Kinahanglan una ka mopasar sa BukSU Admission bago ka maka-enroll isip transferee. Human nimo makapasar sa admission, adto..."
270,PASS_SUGGESTION,exam_requirements,(none),ask_requirement,exam requirments,admissions_info,Exam Requirements,"Exam Requirements, Second Courser Requirements","Do you mean Exam Requirements or Second Courser Requirements? Suggestions: Exam Requirements, Second Courser Requirements"
271,PASS,buksu_cat_calculator_policy,buksu_cat_calculator_policy,ask_general_info,buksu cat calculator policy?,admissions_info,BukSU CAT Calculator Policy,,No the use of any type of calculator basic or scientific is strictly prohibited during the BukSU CAT. Only pencils erasers and your permit are allowed inside the testing room.
272,PASS,missing_admission_documents,missing_admission_documents,ask_location,where do i submit my missing admission documents,admissions_info,Missing Admission Documents,,"If you still have missing admission documents, log in to your BukSU Admission account and edit your admission application so you can upload the remaining document. Make sure every required document is complete before..."
273,PASS,missing_admission_documents,missing_admission_documents,ask_requirement,unsa requirements sa missing admission documents,admissions_info,Missing Admission Documents,,"Kung naa kay kulang nga admission documents, login sa imong BukSU Admission account ug i-edit ang imong admission application aron ma-upload nimo ang kulang nga document. Siguroa nga kompleto ang tanang required docum..."
274,PASS,freshman_admission_requirements,freshman_admission_requirements,ask_requirement,freshman admisson requirments,admissions_info,Freshman Admission Requirements,,Here are the requirements you need before applying for BukSU Admission Testing: 1. You need to have your own personal Gmail account to create an account on BukSU Admissions: https://admissions.buksu.edu.ph/ 2. You nee...
275,PASS,missing_admission_documents,missing_admission_documents,ask_requirement,submit missing admission documents,admissions_info,Missing Admission Documents,,"If you still have missing admission documents, log in to your BukSU Admission account and edit your admission application so you can upload the remaining document. Make sure every required document is complete before..."
276,PASS,transferee_admission_requirements,transferee_admission_requirements,ask_requirement,modawat ba mo og transferee?,admissions_info,Transferee Admission Requirements,,"Yes BukSU accepts transferees depending on the availability of slots in the chosen program. You must first take and pass the BukSU Admission before you can enroll as a transferee. Once you pass the admission, proceed..."
277,PASS,test_permit_issue,test_permit_issue,ask_document,test permit error?,admissions_info,Test Permit Issue,,"If your BukSU CAT test permit is corrupted, invalid, missing, or cannot be opened, log in again to your BukSU Admission account and try downloading the test permit again. If the downloaded file still does not work, co..."
278,PASS,main_campus_full,main_campus_full,ask_location,asa dapit ang puno na ang slots sa buksu main campus asa ko adto,admissions_info,Main Campus Full,,"Unsaon kung puno na ang admission slots sa Main Campus? Sa karon, puno na ang admission slots sa Main Campus. Pwede nimo hunahunaon nga mag-apply sa usa sa among ubang satellite campuses. Palihog hinumdomi nga ang lok..."
279,PASS,denied_applications,denied_applications,ask_general_info,gi-deny akong application unsa ang rason,admissions_info,Denied Applications,,"Ngano nga gideny ang akong aplikasyon gikan sa usa ka testing site? Ang aplikasyon gikan sa ubang testing sites basin gideny tungod kay puno na ang application slots, ug nakaabot na kini sa ilang maximum capacity. Pwe..."
280,PASS,main_campus_full,main_campus_full,ask_general_info,unsa ang main campus full,admissions_info,Main Campus Full,,"Unsaon kung puno na ang admission slots sa Main Campus? Sa karon, puno na ang admission slots sa Main Campus. Pwede nimo hunahunaon nga mag-apply sa usa sa among ubang satellite campuses. Palihog hinumdomi nga ang lok..."
281,PASS,reschedule_entrance_exam,reschedule_entrance_exam,ask_schedule,walk in entrance exam is allowed?,admissions_info,Reschedule Entrance Exam,,"The BukSU Entrance Examination cannot be rescheduled once your exam date has been assigned. If you are unable to attend your scheduled exam, you may need to wait for the next admission cycle. I recommend ensuring your..."
282,PASS,exam_fees,exam_fees,ask_fee,exam fees,admissions_info,Exam Fees,,"Are there fees for the College Admission Test? College Admission Tests are offered for FREE at Bukidnon State University. However, applicants who have already completed a bachelors degree (second course takers) need t..."
283,PASS,cat_exam_result,cat_exam_result,ask_location,nakapasar ba ko unsaon pag tan aw,admissions_info,CAT Exam Result,,Ang pinakasayon nga paagi aron mahibal-an kung nakapasar ka sa BukSU Admission CAT Examination mao ang pag-log in sa imong BukSU Admission account ug adto sa Admission tab. Pwede pud nimo dali nga ma-access kini pinaa...
284,PASS,second_courser_requirements,second_courser_requirements,ask_requirement,unsay unsa ang gikinahanglan sa second courser diris buksu,admissions_info,Second Courser Requirements,,Ang second courser kinahanglan mag submit og Transcript of Records para sa evaluation 2x2 ID picture ug resibo sa bayad nga 300 pesos para sa admission test ug kasagaran dili na sila sakop sa Free Higher Education law.
285,PASS,take_exam,take_exam,ask_process,unsaon unsaon nako pag-register sa buksu entrance exam online,admissions_info,Take Exam,,Unsaon nako pagkuha sa BukSU College Admission Test? Sunod kining mga lakang aron mag-apply sa BukSU College Admission Test: Step 1: Bisitaha ang http://admissions.buksu.edu.ph. Mag-register gamit ang imong active nga...
286,PASS,buksu_cat_definition,buksu_cat_definition,ask_general_info,para unsa ang college admisson test,admissions_info,BukSU CAT Definition,,Ang BukSU CAT mao ang Bukidnon State University College Admission Test. Kini mandatory nga exam para sa tanang incoming first year students ug second coursers nga gusto mo enroll sa undergraduate programs.
287,PASS,cat_exam_result,cat_exam_result,ask_location,where can i find unsaon nakabalo kung pasar na kos cat,admissions_info,CAT Exam Result,,Ang pinakasayon nga paagi aron mahibal-an kung nakapasar ka sa BukSU Admission CAT Examination mao ang pag-log in sa imong BukSU Admission account ug adto sa Admission tab. Pwede pud nimo dali nga ma-access kini pinaa...
288,PASS,exam_requirements,exam_requirements,ask_requirement,unsa requirements sa pwede nimo isulti unsa ang mga requirements nga akong dad-on para sa exam,admissions_info,Exam Requirements,,Unsa ang dad-on sa adlaw sa examination Kinahanglan dad-on sa mga test takers ang mosunod: 1. Test Permit (ma-download gikan sa BukSU admission website) 2. Application Form (ma-download gikan sa BukSU admission websit...
289,PASS,second_courser_cat_application,second_courser_cat_application,ask_fee,how much naa bay bayad if second course,admissions_info,Second Courser CAT Application,,Oo ang mga second courser mahimong maka apply sa BukSU CAT. Kinahanglan sila mobayad og 300 pesos nga testing fee ug mag submit sa Transcript of Records. Dili sila kwalipikado sa libre nga tuition sa Free Higher Educa...
290,PASS,no_slots,no_slots,ask_availability,no slots available in the admission portal what do i do,admissions_info,No Slots,,"No Slots Available? Evaluators are still checking applications. Stay logged in, go to Step 4, and refresh between 8 AM and 5 PM. New slots may appear if others are denied."
291,PASS,admission_application_deadline,admission_application_deadline,ask_schedule,kanus ang deadline sa admission,admissions_info,Admission Application Deadline,,"Walay eksaktong petsa, apan kasagaran matapos ang admission sa katapusang semana sa Marso. Mahimo nimo bisitahon ang ilang FB page para sa updates: https://www.facebook.com/BukSUATU"
292,PASS,buksu_cat_definition,buksu_cat_definition,ask_general_info,buksu cat definition,admissions_info,BukSU CAT Definition,,The BukSU CAT is the Bukidnon State University College Admission Test. It is a mandatory exam for all incoming first year college students and second coursers who want to enroll in undergraduate programs.
293,PASS,transferee_admission_requirements,transferee_admission_requirements,ask_requirement,unsa requirements sa transferee admission requirements,admissions_info,Transferee Admission Requirements,,"Oo, modawat ang BukSU og transferees depende sa available nga slots sa imong pilion nga kurso. Kinahanglan una ka mopasar sa BukSU Admission bago ka maka-enroll isip transferee. Human nimo makapasar sa admission, adto..."
294,PASS,take_exam,take_exam,ask_process,step by step nga proseso unsaon pag-take sa admission test sa buksu,admissions_info,Take Exam,,Unsaon nako pagkuha sa BukSU College Admission Test? Sunod kining mga lakang aron mag-apply sa BukSU College Admission Test: Step 1: Bisitaha ang http://admissions.buksu.edu.ph. Mag-register gamit ang imong active nga...
295,PASS,apply_cat_using_mobile_phone,apply_cat_using_mobile_phone,ask_general_info,cp ra akong gamit pwede ra ba?,admissions_info,Apply CAT Using Mobile Phone,,Oo pwede gamiton ang mobile phone para sa admission portal. Apan mas maayo kung mogamit og desktop o laptop para mas sayon ang pag upload sa mga dokumento ug malikayan ang mga technical error.
296,PASS,test_permit_issue,test_permit_issue,ask_document,test permit corrupted,admissions_info,Test Permit Issue,,"If your BukSU CAT test permit is corrupted, invalid, missing, or cannot be opened, log in again to your BukSU Admission account and try downloading the test permit again. If the downloaded file still does not work, co..."
297,PASS,exam_fees,exam_fees,ask_fee,how much naa bay bayad ang buksu college admission test,admissions_info,Exam Fees,,"Naay bayad ang College Admission Test? Ang College Admission Tests libre ra sa Bukidnon State University. Apan, ang mga aplikante nga nakakompleto na og bachelor's degree (second course takers) kinahanglan magbayad og..."
298,PASS,status_application,status_application,ask_general_info,unsa ang status application,admissions_info,Status Application,,Unsaon nako pagkahibalo nga gi-accept ang akong aplikasyon para mo-take sa College Admission Test? Ang mga aplikante pahibaloan sa status sa ilang aplikasyon pinaagi sa ilang BukSU Admissions Account. Mag-login sa Buk...
299,PASS,exam_results,exam_results,ask_process,how to pass notice how,admissions_info,Exam Results,,How and when will I know my examination result? The schedule of releasing examination results will be posted on the BukSU Admission and Testing Facebook page. Examination results will also be posted on your admission...
300,PASS,take_exam,take_exam,ask_process,how to unsaon nako pag-register sa buksu entrance exam online,admissions_info,Take Exam,,Unsaon nako pagkuha sa BukSU College Admission Test? Sunod kining mga lakang aron mag-apply sa BukSU College Admission Test: Step 1: Bisitaha ang http://admissions.buksu.edu.ph. Mag-register gamit ang imong active nga...
301,PASS,exam_fees,exam_fees,ask_fee,pila ang pila ang bayad sa admission test sa buksu,admissions_info,Exam Fees,,"Naay bayad ang College Admission Test? Ang College Admission Tests libre ra sa Bukidnon State University. Apan, ang mga aplikante nga nakakompleto na og bachelor's degree (second course takers) kinahanglan magbayad og..."
302,PASS,apply_cat_using_mobile_phone,apply_cat_using_mobile_phone,ask_contact,unsa ang pwede ba mag test gamit cellphone,admissions_info,Apply CAT Using Mobile Phone,,Oo pwede gamiton ang mobile phone para sa admission portal. Apan mas maayo kung mogamit og desktop o laptop para mas sayon ang pag upload sa mga dokumento ug malikayan ang mga technical error.
303,PASS,additional_slots,additional_slots,ask_general_info,unsa ang additional slots,admissions_info,Additional Slots,,Wondering unsa ang buhaton kung walay slots nga available? padayon og check ang admissions portal kanunay and sulayi og submit imong application pag-usab. dugang slots posibleng mo open if some application kay nanga d...
304,PASS,missing_admission_documents,missing_admission_documents,ask_requirement,missing admisson documents,admissions_info,Missing Admission Documents,,"If you still have missing admission documents, log in to your BukSU Admission account and edit your admission application so you can upload the remaining document. Make sure every required document is complete before..."
305,PASS,exam_requirements,exam_requirements,ask_requirement,unsa akong kinahanglan dad-on para sa exam,admissions_info,Exam Requirements,,Unsa ang dad-on sa adlaw sa examination Kinahanglan dad-on sa mga test takers ang mosunod: 1. Test Permit (ma-download gikan sa BukSU admission website) 2. Application Form (ma-download gikan sa BukSU admission websit...
306,PASS,application_next_step,application_next_step,ask_process,what is the process for application next step,admissions_info,Application Next Step,,"I have already filled out the online application. What is the next step? After you have filled out the application, select your preferred schedule and venue. Make sure that you have completed the application process a..."
307,PASS,application_next_step,application_next_step,ask_general_info,nahuman na nako ang online application unsa na sunod buhaton?,admissions_info,Application Next Step,,"Nakahuman na ko sa online application. Unsa ang sunod nga buhaton? Human nimo mapuno ang application, pilia ang imong preferred nga schedule ug venue. Siguroha nga nahuman nimo ang tibuok application process ug andama..."
308,PASS,additional_slots,additional_slots,ask_schedule,kanus a mag add ug slots,admissions_info,Additional Slots,,Wondering unsa ang buhaton kung walay slots nga available? padayon og check ang admissions portal kanunay and sulayi og submit imong application pag-usab. dugang slots posibleng mo open if some application kay nanga d...
309,PASS,transferee_admission_requirements,transferee_admission_requirements,ask_requirement,modawat ba mo og transferee,admissions_info,Transferee Admission Requirements,,"Yes BukSU accepts transferees depending on the availability of slots in the chosen program. You must first take and pass the BukSU Admission before you can enroll as a transferee. Once you pass the admission, proceed..."
310,PASS,transferee_admission_requirements,transferee_admission_requirements,ask_requirement,what are the requirements for modawat ba mo og transferee,admissions_info,Transferee Admission Requirements,,"Yes BukSU accepts transferees depending on the availability of slots in the chosen program. You must first take and pass the BukSU Admission before you can enroll as a transferee. Once you pass the admission, proceed..."
311,WRONG,system_error,cat_exam_result,ask_general_info,what is system error,admissions_info,System Error,,The only way to know if you passed the BukSU Admission CAT Examination is to log in to your BukSU Admission account and go to the Admission tab. You can also quickly access it through notifications from BukSU Admissio...
312,PASS,take_exam,take_exam,ask_process,step by step nga proseso unsaon pag-take sa admission test sa buksu?,admissions_info,Take Exam,,Unsaon nako pagkuha sa BukSU College Admission Test? Sunod kining mga lakang aron mag-apply sa BukSU College Admission Test: Step 1: Bisitaha ang http://admissions.buksu.edu.ph. Mag-register gamit ang imong active nga...
313,PASS,online_application_schedule,online_application_schedule,ask_schedule,what is online application schedule,admissions_info,Online Application Schedule,,"We cannot provide one fixed exact date for the BukSU admission and testing application because the schedule may change every academic year. Usually, the admission application period starts around November and may cont..."
314,PASS,test_permit_issue,test_permit_issue,ask_document,tell me about test permit error,admissions_info,Test Permit Issue,,"If your BukSU CAT test permit is corrupted, invalid, missing, or cannot be opened, log in again to your BukSU Admission account and try downloading the test permit again. If the downloaded file still does not work, co..."
315,PASS,buksu_cat_calculator_policy,buksu_cat_calculator_policy,ask_general_info,pwede mu gamit ug calculator sa exam,admissions_info,BukSU CAT Calculator Policy,,Dili ang paggamit og bisan unsang klase sa calculator basic o scientific hugot nga gidili sa panahon sa BukSU CAT. Lapis eraser ug permit lang ang gitugutan sa sulod sa testing room.
316,PASS,second_courser_requirements,second_courser_requirements,ask_location,where can i find papeles ipasa if second course,admissions_info,Second Courser Requirements,,Second coursers must submit a Transcript of Records for evaluation a 2x2 ID picture and a payment receipt of 300 pesos for the admission test and they are generally not covered by the Free Higher Education law.
317,PASS,additional_slots,additional_slots,ask_general_info,mo open pa ba ang admisson,admissions_info,Additional Slots,,Wondering what to do if no slots are available? Keep checking the admissions portal regularly and try submitting your application again. Additional slots may open up if some applications are denied due to incomplete o...
318,PASS,cat_exam_result,cat_exam_result,ask_location,asa nako makita ang report of rating,admissions_info,CAT Exam Result,,Ang pinakasayon nga paagi aron mahibal-an kung nakapasar ka sa BukSU Admission CAT Examination mao ang pag-log in sa imong BukSU Admission account ug adto sa Admission tab. Pwede pud nimo dali nga ma-access kini pinaa...
319,PASS,online_application_schedule,online_application_schedule,ask_schedule,tell me about admission application testing schedule,admissions_info,Online Application Schedule,,"We cannot provide one fixed exact date for the BukSU admission and testing application because the schedule may change every academic year. Usually, the admission application period starts around November and may cont..."
320,PASS,apply_cat_using_mobile_phone,apply_cat_using_mobile_phone,ask_contact,how to apply cat using mobile phone,admissions_info,Apply CAT Using Mobile Phone,,Yes you can use a mobile phone to access the admission portal. However using a desktop or laptop is recommended when uploading documents like photos and certificates to avoid technical errors.
321,PASS,test_permit_issue,test_permit_issue,ask_document,tell me about test permit cannot open,admissions_info,Test Permit Issue,,"If your BukSU CAT test permit is corrupted, invalid, missing, or cannot be opened, log in again to your BukSU Admission account and try downloading the test permit again. If the downloaded file still does not work, co..."
322,PASS,buksu_cat_definition,buksu_cat_definition,ask_general_info,what is buksu cat definition,admissions_info,BukSU CAT Definition,,The BukSU CAT is the Bukidnon State University College Admission Test. It is a mandatory exam for all incoming first year college students and second coursers who want to enroll in undergraduate programs.
323,PASS,missed_buksu_cat_schedule,missed_buksu_cat_schedule,ask_schedule,unsa ang missed buksu cat schedule,admissions_info,Missed BukSU CAT Schedule,,Kung mapalabay nimo ang imong schedule sa BukSU CAT exam kontaka dayon ang Admission and Testing Unit. Mahimong ma reschedule kini depende kung naay bakante nga slot ug balido ang imong rason.
324,PASS,reschedule_entrance_exam,reschedule_entrance_exam,ask_schedule,walk-in entrance exam,admissions_info,Reschedule Entrance Exam,,"The BukSU Entrance Examination cannot be rescheduled once your exam date has been assigned. If you are unable to attend your scheduled exam, you may need to wait for the next admission cycle. I recommend ensuring your..."
325,PASS,exam_fees,exam_fees,ask_fee,pila ang bayad sa admission test sa buksu,admissions_info,Exam Fees,,"Naay bayad ang College Admission Test? Ang College Admission Tests libre ra sa Bukidnon State University. Apan, ang mga aplikante nga nakakompleto na og bachelor's degree (second course takers) kinahanglan magbayad og..."
326,PASS,denied_applications,denied_applications,ask_general_info,tell me about denied applications,admissions_info,Denied Applications,,"Why was my application from a testing site denied? Applications from some testing sites may have been denied due to full application slots, as they have already reached their maximum capacity. You may consider applyin..."
327,PASS,missing_admission_documents,missing_admission_documents,ask_location,where do i submit my missing admission documents?,admissions_info,Missing Admission Documents,,"If you still have missing admission documents, log in to your BukSU Admission account and edit your admission application so you can upload the remaining document. Make sure every required document is complete before..."
328,PASS,buksu_cat_definition,buksu_cat_definition,ask_general_info,unsa meaning sa buksu cat,admissions_info,BukSU CAT Definition,,Ang BukSU CAT mao ang Bukidnon State University College Admission Test. Kini mandatory nga exam para sa tanang incoming first year students ug second coursers nga gusto mo enroll sa undergraduate programs.
329,PASS,reschedule_entrance_exam,reschedule_entrance_exam,ask_schedule,what is reschedule entrance exam,admissions_info,Reschedule Entrance Exam,,"The BukSU Entrance Examination cannot be rescheduled once your exam date has been assigned. If you are unable to attend your scheduled exam, you may need to wait for the next admission cycle. I recommend ensuring your..."
330,PASS,no_slots,no_slots,ask_availability,unsa ang no slots available in the admission portal what do i do,admissions_info,No Slots,,"Walay Available nga Slots? Ang mga evaluators nag-check pa sa mga aplikasyon. Pabilin naka naka-login, adto sa Step 4, ug i-refresh gikan 8 AM hangtod 5 PM. Bag-ong slots mahimong mogawas kung ang uban gi-deny."
331,WRONG,second_courser_cat_application,take_exam,ask_availability,allowed ba mu take exam if naa nay degree,admissions_info,Second Courser CAT Application,,Unsaon nako pagkuha sa BukSU College Admission Test? Sunod kining mga lakang aron mag-apply sa BukSU College Admission Test: Step 1: Bisitaha ang http://admissions.buksu.edu.ph. Mag-register gamit ang imong active nga...
332,PASS,exam_fees,exam_fees,ask_fee,how much is kinahanglan ba ko mobayad para sa buksu entrance exam,admissions_info,Exam Fees,,"Naay bayad ang College Admission Test? Ang College Admission Tests libre ra sa Bukidnon State University. Apan, ang mga aplikante nga nakakompleto na og bachelor's degree (second course takers) kinahanglan magbayad og..."
333,PASS,exam_requirements,exam_requirements,ask_requirement,unsa requirements sa exam requirements,admissions_info,Exam Requirements,,Unsa ang dad-on sa adlaw sa examination Kinahanglan dad-on sa mga test takers ang mosunod: 1. Test Permit (ma-download gikan sa BukSU admission website) 2. Application Form (ma-download gikan sa BukSU admission websit...
334,PASS,freshman_admission_requirements,freshman_admission_requirements,ask_requirement,unsa ang dad on para mag apply ang incoming freshman?,admissions_info,Freshman Admission Requirements,,Ania ang mga kinahanglanon nga imong andamon sa dili pa mag-apply para sa BukSU Admission Testing: 1. Kinahanglan naa kay personal nga Gmail account aron makahimo og account sa BukSU Admissions: https://admissions.buk...
335,PASS,reschedule_entrance_exam,reschedule_entrance_exam,ask_schedule,reschedule entrance exam?,admissions_info,Reschedule Entrance Exam,,"The BukSU Entrance Examination cannot be rescheduled once your exam date has been assigned. If you are unable to attend your scheduled exam, you may need to wait for the next admission cycle. I recommend ensuring your..."
336,PASS,cat_exam_result,cat_exam_result,ask_location,where is nakapasar ba ko unsaon pag tan aw,admissions_info,CAT Exam Result,,Ang pinakasayon nga paagi aron mahibal-an kung nakapasar ka sa BukSU Admission CAT Examination mao ang pag-log in sa imong BukSU Admission account ug adto sa Admission tab. Pwede pud nimo dali nga ma-access kini pinaa...
337,PASS,cat_exam_result,cat_exam_result,ask_location,unsaon nakabalo kung pasar na kos cat,admissions_info,CAT Exam Result,,Ang pinakasayon nga paagi aron mahibal-an kung nakapasar ka sa BukSU Admission CAT Examination mao ang pag-log in sa imong BukSU Admission account ug adto sa Admission tab. Pwede pud nimo dali nga ma-access kini pinaa...
338,PASS,application_next_step,application_next_step,ask_general_info,tell me about nahuman na nako akong online application unsa akong buhaton sunod,admissions_info,Application Next Step,,"Nakahuman na ko sa online application. Unsa ang sunod nga buhaton? Human nimo mapuno ang application, pilia ang imong preferred nga schedule ug venue. Siguroha nga nahuman nimo ang tibuok application process ug andama..."
339,WRONG,freshman_admission_requirements,exam_requirements,ask_requirement,how to unsa ang requirements para maka apply sa admission examination,admissions_info,Freshman Admission Requirements,,Unsa ang dad-on sa adlaw sa examination Kinahanglan dad-on sa mga test takers ang mosunod: 1. Test Permit (ma-download gikan sa BukSU admission website) 2. Application Form (ma-download gikan sa BukSU admission websit...
340,PASS,additional_slots,additional_slots,ask_general_info,tell me about additional slots,admissions_info,Additional Slots,,Wondering what to do if no slots are available? Keep checking the admissions portal regularly and try submitting your application again. Additional slots may open up if some applications are denied due to incomplete o...
341,PASS,application_next_step,application_next_step,ask_general_info,human nako submit sa application unsa na,admissions_info,Application Next Step,,"Nakahuman na ko sa online application. Unsa ang sunod nga buhaton? Human nimo mapuno ang application, pilia ang imong preferred nga schedule ug venue. Siguroha nga nahuman nimo ang tibuok application process ug andama..."
342,PASS,test_permit_issue,test_permit_issue,ask_document,unsa ang test permit invalid,admissions_info,Test Permit Issue,,"Kung corrupted, invalid, nawala, o dili ma-open ang imong BukSU CAT test permit, login balik sa imong BukSU Admission account ug sulayi pag-download usab ang test permit. Kung dili gihapon mo-work ang na-download nga..."
343,PASS,missed_buksu_cat_schedule,missed_buksu_cat_schedule,ask_schedule,what is missed buksu cat schedule,admissions_info,Missed BukSU CAT Schedule,,If you miss your scheduled BukSU CAT exam date you should immediately contact the Admission and Testing Unit. Rescheduling may be possible depending on the availability of slots and the validity of the reason.
344,PASS,online_application_schedule,online_application_schedule,ask_schedule,admisson testing application date,admissions_info,Online Application Schedule,,"We cannot provide one fixed exact date for the BukSU admission and testing application because the schedule may change every academic year. Usually, the admission application period starts around November and may cont..."
345,PASS,application_next_step,application_next_step,ask_general_info,what is nahuman na nako ang online application unsa na sunod buhaton,admissions_info,Application Next Step,,"Nakahuman na ko sa online application. Unsa ang sunod nga buhaton? Human nimo mapuno ang application, pilia ang imong preferred nga schedule ug venue. Siguroha nga nahuman nimo ang tibuok application process ug andama..."
346,PASS,apply_cat_using_mobile_phone,apply_cat_using_mobile_phone,ask_contact,tell me about pwede ba mag test gamit cellphone,admissions_info,Apply CAT Using Mobile Phone,,Oo pwede gamiton ang mobile phone para sa admission portal. Apan mas maayo kung mogamit og desktop o laptop para mas sayon ang pag upload sa mga dokumento ug malikayan ang mga technical error.
347,PASS,exam_fees,exam_fees,ask_fee,pila ang naa bay bayad ang buksu college admission test,admissions_info,Exam Fees,,"Naay bayad ang College Admission Test? Ang College Admission Tests libre ra sa Bukidnon State University. Apan, ang mga aplikante nga nakakompleto na og bachelor's degree (second course takers) kinahanglan magbayad og..."
348,WRONG,apply_cat_using_mobile_phone,phone_use_in_class,ask_contact,ok ra ba mag cellphone mag fill,admissions_info,Apply CAT Using Mobile Phone,,The use of mobile phones during class depends on the classroom rules set by the instructor.
349,WRONG,system_error,cat_exam_result,ask_general_info,unsa ang system error,admissions_info,System Error,,Ang pinakasayon nga paagi aron mahibal-an kung nakapasar ka sa BukSU Admission CAT Examination mao ang pag-log in sa imong BukSU Admission account ug adto sa Admission tab. Pwede pud nimo dali nga ma-access kini pinaa...
350,PASS,application_next_step,application_next_step,ask_process,how to application next step,admissions_info,Application Next Step,,"I have already filled out the online application. What is the next step? After you have filled out the application, select your preferred schedule and venue. Make sure that you have completed the application process a..."
351,PASS,second_courser_requirements,second_courser_requirements,ask_requirement,unsa requirements sa second courser requirements,admissions_info,Second Courser Requirements,,Ang second courser kinahanglan mag submit og Transcript of Records para sa evaluation 2x2 ID picture ug resibo sa bayad nga 300 pesos para sa admission test ug kasagaran dili na sila sakop sa Free Higher Education law.
352,PASS,reschedule_entrance_exam,reschedule_entrance_exam,ask_schedule,unsa ang walkin entrance exam is allowed,admissions_info,Reschedule Entrance Exam,,"Dili ma-reschedule ang BukSU Entrance Examination kung naa na kay assigned exam date. Kung dili ka makatunga sa imong scheduled exam, mahimo nga kinahanglan ka maghulat sa sunod nga admission cycle. Mas maayo nga sigu..."
353,PASS,test_permit_issue,test_permit_issue,ask_document,test permit invalid,admissions_info,Test Permit Issue,,"If your BukSU CAT test permit is corrupted, invalid, missing, or cannot be opened, log in again to your BukSU Admission account and try downloading the test permit again. If the downloaded file still does not work, co..."
354,PASS,apply_cat_using_mobile_phone,apply_cat_using_mobile_phone,ask_general_info,unsa ang cp ra akong gamit pwede ra ba,admissions_info,Apply CAT Using Mobile Phone,,Oo pwede gamiton ang mobile phone para sa admission portal. Apan mas maayo kung mogamit og desktop o laptop para mas sayon ang pag upload sa mga dokumento ug malikayan ang mga technical error.
355,PASS,exam_results,exam_results,ask_process,how do i know if i passed?,admissions_info,Exam Results,,How and when will I know my examination result? The schedule of releasing examination results will be posted on the BukSU Admission and Testing Facebook page. Examination results will also be posted on your admission...
356,PASS,freshman_admission_requirements,freshman_admission_requirements,ask_requirement,how to forgot my unsa kailangan para maghimo ug account,admissions_info,Freshman Admission Requirements,,Ania ang mga kinahanglanon nga imong andamon sa dili pa mag-apply para sa BukSU Admission Testing: 1. Kinahanglan naa kay personal nga Gmail account aron makahimo og account sa BukSU Admissions: https://admissions.buk...
357,PASS,missing_admission_documents,missing_admission_documents,ask_location,where to submit missing admission documents?,admissions_info,Missing Admission Documents,,"If you still have missing admission documents, log in to your BukSU Admission account and edit your admission application so you can upload the remaining document. Make sure every required document is complete before..."
358,PASS,test_permit_issue,test_permit_issue,ask_requirement,what should i bring for test permit corrupted,admissions_info,Test Permit Issue,,"If your BukSU CAT test permit is corrupted, invalid, missing, or cannot be opened, log in again to your BukSU Admission account and try downloading the test permit again. If the downloaded file still does not work, co..."
359,PASS,denied_applications,denied_applications,ask_general_info,tell me about gi-deny akong application unsa ang rason,admissions_info,Denied Applications,,"Ngano nga gideny ang akong aplikasyon gikan sa usa ka testing site? Ang aplikasyon gikan sa ubang testing sites basin gideny tungod kay puno na ang application slots, ug nakaabot na kini sa ilang maximum capacity. Pwe..."
360,PASS,exam_fees,exam_fees,ask_fee,naa bay bayad ang buksu college admission,admissions_info,Exam Fees,,"Naay bayad ang College Admission Test? Ang College Admission Tests libre ra sa Bukidnon State University. Apan, ang mga aplikante nga nakakompleto na og bachelor's degree (second course takers) kinahanglan magbayad og..."
361,PASS,cat_exam_result,cat_exam_result,ask_general_info,tell me about cat exam result,admissions_info,CAT Exam Result,,The only way to know if you passed the BukSU Admission CAT Examination is to log in to your BukSU Admission account and go to the Admission tab. You can also quickly access it through notifications from BukSU Admissio...
362,PASS,status_application,status_application,ask_process,unsaon unsaon nako pagkahibalo kung approved akong cat exam application,admissions_info,Status Application,,Unsaon nako pagkahibalo nga gi-accept ang akong aplikasyon para mo-take sa College Admission Test? Ang mga aplikante pahibaloan sa status sa ilang aplikasyon pinaagi sa ilang BukSU Admissions Account. Mag-login sa Buk...
363,PASS,buksu_cat_definition,buksu_cat_definition,ask_general_info,tell me about para unsa ang college admission test,admissions_info,BukSU CAT Definition,,Ang BukSU CAT mao ang Bukidnon State University College Admission Test. Kini mandatory nga exam para sa tanang incoming first year students ug second coursers nga gusto mo enroll sa undergraduate programs.
364,PASS,buksu_cat_calculator_policy,buksu_cat_calculator_policy,ask_general_info,unsa ang allowed ba ang scientific calculator,admissions_info,BukSU CAT Calculator Policy,,Dili ang paggamit og bisan unsang klase sa calculator basic o scientific hugot nga gidili sa panahon sa BukSU CAT. Lapis eraser ug permit lang ang gitugutan sa sulod sa testing room.
365,WRONG,system_error,cat_exam_result,ask_availability,unsa ang dili ko maka proceed naay error,admissions_info,System Error,,Ang pinakasayon nga paagi aron mahibal-an kung nakapasar ka sa BukSU Admission CAT Examination mao ang pag-log in sa imong BukSU Admission account ug adto sa Admission tab. Pwede pud nimo dali nga ma-access kini pinaa...
366,PASS,cat_exam_result,cat_exam_result,ask_location,how to nakapasar ba ko unsaon pag tan aw,admissions_info,CAT Exam Result,,Ang pinakasayon nga paagi aron mahibal-an kung nakapasar ka sa BukSU Admission CAT Examination mao ang pag-log in sa imong BukSU Admission account ug adto sa Admission tab. Pwede pud nimo dali nga ma-access kini pinaa...
367,PASS,missed_buksu_cat_schedule,missed_buksu_cat_schedule,ask_schedule,na miss nako ang exam date,admissions_info,Missed BukSU CAT Schedule,,Kung mapalabay nimo ang imong schedule sa BukSU CAT exam kontaka dayon ang Admission and Testing Unit. Mahimong ma reschedule kini depende kung naay bakante nga slot ug balido ang imong rason.
368,PASS,status_application,status_application,ask_process,how to unsaon nako pagkahibalo kung na-accept akong application,admissions_info,Status Application,,Unsaon nako pagkahibalo nga gi-accept ang akong aplikasyon para mo-take sa College Admission Test? Ang mga aplikante pahibaloan sa status sa ilang aplikasyon pinaagi sa ilang BukSU Admissions Account. Mag-login sa Buk...
369,PASS_SUGGESTION,freshman_admission_requirements,(none),ask_requirement,unsa ang dad para mag apply ang,admissions_info,Freshman Admission Requirements,"Freshman Admission Requirements, Second Courser Requirements","Do you mean Freshman Admission Requirements or Second Courser Requirements? Suggestions: Freshman Admission Requirements, Second Courser Requirements"
370,PASS,second_courser_cat_application,second_courser_cat_application,ask_availability,what is the process for pwede ba mo apply ang second courser,admissions_info,Second Courser CAT Application,,Oo ang mga second courser mahimong maka apply sa BukSU CAT. Kinahanglan sila mobayad og 300 pesos nga testing fee ug mag submit sa Transcript of Records. Dili sila kwalipikado sa libre nga tuition sa Free Higher Educa...
371,PASS,no_slots,no_slots,ask_availability,no slots available in the admission portal what do i do?,admissions_info,No Slots,,"No Slots Available? Evaluators are still checking applications. Stay logged in, go to Step 4, and refresh between 8 AM and 5 PM. New slots may appear if others are denied."
372,PASS,buksu_cat_calculator_policy,buksu_cat_calculator_policy,ask_general_info,buksu cat calculator policy,admissions_info,BukSU CAT Calculator Policy,,No the use of any type of calculator basic or scientific is strictly prohibited during the BukSU CAT. Only pencils erasers and your permit are allowed inside the testing room.
373,PASS,main_campus_full,main_campus_full,ask_general_info,main campus full,admissions_info,Main Campus Full,,"What if the admission slots at the Main Campus are full? Currently, the admission slots at the Main Campus are already full. You may consider applying to one of our other satellite campuses instead. Please note that t..."
374,PASS,second_courser_requirements,second_courser_requirements,ask_requirement,unsa ang gikinahanglan sa second courser?,admissions_info,Second Courser Requirements,,Ang second courser kinahanglan mag submit og Transcript of Records para sa evaluation 2x2 ID picture ug resibo sa bayad nga 300 pesos para sa admission test ug kasagaran dili na sila sakop sa Free Higher Education law.
375,PASS,take_exam,take_exam,ask_process,unsaon nako pag-register sa buksu entrance exam online?,admissions_info,Take Exam,,Unsaon nako pagkuha sa BukSU College Admission Test? Sunod kining mga lakang aron mag-apply sa BukSU College Admission Test: Step 1: Bisitaha ang http://admissions.buksu.edu.ph. Mag-register gamit ang imong active nga...
376,PASS,additional_slots,additional_slots,ask_general_info,additional slots,admissions_info,Additional Slots,,Wondering what to do if no slots are available? Keep checking the admissions portal regularly and try submitting your application again. Additional slots may open up if some applications are denied due to incomplete o...
377,PASS,additional_slots,additional_slots,ask_general_info,tell me about mo open pa ba ang admission,admissions_info,Additional Slots,,Wondering what to do if no slots are available? Keep checking the admissions portal regularly and try submitting your application again. Additional slots may open up if some applications are denied due to incomplete o...
378,PASS,missing_admission_documents,missing_admission_documents,ask_requirement,missing admission documents?,admissions_info,Missing Admission Documents,,"If you still have missing admission documents, log in to your BukSU Admission account and edit your admission application so you can upload the remaining document. Make sure every required document is complete before..."
379,PASS,reschedule_entrance_exam,reschedule_entrance_exam,ask_schedule,unsa ang walk-in entrance exam,admissions_info,Reschedule Entrance Exam,,"Dili ma-reschedule ang BukSU Entrance Examination kung naa na kay assigned exam date. Kung dili ka makatunga sa imong scheduled exam, mahimo nga kinahanglan ka maghulat sa sunod nga admission cycle. Mas maayo nga sigu..."
380,PASS,exam_requirements,exam_requirements,ask_requirement,pwede nimo isulti unsa ang mga requirements nga akong dad-on para sa exam,admissions_info,Exam Requirements,,Unsa ang dad-on sa adlaw sa examination Kinahanglan dad-on sa mga test takers ang mosunod: 1. Test Permit (ma-download gikan sa BukSU admission website) 2. Application Form (ma-download gikan sa BukSU admission websit...
381,PASS,second_courser_cat_application,second_courser_cat_application,ask_availability,what is second courser cat application,admissions_info,Second Courser CAT Application,,Yes second coursers may apply for the BukSU CAT. They are required to pay a 300 peso testing fee and submit their Transcript of Records. Second coursers are not eligible for the Free Higher Education benefits.
382,PASS,status_application,status_application,ask_process,unsaon nako pagkahibalo kung approved akong cat exam application?,admissions_info,Status Application,,Unsaon nako pagkahibalo nga gi-accept ang akong aplikasyon para mo-take sa College Admission Test? Ang mga aplikante pahibaloan sa status sa ilang aplikasyon pinaagi sa ilang BukSU Admissions Account. Mag-login sa Buk...
383,PASS,admission_application_deadline,admission_application_deadline,ask_general_info,mag close ang portal,admissions_info,Admission Application Deadline,,"There is no exact deadline, but BukSU admission applications usually end during the last week of March. You can visit their official Facebook page for updates: https://www.facebook.com/BukSUATU"
384,PASS,freshman_admission_requirements,freshman_admission_requirements,ask_requirement,unsa kailangan para maghimo ug account,admissions_info,Freshman Admission Requirements,,Ania ang mga kinahanglanon nga imong andamon sa dili pa mag-apply para sa BukSU Admission Testing: 1. Kinahanglan naa kay personal nga Gmail account aron makahimo og account sa BukSU Admissions: https://admissions.buk...
385,PASS,denied_applications,denied_applications,ask_general_info,ngano gi-deny akong admission application sa testing site?,admissions_info,Denied Applications,,"Ngano nga gideny ang akong aplikasyon gikan sa usa ka testing site? Ang aplikasyon gikan sa ubang testing sites basin gideny tungod kay puno na ang application slots, ug nakaabot na kini sa ilang maximum capacity. Pwe..."
386,PASS,cat_exam_result,cat_exam_result,ask_general_info,cat exam result?,admissions_info,CAT Exam Result,,The only way to know if you passed the BukSU Admission CAT Examination is to log in to your BukSU Admission account and go to the Admission tab. You can also quickly access it through notifications from BukSU Admissio...
387,PASS,additional_slots,additional_slots,ask_general_info,what is mo open pa ba ang admission,admissions_info,Additional Slots,,Wondering what to do if no slots are available? Keep checking the admissions portal regularly and try submitting your application again. Additional slots may open up if some applications are denied due to incomplete o...
388,PASS,buksu_cat_calculator_policy,buksu_cat_calculator_policy,ask_general_info,allowed ba ang scientific calculator?,admissions_info,BukSU CAT Calculator Policy,,No the use of any type of calculator basic or scientific is strictly prohibited during the BukSU CAT. Only pencils erasers and your permit are allowed inside the testing room.
389,PASS,freshman_admission_requirements,freshman_admission_requirements,ask_requirement,unsa ang dad on para mag apply ang incoming freshman,admissions_info,Freshman Admission Requirements,,Ania ang mga kinahanglanon nga imong andamon sa dili pa mag-apply para sa BukSU Admission Testing: 1. Kinahanglan naa kay personal nga Gmail account aron makahimo og account sa BukSU Admissions: https://admissions.buk...
390,PASS,admission_application_deadline,admission_application_deadline,ask_schedule,when mag close ang portal?,admissions_info,Admission Application Deadline,,"There is no exact deadline, but BukSU admission applications usually end during the last week of March. You can visit their official Facebook page for updates: https://www.facebook.com/BukSUATU"
391,PASS,second_courser_requirements,second_courser_requirements,ask_requirement,second courser requirements,admissions_info,Second Courser Requirements,,Second coursers must submit a Transcript of Records for evaluation a 2x2 ID picture and a payment receipt of 300 pesos for the admission test and they are generally not covered by the Free Higher Education law.
392,WRONG,system_error,cat_exam_result,ask_availability,what is dili ko maka proceed naay error,admissions_info,System Error,,The only way to know if you passed the BukSU Admission CAT Examination is to log in to your BukSU Admission account and go to the Admission tab. You can also quickly access it through notifications from BukSU Admissio...
393,PASS,exam_requirements,exam_requirements,ask_requirement,exam requirements?,admissions_info,Exam Requirements,,What to bring on the examination day Test takers must bring the following items: 1. Test Permit (can be downloaded from the BukSU admission website) 2. Application Form (can be downloaded from the BukSU admission webs...
394,PASS,additional_slots,additional_slots,ask_general_info,what is additional slots,admissions_info,Additional Slots,,Wondering what to do if no slots are available? Keep checking the admissions portal regularly and try submitting your application again. Additional slots may open up if some applications are denied due to incomplete o...
395,PASS,take_exam,take_exam,ask_general_info,tell me about take exam,admissions_info,Take Exam,,How can I take the BukSU College Admission Test? Follow these steps to apply for the BukSU College Admission Test: Step 1: Access http://admissions.buksu.edu.ph. Register using your active Gmail account. Create your p...
396,PASS,application_next_step,application_next_step,ask_general_info,human nako submit sa application unsa na sunod buhaton,admissions_info,Application Next Step,,"Nakahuman na ko sa online application. Unsa ang sunod nga buhaton? Human nimo mapuno ang application, pilia ang imong preferred nga schedule ug venue. Siguroha nga nahuman nimo ang tibuok application process ug andama..."
397,PASS,missing_admission_documents,missing_admission_documents,ask_location,where do i submit my missing admisson documents,admissions_info,Missing Admission Documents,,"If you still have missing admission documents, log in to your BukSU Admission account and edit your admission application so you can upload the remaining document. Make sure every required document is complete before..."
398,WRONG,second_courser_cat_application,take_exam,ask_availability,what is allowed ba mu take exam if naa nay degree,admissions_info,Second Courser CAT Application,,Unsaon nako pagkuha sa BukSU College Admission Test? Sunod kining mga lakang aron mag-apply sa BukSU College Admission Test: Step 1: Bisitaha ang http://admissions.buksu.edu.ph. Mag-register gamit ang imong active nga...
399,WRONG,apply_cat_using_mobile_phone,phone_use_in_class,ask_contact,ok ra ba mag cellphone mag fill up,admissions_info,Apply CAT Using Mobile Phone,,The use of mobile phones during class depends on the classroom rules set by the instructor.
400,WRONG,system_error,cat_exam_result,ask_general_info,tell me about ngano nag error ang website,admissions_info,System Error,,Ang pinakasayon nga paagi aron mahibal-an kung nakapasar ka sa BukSU Admission CAT Examination mao ang pag-log in sa imong BukSU Admission account ug adto sa Admission tab. Pwede pud nimo dali nga ma-access kini pinaa...
401,PASS,exam_fees,exam_fees,ask_fee,how much is naa bay bayad ang buksu college admission test,admissions_info,Exam Fees,,"Naay bayad ang College Admission Test? Ang College Admission Tests libre ra sa Bukidnon State University. Apan, ang mga aplikante nga nakakompleto na og bachelor's degree (second course takers) kinahanglan magbayad og..."
402,PASS,transferee_admission_requirements,transferee_admission_requirements,ask_requirement,pwede ra maka balhin diri?,admissions_info,Transferee Admission Requirements,,"Oo, modawat ang BukSU og transferees depende sa available nga slots sa imong pilion nga kurso. Kinahanglan una ka mopasar sa BukSU Admission bago ka maka-enroll isip transferee. Human nimo makapasar sa admission, adto..."
403,PASS,online_application_schedule,online_application_schedule,ask_schedule,online application schedule?,admissions_info,Online Application Schedule,,"We cannot provide one fixed exact date for the BukSU admission and testing application because the schedule may change every academic year. Usually, the admission application period starts around November and may cont..."
404,PASS,transferee_admission_requirements,transferee_admission_requirements,ask_requirement,unsa rules sa pag transfer sa buksu,admissions_info,Transferee Admission Requirements,,"Oo, modawat ang BukSU og transferees depende sa available nga slots sa imong pilion nga kurso. Kinahanglan una ka mopasar sa BukSU Admission bago ka maka-enroll isip transferee. Human nimo makapasar sa admission, adto..."
405,PASS,second_courser_cat_application,second_courser_cat_application,ask_fee,pila ang naa bay bayad if second course,admissions_info,Second Courser CAT Application,,Oo ang mga second courser mahimong maka apply sa BukSU CAT. Kinahanglan sila mobayad og 300 pesos nga testing fee ug mag submit sa Transcript of Records. Dili sila kwalipikado sa libre nga tuition sa Free Higher Educa...
406,PASS,denied_applications,denied_applications,ask_general_info,what is gi-deny akong application unsa ang rason,admissions_info,Denied Applications,,"Ngano nga gideny ang akong aplikasyon gikan sa usa ka testing site? Ang aplikasyon gikan sa ubang testing sites basin gideny tungod kay puno na ang application slots, ug nakaabot na kini sa ilang maximum capacity. Pwe..."
407,PASS,missed_buksu_cat_schedule,missed_buksu_cat_schedule,ask_schedule,what is na miss nako ang exam date,admissions_info,Missed BukSU CAT Schedule,,Kung mapalabay nimo ang imong schedule sa BukSU CAT exam kontaka dayon ang Admission and Testing Unit. Mahimong ma reschedule kini depende kung naay bakante nga slot ug balido ang imong rason.
408,PASS,status_application,status_application,ask_process,what is the process for unsaon nako pagkahibalo kung na-accept akong application,admissions_info,Status Application,,Unsaon nako pagkahibalo nga gi-accept ang akong aplikasyon para mo-take sa College Admission Test? Ang mga aplikante pahibaloan sa status sa ilang aplikasyon pinaagi sa ilang BukSU Admissions Account. Mag-login sa Buk...
409,PASS,main_campus_full,main_campus_full,ask_location,puno na ang slots sa buksu main campus asa ko adto,admissions_info,Main Campus Full,,"Unsaon kung puno na ang admission slots sa Main Campus? Sa karon, puno na ang admission slots sa Main Campus. Pwede nimo hunahunaon nga mag-apply sa usa sa among ubang satellite campuses. Palihog hinumdomi nga ang lok..."
410,PASS,buksu_cat_calculator_policy,buksu_cat_calculator_policy,ask_general_info,what is allowed ba ang scientific calculator,admissions_info,BukSU CAT Calculator Policy,,No the use of any type of calculator basic or scientific is strictly prohibited during the BukSU CAT. Only pencils erasers and your permit are allowed inside the testing room.
411,PASS,missing_admission_documents,missing_admission_documents,ask_requirement,submit missing admission documents,admissions_info,Missing Admission Documents,,"If you still have missing admission documents, log in to your BukSU Admission account and edit your admission application so you can upload the remaining document. Make sure every required document is complete before..."
412,PASS,online_application_schedule,online_application_schedule,ask_schedule,admission application testing schedule,admissions_info,Online Application Schedule,,"We cannot provide one fixed exact date for the BukSU admission and testing application because the schedule may change every academic year. Usually, the admission application period starts around November and may cont..."
413,PASS,freshman_admission_requirements,freshman_admission_requirements,ask_requirement,freshman admission requirements?,admissions_info,Freshman Admission Requirements,,Here are the requirements you need before applying for BukSU Admission Testing: 1. You need to have your own personal Gmail account to create an account on BukSU Admissions: https://admissions.buksu.edu.ph/ 2. You nee...
414,PASS,admission_application_deadline,admission_application_deadline,ask_schedule,i forgot my when mag close ang portal,admissions_info,Admission Application Deadline,,"There is no exact deadline, but BukSU admission applications usually end during the last week of March. You can visit their official Facebook page for updates: https://www.facebook.com/BukSUATU"
415,PASS,exam_requirements,exam_requirements,ask_requirement,what should i bring for exam requirements,admissions_info,Exam Requirements,,What to bring on the examination day Test takers must bring the following items: 1. Test Permit (can be downloaded from the BukSU admission website) 2. Application Form (can be downloaded from the BukSU admission webs...
416,PASS,reschedule_entrance_exam,reschedule_entrance_exam,ask_schedule,what is walkin entrance exam is allowed,admissions_info,Reschedule Entrance Exam,,"The BukSU Entrance Examination cannot be rescheduled once your exam date has been assigned. If you are unable to attend your scheduled exam, you may need to wait for the next admission cycle. I recommend ensuring your..."
417,PASS,apply_cat_using_mobile_phone,apply_cat_using_mobile_phone,ask_contact,apply cat using mobile phone,admissions_info,Apply CAT Using Mobile Phone,,Yes you can use a mobile phone to access the admission portal. However using a desktop or laptop is recommended when uploading documents like photos and certificates to avoid technical errors.
418,PASS,additional_slots,additional_slots,ask_general_info,unsa ang mo open pa ba ang admission,admissions_info,Additional Slots,,Wondering unsa ang buhaton kung walay slots nga available? padayon og check ang admissions portal kanunay and sulayi og submit imong application pag-usab. dugang slots posibleng mo open if some application kay nanga d...
419,PASS,transferee_admission_requirements,transferee_admission_requirements,ask_requirement,transferee admisson requirments,admissions_info,Transferee Admission Requirements,,"Yes BukSU accepts transferees depending on the availability of slots in the chosen program. You must first take and pass the BukSU Admission before you can enroll as a transferee. Once you pass the admission, proceed..."
420,PASS,apply_cat_using_mobile_phone,apply_cat_using_mobile_phone,ask_contact,what is pwede ba mag test gamit cellphone,admissions_info,Apply CAT Using Mobile Phone,,Oo pwede gamiton ang mobile phone para sa admission portal. Apan mas maayo kung mogamit og desktop o laptop para mas sayon ang pag upload sa mga dokumento ug malikayan ang mga technical error.
421,PASS,reschedule_entrance_exam,reschedule_entrance_exam,ask_schedule,walkin entrance exam allowed,admissions_info,Reschedule Entrance Exam,,"The BukSU Entrance Examination cannot be rescheduled once your exam date has been assigned. If you are unable to attend your scheduled exam, you may need to wait for the next admission cycle. I recommend ensuring your..."
422,PASS,missed_buksu_cat_schedule,missed_buksu_cat_schedule,ask_schedule,nawala nako sa akong exam date,admissions_info,Missed BukSU CAT Schedule,,Kung mapalabay nimo ang imong schedule sa BukSU CAT exam kontaka dayon ang Admission and Testing Unit. Mahimong ma reschedule kini depende kung naay bakante nga slot ug balido ang imong rason.
423,PASS,cat_exam_result,cat_exam_result,ask_location,where is unsaon nakabalo kung pasar na kos cat,admissions_info,CAT Exam Result,,Ang pinakasayon nga paagi aron mahibal-an kung nakapasar ka sa BukSU Admission CAT Examination mao ang pag-log in sa imong BukSU Admission account ug adto sa Admission tab. Pwede pud nimo dali nga ma-access kini pinaa...
424,PASS,status_application,status_application,ask_process,unsaon nako pagkahibalo kung approved akong cat exam application,admissions_info,Status Application,,Unsaon nako pagkahibalo nga gi-accept ang akong aplikasyon para mo-take sa College Admission Test? Ang mga aplikante pahibaloan sa status sa ilang aplikasyon pinaagi sa ilang BukSU Admissions Account. Mag-login sa Buk...
425,PASS,second_courser_requirements,second_courser_requirements,ask_requirement,unsay second courser requirements diris buksu,admissions_info,Second Courser Requirements,,Ang second courser kinahanglan mag submit og Transcript of Records para sa evaluation 2x2 ID picture ug resibo sa bayad nga 300 pesos para sa admission test ug kasagaran dili na sila sakop sa Free Higher Education law.
426,PASS,status_application,status_application,ask_location,asa nako ma-check kung nadawat akong buksu cat application,admissions_info,Status Application,,Unsaon nako pagkahibalo nga gi-accept ang akong aplikasyon para mo-take sa College Admission Test? Ang mga aplikante pahibaloan sa status sa ilang aplikasyon pinaagi sa ilang BukSU Admissions Account. Mag-login sa Buk...
427,PASS,buksu_cat_calculator_policy,buksu_cat_calculator_policy,ask_general_info,what is buksu cat calculator policy,admissions_info,BukSU CAT Calculator Policy,,No the use of any type of calculator basic or scientific is strictly prohibited during the BukSU CAT. Only pencils erasers and your permit are allowed inside the testing room.
428,WRONG,system_error,cat_exam_result,ask_process,unsaon why is the site showing system error,admissions_info,System Error,,Ang pinakasayon nga paagi aron mahibal-an kung nakapasar ka sa BukSU Admission CAT Examination mao ang pag-log in sa imong BukSU Admission account ug adto sa Admission tab. Pwede pud nimo dali nga ma-access kini pinaa...
429,PASS,application_next_step,application_next_step,ask_general_info,tell me about human nako submit sa application unsa na sunod buhaton,admissions_info,Application Next Step,,"Nakahuman na ko sa online application. Unsa ang sunod nga buhaton? Human nimo mapuno ang application, pilia ang imong preferred nga schedule ug venue. Siguroha nga nahuman nimo ang tibuok application process ug andama..."
430,PASS,online_application_schedule,online_application_schedule,ask_schedule,what is admission application testing schedule,admissions_info,Online Application Schedule,,"We cannot provide one fixed exact date for the BukSU admission and testing application because the schedule may change every academic year. Usually, the admission application period starts around November and may cont..."
431,PASS,additional_slots,additional_slots,ask_availability,tell me about naa pa bay idugang nga slots,admissions_info,Additional Slots,,Wondering unsa ang buhaton kung walay slots nga available? padayon og check ang admissions portal kanunay and sulayi og submit imong application pag-usab. dugang slots posibleng mo open if some application kay nanga d...
432,PASS,missing_admission_documents,missing_admission_documents,ask_location,where to submit missing admisson documents,admissions_info,Missing Admission Documents,,"If you still have missing admission documents, log in to your BukSU Admission account and edit your admission application so you can upload the remaining document. Make sure every required document is complete before..."
433,PASS,exam_results,exam_results,ask_process,pass notice how?,admissions_info,Exam Results,,How and when will I know my examination result? The schedule of releasing examination results will be posted on the BukSU Admission and Testing Facebook page. Examination results will also be posted on your admission...
434,PASS,denied_applications,denied_applications,ask_general_info,ngano gi-deny akong buksu cat application sa testing site?,admissions_info,Denied Applications,,"Ngano nga gideny ang akong aplikasyon gikan sa usa ka testing site? Ang aplikasyon gikan sa ubang testing sites basin gideny tungod kay puno na ang application slots, ug nakaabot na kini sa ilang maximum capacity. Pwe..."
435,WRONG,second_courser_requirements,second_courser_cat_application,ask_location,asa papeles ipasa if second course,admissions_info,Second Courser Requirements,,Oo ang mga second courser mahimong maka apply sa BukSU CAT. Kinahanglan sila mobayad og 300 pesos nga testing fee ug mag submit sa Transcript of Records. Dili sila kwalipikado sa libre nga tuition sa Free Higher Educa...
436,PASS,admission_application_deadline,admission_application_deadline,ask_schedule,kanus a ang deadline sa admission,admissions_info,Admission Application Deadline,,"Walay eksaktong petsa, apan kasagaran matapos ang admission sa katapusang semana sa Marso. Mahimo nimo bisitahon ang ilang FB page para sa updates: https://www.facebook.com/BukSUATU"
437,PASS,take_exam,take_exam,ask_process,unsaon nako pag-register sa buksu entrance exam online,admissions_info,Take Exam,,Unsaon nako pagkuha sa BukSU College Admission Test? Sunod kining mga lakang aron mag-apply sa BukSU College Admission Test: Step 1: Bisitaha ang http://admissions.buksu.edu.ph. Mag-register gamit ang imong active nga...
438,PASS,main_campus_full,main_campus_full,ask_general_info,unsa kung puno na ang slots sa main campus,admissions_info,Main Campus Full,,"Unsaon kung puno na ang admission slots sa Main Campus? Sa karon, puno na ang admission slots sa Main Campus. Pwede nimo hunahunaon nga mag-apply sa usa sa among ubang satellite campuses. Palihog hinumdomi nga ang lok..."
439,PASS,online_application_schedule,online_application_schedule,ask_schedule,unsa ang admission testing application date,admissions_info,Online Application Schedule,,"Dili mi makahatag og usa ka pirmi nga eksaktong petsa sa BukSU admission and testing application kay mahimong mausab ang schedule matag academic year. Kasagaran, magsugod ang admission application period around Novemb..."
440,PASS,exam_requirements,exam_requirements,ask_requirement,what are the requirements for pwede nimo isulti unsa ang mga requirements nga akong dad-on para sa exam,admissions_info,Exam Requirements,,Unsa ang dad-on sa adlaw sa examination Kinahanglan dad-on sa mga test takers ang mosunod: 1. Test Permit (ma-download gikan sa BukSU admission website) 2. Application Form (ma-download gikan sa BukSU admission websit...
441,PASS,cat_exam_result,cat_exam_result,ask_location,asa nako makita ang report of rating?,admissions_info,CAT Exam Result,,Ang pinakasayon nga paagi aron mahibal-an kung nakapasar ka sa BukSU Admission CAT Examination mao ang pag-log in sa imong BukSU Admission account ug adto sa Admission tab. Pwede pud nimo dali nga ma-access kini pinaa...
442,PASS,exam_fees,exam_fees,ask_fee,how much is pila ang bayad sa admission test sa buksu,admissions_info,Exam Fees,,"Naay bayad ang College Admission Test? Ang College Admission Tests libre ra sa Bukidnon State University. Apan, ang mga aplikante nga nakakompleto na og bachelor's degree (second course takers) kinahanglan magbayad og..."
443,PASS,no_slots,no_slots,ask_availability,what should i do if there are no available slots for the exam?,admissions_info,No Slots,,"No Slots Available? Evaluators are still checking applications. Stay logged in, go to Step 4, and refresh between 8 AM and 5 PM. New slots may appear if others are denied."
444,PASS,transferee_admission_requirements,transferee_admission_requirements,ask_requirement,unsa requirements sa modawat ba mo og transferee,admissions_info,Transferee Admission Requirements,,"Oo, modawat ang BukSU og transferees depende sa available nga slots sa imong pilion nga kurso. Kinahanglan una ka mopasar sa BukSU Admission bago ka maka-enroll isip transferee. Human nimo makapasar sa admission, adto..."
445,PASS,admission_application_deadline,admission_application_deadline,ask_schedule,when mag close ang poral,admissions_info,Admission Application Deadline,,"There is no exact deadline, but BukSU admission applications usually end during the last week of March. You can visit their official Facebook page for updates: https://www.facebook.com/BukSUATU"
446,PASS_SUGGESTION,exam_requirements,(none),ask_requirement,pwede nimo isulti unsa ang mga requirements,admissions_info,Exam Requirements,"Exam Requirements, Graduating Clearance Requirements","Do you mean Exam Requirements or Graduating Clearance Requirements? Suggestions: Exam Requirements, Graduating Clearance Requirements"
447,PASS,exam_fees,exam_fees,ask_fee,kinahanglan ba ko mobayad para sa buksu,admissions_info,Exam Fees,,"Naay bayad ang College Admission Test? Ang College Admission Tests libre ra sa Bukidnon State University. Apan, ang mga aplikante nga nakakompleto na og bachelor's degree (second course takers) kinahanglan magbayad og..."
448,PASS,additional_slots,additional_slots,ask_availability,unsa ang naa pa bay idugang nga slots,admissions_info,Additional Slots,,Wondering unsa ang buhaton kung walay slots nga available? padayon og check ang admissions portal kanunay and sulayi og submit imong application pag-usab. dugang slots posibleng mo open if some application kay nanga d...
449,PASS,apply_cat_using_mobile_phone,apply_cat_using_mobile_phone,ask_general_info,what is cp ra akong gamit pwede ra ba,admissions_info,Apply CAT Using Mobile Phone,,Oo pwede gamiton ang mobile phone para sa admission portal. Apan mas maayo kung mogamit og desktop o laptop para mas sayon ang pag upload sa mga dokumento ug malikayan ang mga technical error.
450,PASS,admission_application_deadline,admission_application_deadline,ask_schedule,unsa ang admission application deadline,admissions_info,Admission Application Deadline,,"Walay eksaktong petsa, apan kasagaran matapos ang admission sa katapusang semana sa Marso. Mahimo nimo bisitahon ang ilang FB page para sa updates: https://www.facebook.com/BukSUATU"
451,PASS,missed_buksu_cat_schedule,missed_buksu_cat_schedule,ask_schedule,unsa ang nawala nako sa akong exam date,admissions_info,Missed BukSU CAT Schedule,,Kung mapalabay nimo ang imong schedule sa BukSU CAT exam kontaka dayon ang Admission and Testing Unit. Mahimong ma reschedule kini depende kung naay bakante nga slot ug balido ang imong rason.
452,PASS,admission_application_deadline,admission_application_deadline,ask_schedule,when mag close ang portal,admissions_info,Admission Application Deadline,,"There is no exact deadline, but BukSU admission applications usually end during the last week of March. You can visit their official Facebook page for updates: https://www.facebook.com/BukSUATU"
453,PASS,test_permit_issue,test_permit_issue,ask_requirement,unsa requirements sa test permit corrupted,admissions_info,Test Permit Issue,,"Kung corrupted, invalid, nawala, o dili ma-open ang imong BukSU CAT test permit, login balik sa imong BukSU Admission account ug sulayi pag-download usab ang test permit. Kung dili gihapon mo-work ang na-download nga..."
454,PASS,online_application_schedule,online_application_schedule,ask_schedule,admission testing application date,admissions_info,Online Application Schedule,,"We cannot provide one fixed exact date for the BukSU admission and testing application because the schedule may change every academic year. Usually, the admission application period starts around November and may cont..."
455,PASS,test_permit_issue,test_permit_issue,ask_document,what is test permit cannot open,admissions_info,Test Permit Issue,,"If your BukSU CAT test permit is corrupted, invalid, missing, or cannot be opened, log in again to your BukSU Admission account and try downloading the test permit again. If the downloaded file still does not work, co..."
456,PASS,second_courser_cat_application,second_courser_cat_application,ask_availability,tell me about second courser cat application,admissions_info,Second Courser CAT Application,,Yes second coursers may apply for the BukSU CAT. They are required to pay a 300 peso testing fee and submit their Transcript of Records. Second coursers are not eligible for the Free Higher Education benefits.
457,PASS,missed_buksu_cat_schedule,missed_buksu_cat_schedule,ask_schedule,tell me about na miss nako ang exam date,admissions_info,Missed BukSU CAT Schedule,,Kung mapalabay nimo ang imong schedule sa BukSU CAT exam kontaka dayon ang Admission and Testing Unit. Mahimong ma reschedule kini depende kung naay bakante nga slot ug balido ang imong rason.
458,PASS,test_permit_issue,test_permit_issue,ask_document,what is test permit invalid,admissions_info,Test Permit Issue,,"If your BukSU CAT test permit is corrupted, invalid, missing, or cannot be opened, log in again to your BukSU Admission account and try downloading the test permit again. If the downloaded file still does not work, co..."
459,PASS_SUGGESTION,freshman_admission_requirements,(none),ask_requirement,unsa ang requirements para maka apply sa,admissions_info,Freshman Admission Requirements,"Second Courser Requirements, Freshman Admission Requirements","Do you mean Second Courser Requirements or Freshman Admission Requirements? Suggestions: Second Courser Requirements, Freshman Admission Requirements"
460,PASS,admission_application_deadline,admission_application_deadline,ask_schedule,tell me about admission application deadline,admissions_info,Admission Application Deadline,,"There is no exact deadline, but BukSU admission applications usually end during the last week of March. You can visit their official Facebook page for updates: https://www.facebook.com/BukSUATU"
461,PASS,take_exam,take_exam,ask_process,unsa ang mga steps para maka-apply sa buksu cat?,admissions_info,Take Exam,,Unsaon nako pagkuha sa BukSU College Admission Test? Sunod kining mga lakang aron mag-apply sa BukSU College Admission Test: Step 1: Bisitaha ang http://admissions.buksu.edu.ph. Mag-register gamit ang imong active nga...
462,PASS,exam_results,exam_results,ask_process,how to know if passed admission,admissions_info,Exam Results,,How and when will I know my examination result? The schedule of releasing examination results will be posted on the BukSU Admission and Testing Facebook page. Examination results will also be posted on your admission...
463,PASS,take_exam,take_exam,ask_process,unsaon unsa ang mga steps para maka-apply sa buksu cat,admissions_info,Take Exam,,Unsaon nako pagkuha sa BukSU College Admission Test? Sunod kining mga lakang aron mag-apply sa BukSU College Admission Test: Step 1: Bisitaha ang http://admissions.buksu.edu.ph. Mag-register gamit ang imong active nga...
464,PASS,application_next_step,application_next_step,ask_general_info,nahuman na nako ang online application unsa na sunod buhaton,admissions_info,Application Next Step,,"Nakahuman na ko sa online application. Unsa ang sunod nga buhaton? Human nimo mapuno ang application, pilia ang imong preferred nga schedule ug venue. Siguroha nga nahuman nimo ang tibuok application process ug andama..."
465,PASS,denied_applications,denied_applications,ask_general_info,denied applications?,admissions_info,Denied Applications,,"Why was my application from a testing site denied? Applications from some testing sites may have been denied due to full application slots, as they have already reached their maximum capacity. You may consider applyin..."
466,PASS,admission_application_deadline,admission_application_deadline,ask_schedule,how to forgot my when mag close ang portal,admissions_info,Admission Application Deadline,,"There is no exact deadline, but BukSU admission applications usually end during the last week of March. You can visit their official Facebook page for updates: https://www.facebook.com/BukSUATU"
467,PASS,take_exam,take_exam,ask_process,step by step nga proseso unsaon pag-take sa admisson test sa buksu,admissions_info,Take Exam,,Unsaon nako pagkuha sa BukSU College Admission Test? Sunod kining mga lakang aron mag-apply sa BukSU College Admission Test: Step 1: Bisitaha ang http://admissions.buksu.edu.ph. Mag-register gamit ang imong active nga...
468,PASS,second_courser_cat_application,second_courser_cat_application,ask_availability,unsay pwede ba mo apply ang second courser diris buksu,admissions_info,Second Courser CAT Application,,Oo ang mga second courser mahimong maka apply sa BukSU CAT. Kinahanglan sila mobayad og 300 pesos nga testing fee ug mag submit sa Transcript of Records. Dili sila kwalipikado sa libre nga tuition sa Free Higher Educa...
469,PASS,no_slots,no_slots,ask_general_info,no slots,admissions_info,No Slots,,"No Slots Available? Evaluators are still checking applications. Stay logged in, go to Step 4, and refresh between 8 AM and 5 PM. New slots may appear if others are denied."
470,PASS,no_slots,no_slots,ask_general_info,no slots?,admissions_info,No Slots,,"No Slots Available? Evaluators are still checking applications. Stay logged in, go to Step 4, and refresh between 8 AM and 5 PM. New slots may appear if others are denied."
471,PASS,exam_results,exam_results,ask_process,how to know if passed admission?,admissions_info,Exam Results,,How and when will I know my examination result? The schedule of releasing examination results will be posted on the BukSU Admission and Testing Facebook page. Examination results will also be posted on your admission...
472,PASS,test_permit_issue,test_permit_issue,ask_document,what is test permit error,admissions_info,Test Permit Issue,,"If your BukSU CAT test permit is corrupted, invalid, missing, or cannot be opened, log in again to your BukSU Admission account and try downloading the test permit again. If the downloaded file still does not work, co..."
473,PASS,admission_application_deadline,admission_application_deadline,ask_schedule,kanus a ang deadline sa admission?,admissions_info,Admission Application Deadline,,"Walay eksaktong petsa, apan kasagaran matapos ang admission sa katapusang semana sa Marso. Mahimo nimo bisitahon ang ilang FB page para sa updates: https://www.facebook.com/BukSUATU"
474,PASS,freshman_admission_requirements,freshman_admission_requirements,ask_requirement,what should i bring for freshman admission requirements,admissions_info,Freshman Admission Requirements,,Here are the requirements you need before applying for BukSU Admission Testing: 1. You need to have your own personal Gmail account to create an account on BukSU Admissions: https://admissions.buksu.edu.ph/ 2. You nee...
475,PASS,take_exam,take_exam,ask_process,unsaon step by step nga proseso unsaon pag-take sa admission test sa buksu,admissions_info,Take Exam,,Unsaon nako pagkuha sa BukSU College Admission Test? Sunod kining mga lakang aron mag-apply sa BukSU College Admission Test: Step 1: Bisitaha ang http://admissions.buksu.edu.ph. Mag-register gamit ang imong active nga...
476,PASS,application_next_step,application_next_step,ask_general_info,what is human nako submit sa application unsa na sunod buhaton,admissions_info,Application Next Step,,"Nakahuman na ko sa online application. Unsa ang sunod nga buhaton? Human nimo mapuno ang application, pilia ang imong preferred nga schedule ug venue. Siguroha nga nahuman nimo ang tibuok application process ug andama..."
477,PASS,admission_application_deadline,admission_application_deadline,ask_schedule,admission application deadline,admissions_info,Admission Application Deadline,,"There is no exact deadline, but BukSU admission applications usually end during the last week of March. You can visit their official Facebook page for updates: https://www.facebook.com/BukSUATU"
478,PASS,exam_requirements,exam_requirements,ask_requirement,unsa ang kinahanglan nako dalhon sa adlaw,admissions_info,Exam Requirements,,Unsa ang dad-on sa adlaw sa examination Kinahanglan dad-on sa mga test takers ang mosunod: 1. Test Permit (ma-download gikan sa BukSU admission website) 2. Application Form (ma-download gikan sa BukSU admission websit...
479,PASS,reschedule_entrance_exam,reschedule_entrance_exam,ask_schedule,walkin entrance exam is allowed?,admissions_info,Reschedule Entrance Exam,,"The BukSU Entrance Examination cannot be rescheduled once your exam date has been assigned. If you are unable to attend your scheduled exam, you may need to wait for the next admission cycle. I recommend ensuring your..."
480,PASS,take_exam,take_exam,ask_process,what is the process for unsaon nako pag-register sa buksu entrance exam online,admissions_info,Take Exam,,Unsaon nako pagkuha sa BukSU College Admission Test? Sunod kining mga lakang aron mag-apply sa BukSU College Admission Test: Step 1: Bisitaha ang http://admissions.buksu.edu.ph. Mag-register gamit ang imong active nga...
481,PASS,application_next_step,application_next_step,ask_general_info,nahuman na nako akong online application unsa,admissions_info,Application Next Step,,"Nakahuman na ko sa online application. Unsa ang sunod nga buhaton? Human nimo mapuno ang application, pilia ang imong preferred nga schedule ug venue. Siguroha nga nahuman nimo ang tibuok application process ug andama..."
482,PASS,status_application,status_application,ask_general_info,status application?,admissions_info,Status Application,,How would I know that my application to take the College Admission Test is accepted? Applicants will be notified of the status of their application in their BukSU Admissions Account. Login to the BukSU Admissions acco...
483,PASS,exam_requirements,exam_requirements,ask_requirement,unsa ang kinahanglan nako dalhon sa adlaw sa exam,admissions_info,Exam Requirements,,Unsa ang dad-on sa adlaw sa examination Kinahanglan dad-on sa mga test takers ang mosunod: 1. Test Permit (ma-download gikan sa BukSU admission website) 2. Application Form (ma-download gikan sa BukSU admission websit...
484,PASS,take_exam,take_exam,ask_general_info,what is take exam,admissions_info,Take Exam,,How can I take the BukSU College Admission Test? Follow these steps to apply for the BukSU College Admission Test: Step 1: Access http://admissions.buksu.edu.ph. Register using your active Gmail account. Create your p...
485,PASS,exam_results,exam_results,ask_general_info,pass notice,admissions_info,Exam Results,,How and when will I know my examination result? The schedule of releasing examination results will be posted on the BukSU Admission and Testing Facebook page. Examination results will also be posted on your admission...
486,PASS,missing_admission_documents,missing_admission_documents,ask_requirement,unsa requirements sa incomplete admission documents,admissions_info,Missing Admission Documents,,"Kung naa kay kulang nga admission documents, login sa imong BukSU Admission account ug i-edit ang imong admission application aron ma-upload nimo ang kulang nga document. Siguroa nga kompleto ang tanang required docum..."
487,PASS,second_courser_requirements,second_courser_requirements,ask_requirement,unsa ang gikinahanglan sa second courser,admissions_info,Second Courser Requirements,,Ang second courser kinahanglan mag submit og Transcript of Records para sa evaluation 2x2 ID picture ug resibo sa bayad nga 300 pesos para sa admission test ug kasagaran dili na sila sakop sa Free Higher Education law.
488,PASS,take_exam,take_exam,ask_process,what is the process for step by step nga proseso unsaon pag-take sa admission test sa buksu,admissions_info,Take Exam,,Unsaon nako pagkuha sa BukSU College Admission Test? Sunod kining mga lakang aron mag-apply sa BukSU College Admission Test: Step 1: Bisitaha ang http://admissions.buksu.edu.ph. Mag-register gamit ang imong active nga...
489,PASS,denied_applications,denied_applications,ask_general_info,denied applications,admissions_info,Denied Applications,,"Why was my application from a testing site denied? Applications from some testing sites may have been denied due to full application slots, as they have already reached their maximum capacity. You may consider applyin..."
490,PASS,cat_exam_result,cat_exam_result,ask_location,asa dapit ang unsaon nakabalo kung pasar na kos cat,admissions_info,CAT Exam Result,,Ang pinakasayon nga paagi aron mahibal-an kung nakapasar ka sa BukSU Admission CAT Examination mao ang pag-log in sa imong BukSU Admission account ug adto sa Admission tab. Pwede pud nimo dali nga ma-access kini pinaa...
491,PASS,exam_requirements,exam_requirements,ask_requirement,pwede nimo isulti unsa ang mga requirements nga akong dad-on para sa exam?,admissions_info,Exam Requirements,,Unsa ang dad-on sa adlaw sa examination Kinahanglan dad-on sa mga test takers ang mosunod: 1. Test Permit (ma-download gikan sa BukSU admission website) 2. Application Form (ma-download gikan sa BukSU admission websit...
492,PASS,online_application_schedule,online_application_schedule,ask_schedule,unsa ang admission application testing schedule,admissions_info,Online Application Schedule,,"Dili mi makahatag og usa ka pirmi nga eksaktong petsa sa BukSU admission and testing application kay mahimong mausab ang schedule matag academic year. Kasagaran, magsugod ang admission application period around Novemb..."
493,PASS,freshman_admission_requirements,freshman_admission_requirements,ask_requirement,freshman admission requirements,admissions_info,Freshman Admission Requirements,,Here are the requirements you need before applying for BukSU Admission Testing: 1. You need to have your own personal Gmail account to create an account on BukSU Admissions: https://admissions.buksu.edu.ph/ 2. You nee...
494,PASS,take_exam,take_exam,ask_process,unsaon nako pag register sa buksu entrance,admissions_info,Take Exam,,Unsaon nako pagkuha sa BukSU College Admission Test? Sunod kining mga lakang aron mag-apply sa BukSU College Admission Test: Step 1: Bisitaha ang http://admissions.buksu.edu.ph. Mag-register gamit ang imong active nga...
495,PASS,take_exam,take_exam,ask_process,how to unsa ang mga steps para maka-apply sa buksu cat,admissions_info,Take Exam,,Unsaon nako pagkuha sa BukSU College Admission Test? Sunod kining mga lakang aron mag-apply sa BukSU College Admission Test: Step 1: Bisitaha ang http://admissions.buksu.edu.ph. Mag-register gamit ang imong active nga...
496,PASS,no_slots,no_slots,ask_availability,tell me about no slots available in the admission portal what do i do,admissions_info,No Slots,,"No Slots Available? Evaluators are still checking applications. Stay logged in, go to Step 4, and refresh between 8 AM and 5 PM. New slots may appear if others are denied."
497,PASS,application_next_step,application_next_step,ask_process,unsaon application next step,admissions_info,Application Next Step,,"Nakahuman na ko sa online application. Unsa ang sunod nga buhaton? Human nimo mapuno ang application, pilia ang imong preferred nga schedule ug venue. Siguroha nga nahuman nimo ang tibuok application process ug andama..."
498,PASS,exam_fees,exam_fees,ask_fee,exam fees?,admissions_info,Exam Fees,,"Are there fees for the College Admission Test? College Admission Tests are offered for FREE at Bukidnon State University. However, applicants who have already completed a bachelors degree (second course takers) need t..."
499,PASS,second_courser_cat_application,second_courser_cat_application,ask_availability,how to pwede ba mo apply ang second courser,admissions_info,Second Courser CAT Application,,Oo ang mga second courser mahimong maka apply sa BukSU CAT. Kinahanglan sila mobayad og 300 pesos nga testing fee ug mag submit sa Transcript of Records. Dili sila kwalipikado sa libre nga tuition sa Free Higher Educa...
500,PASS,buksu_cat_calculator_policy,buksu_cat_calculator_policy,ask_general_info,what is pwede mu gamit ug calculator sa exam,admissions_info,BukSU CAT Calculator Policy,,Dili ang paggamit og bisan unsang klase sa calculator basic o scientific hugot nga gidili sa panahon sa BukSU CAT. Lapis eraser ug permit lang ang gitugutan sa sulod sa testing room.
