index,status,expected_intent,actual_intent,broad_intent,query,source,display_name,suggestions,response_preview
1,PASS,exam_requirements,exam_requirements,ask_requirement,what are the requirements for exam requirements,admissions_info,Exam Requirements,,What to bring on the examination day Test takers must bring the following items: 1. Test Permit (can be downloaded from the BukSU admission website) 2. Application Form (can be downloaded from the BukSU admission webs...
2,WRONG,missing_admission_documents,missed_buksu_cat_schedule,ask_requirement,what are the requirements for incomplete admission documents,admissions_info,Missing Admission Documents,,If you miss your scheduled BukSU CAT exam date you should immediately contact the Admission and Testing Unit. Rescheduling may be possible depending on the availability of slots and the validity of the reason.
3,WRONG,take_exam,missed_buksu_cat_schedule,ask_process,step by step nga proseso unsaon pag-take sa admission test sa buksu,admissions_info,Take Exam,,Kung mapalabay nimo ang imong schedule sa BukSU CAT exam kontaka dayon ang Admission and Testing Unit. Mahimong ma reschedule kini depende kung naay bakante nga slot ug balido ang imong rason.
4,PASS,buksu_cat_definition,buksu_cat_definition,ask_general_info,unsa ang buksu cat definition,admissions_info,BukSU CAT Definition,,Ang BukSU CAT mao ang Bukidnon State University College Admission Test. Kini mandatory nga exam para sa tanang incoming first year students ug second coursers nga gusto mo enroll sa undergraduate programs.
5,PASS,cat_exam_result,cat_exam_result,ask_location,where can i find nakapasar ba ko unsaon pag tan aw,admissions_info,CAT Exam Result,,Ang pinakasayon nga paagi aron mahibal-an kung nakapasar ka sa BukSU Admission CAT Examination mao ang pag-log in sa imong BukSU Admission account ug adto sa Admission tab. Pwede pud nimo dali nga ma-access kini pinaa...
6,WRONG,admission_application_deadline,missed_buksu_cat_schedule,ask_schedule,kanus a ang deadline sa admission,admissions_info,Admission Application Deadline,,Kung mapalabay nimo ang imong schedule sa BukSU CAT exam kontaka dayon ang Admission and Testing Unit. Mahimong ma reschedule kini depende kung naay bakante nga slot ug balido ang imong rason.
7,PASS,take_exam,take_exam,ask_process,what is the process for unsaon nako pag-register sa buksu entrance exam online,admissions_info,Take Exam,,Unsaon nako pagkuha sa BukSU College Admission Test? Sunod kining mga lakang aron mag-apply sa BukSU College Admission Test: Step 1: Bisitaha ang http://admissions.buksu.edu.ph. Mag-register gamit ang imong active nga...
8,PASS,exam_requirements,exam_requirements,ask_requirement,exam requirements?,admissions_info,Exam Requirements,,What to bring on the examination day Test takers must bring the following items: 1. Test Permit (can be downloaded from the BukSU admission website) 2. Application Form (can be downloaded from the BukSU admission webs...
9,PASS,online_application_schedule,online_application_schedule,ask_schedule,online application schedule,admissions_info,Online Application Schedule,,"We cannot provide one fixed exact date for the BukSU admission and testing application because the schedule may change every academic year. Usually, the admission application period starts around November and may cont..."
10,PASS,buksu_cat_definition,buksu_cat_definition,ask_general_info,unsa meaning sa buksu cat?,admissions_info,BukSU CAT Definition,,Ang BukSU CAT mao ang Bukidnon State University College Admission Test. Kini mandatory nga exam para sa tanang incoming first year students ug second coursers nga gusto mo enroll sa undergraduate programs.
11,PASS,application_next_step,application_next_step,ask_general_info,tell me about human nako submit sa application unsa na sunod buhaton,admissions_info,Application Next Step,,"Nakahuman na ko sa online application. Unsa ang sunod nga buhaton? Human nimo mapuno ang application, pilia ang imong preferred nga schedule ug venue. Siguroha nga nahuman nimo ang tibuok application process ug andama..."
12,WRONG,exam_fees,missed_buksu_cat_schedule,ask_fee,pila ang bayad sa admission test sa buksu?,admissions_info,Exam Fees,,Kung mapalabay nimo ang imong schedule sa BukSU CAT exam kontaka dayon ang Admission and Testing Unit. Mahimong ma reschedule kini depende kung naay bakante nga slot ug balido ang imong rason.
13,WRONG,exam_fees,missed_buksu_cat_schedule,ask_fee,pila ang bayad sa admission test sa,admissions_info,Exam Fees,,Kung mapalabay nimo ang imong schedule sa BukSU CAT exam kontaka dayon ang Admission and Testing Unit. Mahimong ma reschedule kini depende kung naay bakante nga slot ug balido ang imong rason.
14,PASS,buksu_cat_calculator_policy,buksu_cat_calculator_policy,ask_general_info,buksu cat calculator policy,admissions_info,BukSU CAT Calculator Policy,,No the use of any type of calculator basic or scientific is strictly prohibited during the BukSU CAT. Only pencils erasers and your permit are allowed inside the testing room.
15,PASS,cat_exam_result,cat_exam_result,ask_general_info,cat exam result?,admissions_info,CAT Exam Result,,The only way to know if you passed the BukSU Admission CAT Examination is to log in to your BukSU Admission account and go to the Admission tab. You can also quickly access it through notifications from BukSU Admissio...
16,PASS,exam_results,exam_results,ask_general_info,tell me about exam results,admissions_info,Exam Results,,How and when will I know my examination result? The schedule of releasing examination results will be posted on the BukSU Admission and Testing Facebook page. Examination results will also be posted on your admission...
17,WRONG,missing_admission_documents,missed_buksu_cat_schedule,ask_location,where do i submit my missing admisson documents,admissions_info,Missing Admission Documents,,If you miss your scheduled BukSU CAT exam date you should immediately contact the Admission and Testing Unit. Rescheduling may be possible depending on the availability of slots and the validity of the reason.
18,WRONG,exam_fees,missed_buksu_cat_schedule,ask_fee,pila ang naa bay bayad ang buksu college admission test,admissions_info,Exam Fees,,Kung mapalabay nimo ang imong schedule sa BukSU CAT exam kontaka dayon ang Admission and Testing Unit. Mahimong ma reschedule kini depende kung naay bakante nga slot ug balido ang imong rason.
19,PASS,missed_buksu_cat_schedule,missed_buksu_cat_schedule,ask_schedule,tell me about missed buksu cat schedule,admissions_info,Missed BukSU CAT Schedule,,If you miss your scheduled BukSU CAT exam date you should immediately contact the Admission and Testing Unit. Rescheduling may be possible depending on the availability of slots and the validity of the reason.
20,PASS,take_exam,take_exam,ask_process,unsaon nako pag-register sa buksu entrance exam online?,admissions_info,Take Exam,,Unsaon nako pagkuha sa BukSU College Admission Test? Sunod kining mga lakang aron mag-apply sa BukSU College Admission Test: Step 1: Bisitaha ang http://admissions.buksu.edu.ph. Mag-register gamit ang imong active nga...
21,WRONG,status_application,cat_exam_result,ask_location,asa nako ma-check kung nadawat akong buksu cat application?,admissions_info,Status Application,,Ang pinakasayon nga paagi aron mahibal-an kung nakapasar ka sa BukSU Admission CAT Examination mao ang pag-log in sa imong BukSU Admission account ug adto sa Admission tab. Pwede pud nimo dali nga ma-access kini pinaa...
22,WRONG,exam_fees,missed_buksu_cat_schedule,ask_fee,naa bay bayad ang buksu college admission test?,admissions_info,Exam Fees,,Kung mapalabay nimo ang imong schedule sa BukSU CAT exam kontaka dayon ang Admission and Testing Unit. Mahimong ma reschedule kini depende kung naay bakante nga slot ug balido ang imong rason.
23,PASS,reschedule_entrance_exam,reschedule_entrance_exam,ask_schedule,what is reschedule entrance exam,admissions_info,Reschedule Entrance Exam,,"The BukSU Entrance Examination cannot be rescheduled once your exam date has been assigned. If you are unable to attend your scheduled exam, you may need to wait for the next admission cycle. I recommend ensuring your..."
24,PASS,test_permit_issue,test_permit_issue,ask_document,what is test permit cannot open,admissions_info,Test Permit Issue,,"If your BukSU CAT test permit is corrupted, invalid, missing, or cannot be opened, log in again to your BukSU Admission account and try downloading the test permit again. If the downloaded file still does not work, co..."
25,WRONG,exam_fees,missed_buksu_cat_schedule,ask_fee,how much is naa bay bayad ang buksu college admission test,admissions_info,Exam Fees,,Kung mapalabay nimo ang imong schedule sa BukSU CAT exam kontaka dayon ang Admission and Testing Unit. Mahimong ma reschedule kini depende kung naay bakante nga slot ug balido ang imong rason.
26,PASS,cat_exam_result,cat_exam_result,ask_location,asa dapit ang unsaon nakabalo kung pasar na kos cat,admissions_info,CAT Exam Result,,Ang pinakasayon nga paagi aron mahibal-an kung nakapasar ka sa BukSU Admission CAT Examination mao ang pag-log in sa imong BukSU Admission account ug adto sa Admission tab. Pwede pud nimo dali nga ma-access kini pinaa...
27,WRONG,exam_results,cat_exam_result,ask_process,how to know if passed admisson,admissions_info,Exam Results,,The only way to know if you passed the BukSU Admission CAT Examination is to log in to your BukSU Admission account and go to the Admission tab. You can also quickly access it through notifications from BukSU Admissio...
28,WRONG,exam_fees,missed_buksu_cat_schedule,ask_fee,naa bay bayad ang buksu college admission test,admissions_info,Exam Fees,,Kung mapalabay nimo ang imong schedule sa BukSU CAT exam kontaka dayon ang Admission and Testing Unit. Mahimong ma reschedule kini depende kung naay bakante nga slot ug balido ang imong rason.
29,PASS,application_next_step,application_next_step,ask_general_info,what is nahuman na nako akong online application unsa akong buhaton sunod,admissions_info,Application Next Step,,"Nakahuman na ko sa online application. Unsa ang sunod nga buhaton? Human nimo mapuno ang application, pilia ang imong preferred nga schedule ug venue. Siguroha nga nahuman nimo ang tibuok application process ug andama..."
30,WRONG,missing_admission_documents,missed_buksu_cat_schedule,ask_requirement,incomplete admission documents?,admissions_info,Missing Admission Documents,,If you miss your scheduled BukSU CAT exam date you should immediately contact the Admission and Testing Unit. Rescheduling may be possible depending on the availability of slots and the validity of the reason.
31,WRONG,admission_application_deadline,missed_buksu_cat_schedule,ask_schedule,kanus a ang deadline sa admission?,admissions_info,Admission Application Deadline,,Kung mapalabay nimo ang imong schedule sa BukSU CAT exam kontaka dayon ang Admission and Testing Unit. Mahimong ma reschedule kini depende kung naay bakante nga slot ug balido ang imong rason.
32,PASS,buksu_cat_calculator_policy,buksu_cat_calculator_policy,ask_general_info,pwede mu gamit ug calculator sa exam,admissions_info,BukSU CAT Calculator Policy,,Dili ang paggamit og bisan unsang klase sa calculator basic o scientific hugot nga gidili sa panahon sa BukSU CAT. Lapis eraser ug permit lang ang gitugutan sa sulod sa testing room.
33,PASS,application_next_step,application_next_step,ask_general_info,nahuman na nako akong online application unsa akong buhaton sunod?,admissions_info,Application Next Step,,"Nakahuman na ko sa online application. Unsa ang sunod nga buhaton? Human nimo mapuno ang application, pilia ang imong preferred nga schedule ug venue. Siguroha nga nahuman nimo ang tibuok application process ug andama..."
34,PASS,test_permit_issue,test_permit_issue,ask_document,tell me about test permit invalid,admissions_info,Test Permit Issue,,"If your BukSU CAT test permit is corrupted, invalid, missing, or cannot be opened, log in again to your BukSU Admission account and try downloading the test permit again. If the downloaded file still does not work, co..."
35,PASS_SUGGESTION,exam_requirements,(none),ask_requirement,pwede nimo isulti unsa ang mga requirements,admissions_info,Exam Requirements,"Exam Requirements, Graduating Clearance Requirements","Do you mean Exam Requirements or Graduating Clearance Requirements? Suggestions: Exam Requirements, Graduating Clearance Requirements"
36,WRONG,missing_admission_documents,missed_buksu_cat_schedule,ask_requirement,incomplete admission documents,admissions_info,Missing Admission Documents,,If you miss your scheduled BukSU CAT exam date you should immediately contact the Admission and Testing Unit. Rescheduling may be possible depending on the availability of slots and the validity of the reason.
37,PASS,missed_buksu_cat_schedule,missed_buksu_cat_schedule,ask_schedule,what is missed buksu cat schedule,admissions_info,Missed BukSU CAT Schedule,,If you miss your scheduled BukSU CAT exam date you should immediately contact the Admission and Testing Unit. Rescheduling may be possible depending on the availability of slots and the validity of the reason.
38,PASS,reschedule_entrance_exam,reschedule_entrance_exam,ask_schedule,reschedule entrance exam?,admissions_info,Reschedule Entrance Exam,,"The BukSU Entrance Examination cannot be rescheduled once your exam date has been assigned. If you are unable to attend your scheduled exam, you may need to wait for the next admission cycle. I recommend ensuring your..."
39,PASS,test_permit_issue,test_permit_issue,ask_document,test permit corrupted?,admissions_info,Test Permit Issue,,"If your BukSU CAT test permit is corrupted, invalid, missing, or cannot be opened, log in again to your BukSU Admission account and try downloading the test permit again. If the downloaded file still does not work, co..."
40,PASS,cat_exam_result,cat_exam_result,ask_location,unsaon nakabalo kung pasar na kos cat?,admissions_info,CAT Exam Result,,Ang pinakasayon nga paagi aron mahibal-an kung nakapasar ka sa BukSU Admission CAT Examination mao ang pag-log in sa imong BukSU Admission account ug adto sa Admission tab. Pwede pud nimo dali nga ma-access kini pinaa...
41,PASS,application_next_step,application_next_step,ask_general_info,tell me about nahuman na nako ang online application unsa na sunod buhaton,admissions_info,Application Next Step,,"Nakahuman na ko sa online application. Unsa ang sunod nga buhaton? Human nimo mapuno ang application, pilia ang imong preferred nga schedule ug venue. Siguroha nga nahuman nimo ang tibuok application process ug andama..."
42,WRONG,missing_admission_documents,missed_buksu_cat_schedule,ask_location,where to submit missing admission documents?,admissions_info,Missing Admission Documents,,If you miss your scheduled BukSU CAT exam date you should immediately contact the Admission and Testing Unit. Rescheduling may be possible depending on the availability of slots and the validity of the reason.
43,WRONG,test_permit_issue,cat_exam_result,ask_document,tell me about test permit error,admissions_info,Test Permit Issue,,The only way to know if you passed the BukSU Admission CAT Examination is to log in to your BukSU Admission account and go to the Admission tab. You can also quickly access it through notifications from BukSU Admissio...
44,PASS,exam_requirements,exam_requirements,ask_requirement,unsa akong kinahanglan dad-on para sa exam,admissions_info,Exam Requirements,,Unsa ang dad-on sa adlaw sa examination Kinahanglan dad-on sa mga test takers ang mosunod: 1. Test Permit (ma-download gikan sa BukSU admission website) 2. Application Form (ma-download gikan sa BukSU admission websit...
45,PASS,test_permit_issue,test_permit_issue,ask_document,tell me about test permit cannot open,admissions_info,Test Permit Issue,,"If your BukSU CAT test permit is corrupted, invalid, missing, or cannot be opened, log in again to your BukSU Admission account and try downloading the test permit again. If the downloaded file still does not work, co..."
46,PASS,reschedule_entrance_exam,reschedule_entrance_exam,ask_schedule,walk in entrance exam is allowed,admissions_info,Reschedule Entrance Exam,,"The BukSU Entrance Examination cannot be rescheduled once your exam date has been assigned. If you are unable to attend your scheduled exam, you may need to wait for the next admission cycle. I recommend ensuring your..."
47,PASS,test_permit_issue,test_permit_issue,ask_document,test permit corrupted,admissions_info,Test Permit Issue,,"If your BukSU CAT test permit is corrupted, invalid, missing, or cannot be opened, log in again to your BukSU Admission account and try downloading the test permit again. If the downloaded file still does not work, co..."
48,WRONG,missing_admission_documents,missed_buksu_cat_schedule,ask_requirement,what should i bring for missing admission documents,admissions_info,Missing Admission Documents,,If you miss your scheduled BukSU CAT exam date you should immediately contact the Admission and Testing Unit. Rescheduling may be possible depending on the availability of slots and the validity of the reason.
49,PASS,cat_exam_result,cat_exam_result,ask_location,asa nako makita ang report rating,admissions_info,CAT Exam Result,,Ang pinakasayon nga paagi aron mahibal-an kung nakapasar ka sa BukSU Admission CAT Examination mao ang pag-log in sa imong BukSU Admission account ug adto sa Admission tab. Pwede pud nimo dali nga ma-access kini pinaa...
50,PASS,application_next_step,application_next_step,ask_general_info,nahuman na nako ang online application unsa na sunod buhaton?,admissions_info,Application Next Step,,"Nakahuman na ko sa online application. Unsa ang sunod nga buhaton? Human nimo mapuno ang application, pilia ang imong preferred nga schedule ug venue. Siguroha nga nahuman nimo ang tibuok application process ug andama..."
51,PASS,exam_requirements,exam_requirements,ask_requirement,what are the requirements for pwede nimo isulti unsa ang mga requirements nga akong dad-on para sa exam,admissions_info,Exam Requirements,,Unsa ang dad-on sa adlaw sa examination Kinahanglan dad-on sa mga test takers ang mosunod: 1. Test Permit (ma-download gikan sa BukSU admission website) 2. Application Form (ma-download gikan sa BukSU admission websit...
52,PASS,online_application_schedule,online_application_schedule,ask_schedule,what is online application schedule,admissions_info,Online Application Schedule,,"We cannot provide one fixed exact date for the BukSU admission and testing application because the schedule may change every academic year. Usually, the admission application period starts around November and may cont..."
53,PASS,missed_buksu_cat_schedule,missed_buksu_cat_schedule,ask_schedule,unsa ang missed buksu cat schedule,admissions_info,Missed BukSU CAT Schedule,,Kung mapalabay nimo ang imong schedule sa BukSU CAT exam kontaka dayon ang Admission and Testing Unit. Mahimong ma reschedule kini depende kung naay bakante nga slot ug balido ang imong rason.
54,PASS,buksu_cat_calculator_policy,buksu_cat_calculator_policy,ask_general_info,what is buksu cat calculator policy,admissions_info,BukSU CAT Calculator Policy,,No the use of any type of calculator basic or scientific is strictly prohibited during the BukSU CAT. Only pencils erasers and your permit are allowed inside the testing room.
55,PASS,take_exam,take_exam,ask_process,unsa ang mga steps para maka-apply sa buksu cat,admissions_info,Take Exam,,Unsaon nako pagkuha sa BukSU College Admission Test? Sunod kining mga lakang aron mag-apply sa BukSU College Admission Test: Step 1: Bisitaha ang http://admissions.buksu.edu.ph. Mag-register gamit ang imong active nga...
56,WRONG,online_application_schedule,missed_buksu_cat_schedule,ask_schedule,admission testing application date,admissions_info,Online Application Schedule,,If you miss your scheduled BukSU CAT exam date you should immediately contact the Admission and Testing Unit. Rescheduling may be possible depending on the availability of slots and the validity of the reason.
57,PASS,buksu_cat_calculator_policy,buksu_cat_calculator_policy,ask_general_info,what is allowed ba ang scientific calculator,admissions_info,BukSU CAT Calculator Policy,,No the use of any type of calculator basic or scientific is strictly prohibited during the BukSU CAT. Only pencils erasers and your permit are allowed inside the testing room.
58,PASS,admission_application_deadline,admission_application_deadline,ask_schedule,kutob kanus a pwede mag apply?,admissions_info,Admission Application Deadline,,"Walay eksaktong petsa, apan kasagaran matapos ang admission sa katapusang semana sa Marso. Mahimo nimo bisitahon ang ilang FB page para sa updates: https://www.facebook.com/BukSUATU"
59,PASS,missed_buksu_cat_schedule,missed_buksu_cat_schedule,ask_schedule,unsa ang nawala nako sa akong exam date,admissions_info,Missed BukSU CAT Schedule,,Kung mapalabay nimo ang imong schedule sa BukSU CAT exam kontaka dayon ang Admission and Testing Unit. Mahimong ma reschedule kini depende kung naay bakante nga slot ug balido ang imong rason.
60,PASS,exam_requirements,exam_requirements,ask_requirement,what should i bring for pwede nimo isulti unsa ang mga requirements nga akong dad-on para sa exam,admissions_info,Exam Requirements,,Unsa ang dad-on sa adlaw sa examination Kinahanglan dad-on sa mga test takers ang mosunod: 1. Test Permit (ma-download gikan sa BukSU admission website) 2. Application Form (ma-download gikan sa BukSU admission websit...
61,PASS,exam_requirements,exam_requirements,ask_requirement,unsa ang kinahanglan nako dalhon sa adlaw,admissions_info,Exam Requirements,,Unsa ang dad-on sa adlaw sa examination Kinahanglan dad-on sa mga test takers ang mosunod: 1. Test Permit (ma-download gikan sa BukSU admission website) 2. Application Form (ma-download gikan sa BukSU admission websit...
62,WRONG,online_application_schedule,missed_buksu_cat_schedule,ask_schedule,unsa ang admission application testing schedule,admissions_info,Online Application Schedule,,Kung mapalabay nimo ang imong schedule sa BukSU CAT exam kontaka dayon ang Admission and Testing Unit. Mahimong ma reschedule kini depende kung naay bakante nga slot ug balido ang imong rason.
63,PASS,online_application_schedule,online_application_schedule,ask_schedule,tell me about online application schedule,admissions_info,Online Application Schedule,,"We cannot provide one fixed exact date for the BukSU admission and testing application because the schedule may change every academic year. Usually, the admission application period starts around November and may cont..."
64,WRONG,status_application,cat_exam_result,ask_process,unsaon unsaon nako pagkahibalo kung na-accept akong application,admissions_info,Status Application,,Ang pinakasayon nga paagi aron mahibal-an kung nakapasar ka sa BukSU Admission CAT Examination mao ang pag-log in sa imong BukSU Admission account ug adto sa Admission tab. Pwede pud nimo dali nga ma-access kini pinaa...
65,PASS,admission_application_deadline,admission_application_deadline,ask_schedule,what is the process for kutob kanus a pwede mag apply,admissions_info,Admission Application Deadline,,"Walay eksaktong petsa, apan kasagaran matapos ang admission sa katapusang semana sa Marso. Mahimo nimo bisitahon ang ilang FB page para sa updates: https://www.facebook.com/BukSUATU"
66,PASS,buksu_cat_calculator_policy,buksu_cat_calculator_policy,ask_general_info,unsa ang pwede mu gamit ug calculator sa exam,admissions_info,BukSU CAT Calculator Policy,,Dili ang paggamit og bisan unsang klase sa calculator basic o scientific hugot nga gidili sa panahon sa BukSU CAT. Lapis eraser ug permit lang ang gitugutan sa sulod sa testing room.
67,PASS,buksu_cat_calculator_policy,buksu_cat_calculator_policy,ask_general_info,maka gamit ba tag calcu,admissions_info,BukSU CAT Calculator Policy,,No the use of any type of calculator basic or scientific is strictly prohibited during the BukSU CAT. Only pencils erasers and your permit are allowed inside the testing room.
68,WRONG,test_permit_issue,cat_exam_result,ask_document,what is test permit error,admissions_info,Test Permit Issue,,The only way to know if you passed the BukSU Admission CAT Examination is to log in to your BukSU Admission account and go to the Admission tab. You can also quickly access it through notifications from BukSU Admissio...
69,WRONG,take_exam,missed_buksu_cat_schedule,ask_process,step by step nga proseso unsaon pag-take sa admission test sa buksu?,admissions_info,Take Exam,,Kung mapalabay nimo ang imong schedule sa BukSU CAT exam kontaka dayon ang Admission and Testing Unit. Mahimong ma reschedule kini depende kung naay bakante nga slot ug balido ang imong rason.
70,PASS,missed_buksu_cat_schedule,missed_buksu_cat_schedule,ask_schedule,nawala nako sa akong exam date,admissions_info,Missed BukSU CAT Schedule,,Kung mapalabay nimo ang imong schedule sa BukSU CAT exam kontaka dayon ang Admission and Testing Unit. Mahimong ma reschedule kini depende kung naay bakante nga slot ug balido ang imong rason.
71,WRONG,status_application,cat_exam_result,ask_process,unsaon nako pagkahibalo kung approved akong cat exam application,admissions_info,Status Application,,Ang pinakasayon nga paagi aron mahibal-an kung nakapasar ka sa BukSU Admission CAT Examination mao ang pag-log in sa imong BukSU Admission account ug adto sa Admission tab. Pwede pud nimo dali nga ma-access kini pinaa...
72,WRONG,online_application_schedule,missed_buksu_cat_schedule,ask_schedule,when is the admisson application testing schedule,admissions_info,Online Application Schedule,,If you miss your scheduled BukSU CAT exam date you should immediately contact the Admission and Testing Unit. Rescheduling may be possible depending on the availability of slots and the validity of the reason.
73,WRONG,exam_fees,missed_buksu_cat_schedule,ask_fee,how much naa bay bayad ang buksu college admission test,admissions_info,Exam Fees,,Kung mapalabay nimo ang imong schedule sa BukSU CAT exam kontaka dayon ang Admission and Testing Unit. Mahimong ma reschedule kini depende kung naay bakante nga slot ug balido ang imong rason.
74,PASS,application_next_step,application_next_step,ask_general_info,tell me about nahuman na nako akong online application unsa akong buhaton sunod,admissions_info,Application Next Step,,"Nakahuman na ko sa online application. Unsa ang sunod nga buhaton? Human nimo mapuno ang application, pilia ang imong preferred nga schedule ug venue. Siguroha nga nahuman nimo ang tibuok application process ug andama..."
75,WRONG,buksu_cat_definition,missed_buksu_cat_schedule,ask_general_info,tell me about para unsa ang college admission test,admissions_info,BukSU CAT Definition,,Kung mapalabay nimo ang imong schedule sa BukSU CAT exam kontaka dayon ang Admission and Testing Unit. Mahimong ma reschedule kini depende kung naay bakante nga slot ug balido ang imong rason.
76,PASS_SUGGESTION,missed_buksu_cat_schedule,(none),ask_schedule,if nakaligtaan akong exam schedule,admissions_info,Missed BukSU CAT Schedule,"Missed BukSU CAT Schedule, Reschedule Entrance Exam","Do you mean Missed BukSU CAT Schedule or Reschedule Entrance Exam? Suggestions: Missed BukSU CAT Schedule, Reschedule Entrance Exam"
77,PASS,exam_results,exam_results,ask_general_info,unsa ang exam results,admissions_info,Exam Results,,Unsaon ug kanus-a nako makuha ang resulta sa akong examination? Ang schedule sa pag-release sa examination results ipost sa BukSU Admission and Testing Facebook page. Ang resulta sa examination ipost usab sa imong adm...
78,PASS,buksu_cat_calculator_policy,buksu_cat_calculator_policy,ask_general_info,unsa ang buksu cat calculator policy,admissions_info,BukSU CAT Calculator Policy,,Dili ang paggamit og bisan unsang klase sa calculator basic o scientific hugot nga gidili sa panahon sa BukSU CAT. Lapis eraser ug permit lang ang gitugutan sa sulod sa testing room.
79,WRONG,missing_admission_documents,missed_buksu_cat_schedule,ask_location,where do i submit my missing admission documents,admissions_info,Missing Admission Documents,,If you miss your scheduled BukSU CAT exam date you should immediately contact the Admission and Testing Unit. Rescheduling may be possible depending on the availability of slots and the validity of the reason.
80,PASS,cat_exam_result,cat_exam_result,ask_location,asa unsaon nakabalo kung pasar na kos cat,admissions_info,CAT Exam Result,,Ang pinakasayon nga paagi aron mahibal-an kung nakapasar ka sa BukSU Admission CAT Examination mao ang pag-log in sa imong BukSU Admission account ug adto sa Admission tab. Pwede pud nimo dali nga ma-access kini pinaa...
81,PASS,reschedule_entrance_exam,reschedule_entrance_exam,ask_schedule,tell me about walk in entrance exam is allowed,admissions_info,Reschedule Entrance Exam,,"The BukSU Entrance Examination cannot be rescheduled once your exam date has been assigned. If you are unable to attend your scheduled exam, you may need to wait for the next admission cycle. I recommend ensuring your..."
82,WRONG,status_application,cat_exam_result,ask_process,unsaon nako pagkahibalo kung na-accept akong application,admissions_info,Status Application,,Ang pinakasayon nga paagi aron mahibal-an kung nakapasar ka sa BukSU Admission CAT Examination mao ang pag-log in sa imong BukSU Admission account ug adto sa Admission tab. Pwede pud nimo dali nga ma-access kini pinaa...
83,PASS,exam_results,exam_results,ask_process,what is the process for pass notice how,admissions_info,Exam Results,,How and when will I know my examination result? The schedule of releasing examination results will be posted on the BukSU Admission and Testing Facebook page. Examination results will also be posted on your admission...
84,PASS,buksu_cat_definition,buksu_cat_definition,ask_general_info,what is buksu cat definition,admissions_info,BukSU CAT Definition,,The BukSU CAT is the Bukidnon State University College Admission Test. It is a mandatory exam for all incoming first year college students and second coursers who want to enroll in undergraduate programs.
85,WRONG,test_permit_issue,cat_exam_result,ask_document,unsa ang test permit error,admissions_info,Test Permit Issue,,Ang pinakasayon nga paagi aron mahibal-an kung nakapasar ka sa BukSU Admission CAT Examination mao ang pag-log in sa imong BukSU Admission account ug adto sa Admission tab. Pwede pud nimo dali nga ma-access kini pinaa...
86,PASS,reschedule_entrance_exam,reschedule_entrance_exam,ask_schedule,walk in entrance exam is allowed?,admissions_info,Reschedule Entrance Exam,,"The BukSU Entrance Examination cannot be rescheduled once your exam date has been assigned. If you are unable to attend your scheduled exam, you may need to wait for the next admission cycle. I recommend ensuring your..."
87,SUGGESTION,exam_fees,(none),ask_fee,kinahanglan ba ko mobayad para sa buksu,admissions_info,Exam Fees,"Second Courser Requirements, Exam Requirements","Do you mean Second Courser Requirements or Exam Requirements? Suggestions: Second Courser Requirements, Exam Requirements"
88,PASS,buksu_cat_calculator_policy,buksu_cat_calculator_policy,ask_general_info,allowed ba ang scientific calculator?,admissions_info,BukSU CAT Calculator Policy,,No the use of any type of calculator basic or scientific is strictly prohibited during the BukSU CAT. Only pencils erasers and your permit are allowed inside the testing room.
89,PASS,application_next_step,application_next_step,ask_general_info,human nako submit sa application unsa na sunod buhaton,admissions_info,Application Next Step,,"Nakahuman na ko sa online application. Unsa ang sunod nga buhaton? Human nimo mapuno ang application, pilia ang imong preferred nga schedule ug venue. Siguroha nga nahuman nimo ang tibuok application process ug andama..."
90,PASS,cat_exam_result,cat_exam_result,ask_location,unsaon nakabalo kung pasar na kos cat,admissions_info,CAT Exam Result,,Ang pinakasayon nga paagi aron mahibal-an kung nakapasar ka sa BukSU Admission CAT Examination mao ang pag-log in sa imong BukSU Admission account ug adto sa Admission tab. Pwede pud nimo dali nga ma-access kini pinaa...
91,SUGGESTION,status_application,(none),ask_process,unsaon nako pagkahibalo kung na accept akong,admissions_info,Status Application,"Submit Assignments Online, FDA Solution","Do you mean Submit Assignments Online or FDA Solution? Suggestions: Submit Assignments Online, FDA Solution"
92,WRONG,admission_application_deadline,missed_buksu_cat_schedule,ask_schedule,tell me about admission application deadline,admissions_info,Admission Application Deadline,,If you miss your scheduled BukSU CAT exam date you should immediately contact the Admission and Testing Unit. Rescheduling may be possible depending on the availability of slots and the validity of the reason.
93,PASS,exam_requirements,exam_requirements,ask_requirement,exam requirements,admissions_info,Exam Requirements,,What to bring on the examination day Test takers must bring the following items: 1. Test Permit (can be downloaded from the BukSU admission website) 2. Application Form (can be downloaded from the BukSU admission webs...
94,PASS,missed_buksu_cat_schedule,missed_buksu_cat_schedule,ask_schedule,missed buksu cat schedule,admissions_info,Missed BukSU CAT Schedule,,If you miss your scheduled BukSU CAT exam date you should immediately contact the Admission and Testing Unit. Rescheduling may be possible depending on the availability of slots and the validity of the reason.
95,PASS,test_permit_issue,test_permit_issue,ask_requirement,unsa requirements sa test permit corrupted,admissions_info,Test Permit Issue,,"Kung corrupted, invalid, nawala, o dili ma-open ang imong BukSU CAT test permit, login balik sa imong BukSU Admission account ug sulayi pag-download usab ang test permit. Kung dili gihapon mo-work ang na-download nga..."
96,PASS,missed_buksu_cat_schedule,missed_buksu_cat_schedule,ask_schedule,what if nakaligtaan akong exam schedule,admissions_info,Missed BukSU CAT Schedule,,Kung mapalabay nimo ang imong schedule sa BukSU CAT exam kontaka dayon ang Admission and Testing Unit. Mahimong ma reschedule kini depende kung naay bakante nga slot ug balido ang imong rason.
97,WRONG,missing_admission_documents,missed_buksu_cat_schedule,ask_requirement,what are the requirements for missing admission documents,admissions_info,Missing Admission Documents,,If you miss your scheduled BukSU CAT exam date you should immediately contact the Admission and Testing Unit. Rescheduling may be possible depending on the availability of slots and the validity of the reason.
98,PASS,reschedule_entrance_exam,reschedule_entrance_exam,ask_schedule,unsa ang reschedule entrance exam,admissions_info,Reschedule Entrance Exam,,"Dili ma-reschedule ang BukSU Entrance Examination kung naa na kay assigned exam date. Kung dili ka makatunga sa imong scheduled exam, mahimo nga kinahanglan ka maghulat sa sunod nga admission cycle. Mas maayo nga sigu..."
99,PASS,reschedule_entrance_exam,reschedule_entrance_exam,ask_schedule,walkin entrance exam allowed,admissions_info,Reschedule Entrance Exam,,"The BukSU Entrance Examination cannot be rescheduled once your exam date has been assigned. If you are unable to attend your scheduled exam, you may need to wait for the next admission cycle. I recommend ensuring your..."
100,WRONG,online_application_schedule,missed_buksu_cat_schedule,ask_schedule,when is the admission application testing schedule?,admissions_info,Online Application Schedule,,If you miss your scheduled BukSU CAT exam date you should immediately contact the Admission and Testing Unit. Rescheduling may be possible depending on the availability of slots and the validity of the reason.
101,PASS,exam_results,exam_results,ask_process,how do i know if i passed?,admissions_info,Exam Results,,How and when will I know my examination result? The schedule of releasing examination results will be posted on the BukSU Admission and Testing Facebook page. Examination results will also be posted on your admission...
102,PASS_SUGGESTION,admission_application_deadline,(none),ask_schedule,kutob kanus pwede mag apply,admissions_info,Admission Application Deadline,"Admission Application Deadline, Shift To Another Course Next School Year","Do you mean Admission Application Deadline or Shift To Another Course Next School Year? Suggestions: Admission Application Deadline, Shift To Another Course Next School Year"
103,WRONG,admission_application_deadline,missed_buksu_cat_schedule,ask_schedule,unsa ang admission application deadline,admissions_info,Admission Application Deadline,,Kung mapalabay nimo ang imong schedule sa BukSU CAT exam kontaka dayon ang Admission and Testing Unit. Mahimong ma reschedule kini depende kung naay bakante nga slot ug balido ang imong rason.
104,PASS,reschedule_entrance_exam,reschedule_entrance_exam,ask_schedule,unsa ang walk-in entrance exam,admissions_info,Reschedule Entrance Exam,,"Dili ma-reschedule ang BukSU Entrance Examination kung naa na kay assigned exam date. Kung dili ka makatunga sa imong scheduled exam, mahimo nga kinahanglan ka maghulat sa sunod nga admission cycle. Mas maayo nga sigu..."
105,PASS,buksu_cat_calculator_policy,buksu_cat_calculator_policy,ask_general_info,tell me about buksu cat calculator policy,admissions_info,BukSU CAT Calculator Policy,,No the use of any type of calculator basic or scientific is strictly prohibited during the BukSU CAT. Only pencils erasers and your permit are allowed inside the testing room.
106,WRONG,exam_results,cat_exam_result,ask_process,how to know if passed admission?,admissions_info,Exam Results,,The only way to know if you passed the BukSU Admission CAT Examination is to log in to your BukSU Admission account and go to the Admission tab. You can also quickly access it through notifications from BukSU Admissio...
107,PASS,cat_exam_result,cat_exam_result,ask_location,asa dapit ang nakapasar ba ko unsaon pag tan aw,admissions_info,CAT Exam Result,,Ang pinakasayon nga paagi aron mahibal-an kung nakapasar ka sa BukSU Admission CAT Examination mao ang pag-log in sa imong BukSU Admission account ug adto sa Admission tab. Pwede pud nimo dali nga ma-access kini pinaa...
108,PASS,exam_results,exam_results,ask_process,how do i know if i passed,admissions_info,Exam Results,,How and when will I know my examination result? The schedule of releasing examination results will be posted on the BukSU Admission and Testing Facebook page. Examination results will also be posted on your admission...
109,WRONG,missing_admission_documents,missed_buksu_cat_schedule,ask_location,where to submit missing admisson documents,admissions_info,Missing Admission Documents,,If you miss your scheduled BukSU CAT exam date you should immediately contact the Admission and Testing Unit. Rescheduling may be possible depending on the availability of slots and the validity of the reason.
110,WRONG,buksu_cat_definition,missed_buksu_cat_schedule,ask_general_info,para unsa ang college admission test?,admissions_info,BukSU CAT Definition,,Kung mapalabay nimo ang imong schedule sa BukSU CAT exam kontaka dayon ang Admission and Testing Unit. Mahimong ma reschedule kini depende kung naay bakante nga slot ug balido ang imong rason.
111,PASS,missed_buksu_cat_schedule,missed_buksu_cat_schedule,ask_schedule,unsa ang na miss nako ang exam date,admissions_info,Missed BukSU CAT Schedule,,Kung mapalabay nimo ang imong schedule sa BukSU CAT exam kontaka dayon ang Admission and Testing Unit. Mahimong ma reschedule kini depende kung naay bakante nga slot ug balido ang imong rason.
112,PASS,exam_fees,exam_fees,ask_fee,exam fees?,admissions_info,Exam Fees,,"Are there fees for the College Admission Test? College Admission Tests are offered for FREE at Bukidnon State University. However, applicants who have already completed a bachelors degree (second course takers) need t..."
113,PASS,application_next_step,application_next_step,ask_general_info,unsa ang nahuman na nako ang online application unsa na sunod buhaton,admissions_info,Application Next Step,,"Nakahuman na ko sa online application. Unsa ang sunod nga buhaton? Human nimo mapuno ang application, pilia ang imong preferred nga schedule ug venue. Siguroha nga nahuman nimo ang tibuok application process ug andama..."
114,WRONG,buksu_cat_definition,missed_buksu_cat_schedule,ask_general_info,unsa ang para unsa ang college admission test,admissions_info,BukSU CAT Definition,,Kung mapalabay nimo ang imong schedule sa BukSU CAT exam kontaka dayon ang Admission and Testing Unit. Mahimong ma reschedule kini depende kung naay bakante nga slot ug balido ang imong rason.
115,WRONG,online_application_schedule,missed_buksu_cat_schedule,ask_schedule,admission application testing schedule?,admissions_info,Online Application Schedule,,If you miss your scheduled BukSU CAT exam date you should immediately contact the Admission and Testing Unit. Rescheduling may be possible depending on the availability of slots and the validity of the reason.
116,PASS,application_next_step,application_next_step,ask_general_info,unsa ang human nako submit sa application unsa na sunod buhaton,admissions_info,Application Next Step,,"Nakahuman na ko sa online application. Unsa ang sunod nga buhaton? Human nimo mapuno ang application, pilia ang imong preferred nga schedule ug venue. Siguroha nga nahuman nimo ang tibuok application process ug andama..."
117,WRONG,online_application_schedule,missed_buksu_cat_schedule,ask_schedule,unsa ang admission testing application date,admissions_info,Online Application Schedule,,Kung mapalabay nimo ang imong schedule sa BukSU CAT exam kontaka dayon ang Admission and Testing Unit. Mahimong ma reschedule kini depende kung naay bakante nga slot ug balido ang imong rason.
118,PASS,buksu_cat_definition,buksu_cat_definition,ask_general_info,buksu cat definition,admissions_info,BukSU CAT Definition,,The BukSU CAT is the Bukidnon State University College Admission Test. It is a mandatory exam for all incoming first year college students and second coursers who want to enroll in undergraduate programs.
119,PASS,reschedule_entrance_exam,reschedule_entrance_exam,ask_schedule,what is walk-in entrance exam,admissions_info,Reschedule Entrance Exam,,"The BukSU Entrance Examination cannot be rescheduled once your exam date has been assigned. If you are unable to attend your scheduled exam, you may need to wait for the next admission cycle. I recommend ensuring your..."
120,PASS,buksu_cat_definition,buksu_cat_definition,ask_general_info,unsa meaning sa buksu cat,admissions_info,BukSU CAT Definition,,Ang BukSU CAT mao ang Bukidnon State University College Admission Test. Kini mandatory nga exam para sa tanang incoming first year students ug second coursers nga gusto mo enroll sa undergraduate programs.
121,WRONG,status_application,cat_exam_result,ask_location,asa nako ma check kung nadawat akong,admissions_info,Status Application,,Ang pinakasayon nga paagi aron mahibal-an kung nakapasar ka sa BukSU Admission CAT Examination mao ang pag-log in sa imong BukSU Admission account ug adto sa Admission tab. Pwede pud nimo dali nga ma-access kini pinaa...
122,PASS,cat_exam_result,cat_exam_result,ask_general_info,tell me about cat exam result,admissions_info,CAT Exam Result,,The only way to know if you passed the BukSU Admission CAT Examination is to log in to your BukSU Admission account and go to the Admission tab. You can also quickly access it through notifications from BukSU Admissio...
123,PASS,buksu_cat_definition,buksu_cat_definition,ask_general_info,what is buksu cat,admissions_info,BukSU CAT Definition,,The BukSU CAT is the Bukidnon State University College Admission Test. It is a mandatory exam for all incoming first year college students and second coursers who want to enroll in undergraduate programs.
124,WRONG,application_next_step,take_exam,ask_process,application next step?,admissions_info,Application Next Step,,How can I take the BukSU College Admission Test? Follow these steps to apply for the BukSU College Admission Test: Step 1: Access http://admissions.buksu.edu.ph. Register using your active Gmail account. Create your p...
125,PASS_SUGGESTION,exam_requirements,(none),ask_requirement,unsa akong kinahanglan dad para sa exam,admissions_info,Exam Requirements,"Exam Requirements, Second Courser Requirements","Do you mean Exam Requirements or Second Courser Requirements? Suggestions: Exam Requirements, Second Courser Requirements"
126,PASS,reschedule_entrance_exam,reschedule_entrance_exam,ask_schedule,tell me about walk-in entrance exam,admissions_info,Reschedule Entrance Exam,,"The BukSU Entrance Examination cannot be rescheduled once your exam date has been assigned. If you are unable to attend your scheduled exam, you may need to wait for the next admission cycle. I recommend ensuring your..."
127,WRONG,buksu_cat_definition,missed_buksu_cat_schedule,ask_general_info,para unsa ang college admission test,admissions_info,BukSU CAT Definition,,Kung mapalabay nimo ang imong schedule sa BukSU CAT exam kontaka dayon ang Admission and Testing Unit. Mahimong ma reschedule kini depende kung naay bakante nga slot ug balido ang imong rason.
128,PASS,admission_application_deadline,admission_application_deadline,ask_schedule,kutob kanus a pwede mag apply,admissions_info,Admission Application Deadline,,"Walay eksaktong petsa, apan kasagaran matapos ang admission sa katapusang semana sa Marso. Mahimo nimo bisitahon ang ilang FB page para sa updates: https://www.facebook.com/BukSUATU"
129,WRONG,application_next_step,take_exam,ask_process,how to application next step,admissions_info,Application Next Step,,How can I take the BukSU College Admission Test? Follow these steps to apply for the BukSU College Admission Test: Step 1: Access http://admissions.buksu.edu.ph. Register using your active Gmail account. Create your p...
130,PASS,reschedule_entrance_exam,reschedule_entrance_exam,ask_schedule,unsa ang walk in entrance exam is allowed,admissions_info,Reschedule Entrance Exam,,"Dili ma-reschedule ang BukSU Entrance Examination kung naa na kay assigned exam date. Kung dili ka makatunga sa imong scheduled exam, mahimo nga kinahanglan ka maghulat sa sunod nga admission cycle. Mas maayo nga sigu..."
131,WRONG,admission_application_deadline,missed_buksu_cat_schedule,ask_schedule,admission application deadline,admissions_info,Admission Application Deadline,,If you miss your scheduled BukSU CAT exam date you should immediately contact the Admission and Testing Unit. Rescheduling may be possible depending on the availability of slots and the validity of the reason.
132,FALLBACK,take_exam,(none),ask_process,unsa ang mga steps para maka apply,admissions_info,Take Exam,,"I’m not sure I fully understand, and please consider that there is other data I’m not allowed to share. You can try rephrasing your question, or I may not have an answer to that specific question."
133,PASS,reschedule_entrance_exam,reschedule_entrance_exam,ask_schedule,walk-in entrance exam,admissions_info,Reschedule Entrance Exam,,"The BukSU Entrance Examination cannot be rescheduled once your exam date has been assigned. If you are unable to attend your scheduled exam, you may need to wait for the next admission cycle. I recommend ensuring your..."
134,PASS,buksu_cat_calculator_policy,buksu_cat_calculator_policy,ask_general_info,tell me about pwede mu gamit ug calculator sa exam,admissions_info,BukSU CAT Calculator Policy,,Dili ang paggamit og bisan unsang klase sa calculator basic o scientific hugot nga gidili sa panahon sa BukSU CAT. Lapis eraser ug permit lang ang gitugutan sa sulod sa testing room.
135,PASS,buksu_cat_calculator_policy,buksu_cat_calculator_policy,ask_general_info,unsa ang maka gamit ba tag calcu,admissions_info,BukSU CAT Calculator Policy,,Dili ang paggamit og bisan unsang klase sa calculator basic o scientific hugot nga gidili sa panahon sa BukSU CAT. Lapis eraser ug permit lang ang gitugutan sa sulod sa testing room.
136,PASS,buksu_cat_calculator_policy,buksu_cat_calculator_policy,ask_general_info,tell me about maka gamit ba tag calcu,admissions_info,BukSU CAT Calculator Policy,,No the use of any type of calculator basic or scientific is strictly prohibited during the BukSU CAT. Only pencils erasers and your permit are allowed inside the testing room.
137,PASS,application_next_step,application_next_step,ask_general_info,what is nahuman na nako ang online application unsa na sunod buhaton,admissions_info,Application Next Step,,"Nakahuman na ko sa online application. Unsa ang sunod nga buhaton? Human nimo mapuno ang application, pilia ang imong preferred nga schedule ug venue. Siguroha nga nahuman nimo ang tibuok application process ug andama..."
138,WRONG,buksu_cat_definition,missed_buksu_cat_schedule,ask_general_info,para unsa ang college admisson test,admissions_info,BukSU CAT Definition,,Kung mapalabay nimo ang imong schedule sa BukSU CAT exam kontaka dayon ang Admission and Testing Unit. Mahimong ma reschedule kini depende kung naay bakante nga slot ug balido ang imong rason.
139,WRONG,status_application,cat_exam_result,ask_process,what is the process for unsaon nako pagkahibalo kung na-accept akong application,admissions_info,Status Application,,Ang pinakasayon nga paagi aron mahibal-an kung nakapasar ka sa BukSU Admission CAT Examination mao ang pag-log in sa imong BukSU Admission account ug adto sa Admission tab. Pwede pud nimo dali nga ma-access kini pinaa...
140,WRONG,missing_admission_documents,missed_buksu_cat_schedule,ask_requirement,incomplete admisson documents,admissions_info,Missing Admission Documents,,If you miss your scheduled BukSU CAT exam date you should immediately contact the Admission and Testing Unit. Rescheduling may be possible depending on the availability of slots and the validity of the reason.
141,PASS,exam_fees,exam_fees,ask_fee,pila ang exam fees,admissions_info,Exam Fees,,"Naay bayad ang College Admission Test? Ang College Admission Tests libre ra sa Bukidnon State University. Apan, ang mga aplikante nga nakakompleto na og bachelor's degree (second course takers) kinahanglan magbayad og..."
142,WRONG,exam_fees,missed_buksu_cat_schedule,ask_fee,pila ang bayad sa admission test sa buksu,admissions_info,Exam Fees,,Kung mapalabay nimo ang imong schedule sa BukSU CAT exam kontaka dayon ang Admission and Testing Unit. Mahimong ma reschedule kini depende kung naay bakante nga slot ug balido ang imong rason.
143,PASS,reschedule_entrance_exam,reschedule_entrance_exam,ask_schedule,walk-in entrance exam?,admissions_info,Reschedule Entrance Exam,,"The BukSU Entrance Examination cannot be rescheduled once your exam date has been assigned. If you are unable to attend your scheduled exam, you may need to wait for the next admission cycle. I recommend ensuring your..."
144,PASS,status_application,status_application,ask_general_info,status application?,admissions_info,Status Application,,How would I know that my application to take the College Admission Test is accepted? Applicants will be notified of the status of their application in their BukSU Admissions Account. Login to the BukSU Admissions acco...
145,PASS,admission_application_deadline,admission_application_deadline,ask_schedule,how to kutob kanus a pwede mag apply,admissions_info,Admission Application Deadline,,"Walay eksaktong petsa, apan kasagaran matapos ang admission sa katapusang semana sa Marso. Mahimo nimo bisitahon ang ilang FB page para sa updates: https://www.facebook.com/BukSUATU"
146,PASS,buksu_cat_definition,buksu_cat_definition,ask_general_info,buksu cat definition?,admissions_info,BukSU CAT Definition,,The BukSU CAT is the Bukidnon State University College Admission Test. It is a mandatory exam for all incoming first year college students and second coursers who want to enroll in undergraduate programs.
147,PASS,online_application_schedule,online_application_schedule,ask_schedule,online application schedule?,admissions_info,Online Application Schedule,,"We cannot provide one fixed exact date for the BukSU admission and testing application because the schedule may change every academic year. Usually, the admission application period starts around November and may cont..."
148,PASS,test_permit_issue,test_permit_issue,ask_document,test permit invalid,admissions_info,Test Permit Issue,,"If your BukSU CAT test permit is corrupted, invalid, missing, or cannot be opened, log in again to your BukSU Admission account and try downloading the test permit again. If the downloaded file still does not work, co..."
149,WRONG,missing_admission_documents,missed_buksu_cat_schedule,ask_requirement,missing admisson documents,admissions_info,Missing Admission Documents,,If you miss your scheduled BukSU CAT exam date you should immediately contact the Admission and Testing Unit. Rescheduling may be possible depending on the availability of slots and the validity of the reason.
150,PASS,reschedule_entrance_exam,reschedule_entrance_exam,ask_schedule,walkin entrance exam is allowed?,admissions_info,Reschedule Entrance Exam,,"The BukSU Entrance Examination cannot be rescheduled once your exam date has been assigned. If you are unable to attend your scheduled exam, you may need to wait for the next admission cycle. I recommend ensuring your..."
151,PASS,buksu_cat_definition,buksu_cat_definition,ask_general_info,tell me about buksu cat definition,admissions_info,BukSU CAT Definition,,The BukSU CAT is the Bukidnon State University College Admission Test. It is a mandatory exam for all incoming first year college students and second coursers who want to enroll in undergraduate programs.
152,PASS,application_next_step,application_next_step,ask_general_info,nahuman na nako akong online application unsa akong buhaton sunod,admissions_info,Application Next Step,,"Nakahuman na ko sa online application. Unsa ang sunod nga buhaton? Human nimo mapuno ang application, pilia ang imong preferred nga schedule ug venue. Siguroha nga nahuman nimo ang tibuok application process ug andama..."
153,WRONG,online_application_schedule,missed_buksu_cat_schedule,ask_schedule,when is the admission application testing schedule,admissions_info,Online Application Schedule,,If you miss your scheduled BukSU CAT exam date you should immediately contact the Admission and Testing Unit. Rescheduling may be possible depending on the availability of slots and the validity of the reason.
154,PASS,cat_exam_result,cat_exam_result,ask_general_info,what is cat exam result,admissions_info,CAT Exam Result,,The only way to know if you passed the BukSU Admission CAT Examination is to log in to your BukSU Admission account and go to the Admission tab. You can also quickly access it through notifications from BukSU Admissio...
155,PASS,exam_requirements,exam_requirements,ask_requirement,unsa ang kinahanglan nako dalhon sa adlaw sa exam,admissions_info,Exam Requirements,,Unsa ang dad-on sa adlaw sa examination Kinahanglan dad-on sa mga test takers ang mosunod: 1. Test Permit (ma-download gikan sa BukSU admission website) 2. Application Form (ma-download gikan sa BukSU admission websit...
156,PASS,take_exam,take_exam,ask_general_info,unsa ang take exam,admissions_info,Take Exam,,Unsaon nako pagkuha sa BukSU College Admission Test? Sunod kining mga lakang aron mag-apply sa BukSU College Admission Test: Step 1: Bisitaha ang http://admissions.buksu.edu.ph. Mag-register gamit ang imong active nga...
157,PASS,status_application,status_application,ask_general_info,tell me about status application,admissions_info,Status Application,,How would I know that my application to take the College Admission Test is accepted? Applicants will be notified of the status of their application in their BukSU Admissions Account. Login to the BukSU Admissions acco...
158,PASS,test_permit_issue,test_permit_issue,ask_requirement,what are the requirements for test permit corrupted,admissions_info,Test Permit Issue,,"If your BukSU CAT test permit is corrupted, invalid, missing, or cannot be opened, log in again to your BukSU Admission account and try downloading the test permit again. If the downloaded file still does not work, co..."
159,WRONG,exam_fees,missed_buksu_cat_schedule,ask_fee,how much is pila ang bayad sa admission test sa buksu,admissions_info,Exam Fees,,Kung mapalabay nimo ang imong schedule sa BukSU CAT exam kontaka dayon ang Admission and Testing Unit. Mahimong ma reschedule kini depende kung naay bakante nga slot ug balido ang imong rason.
160,PASS,exam_fees,exam_fees,ask_fee,how much is kinahanglan ba ko mobayad para sa buksu entrance exam,admissions_info,Exam Fees,,"Naay bayad ang College Admission Test? Ang College Admission Tests libre ra sa Bukidnon State University. Apan, ang mga aplikante nga nakakompleto na og bachelor's degree (second course takers) kinahanglan magbayad og..."
161,PASS,exam_results,exam_results,ask_process,pass notice how?,admissions_info,Exam Results,,How and when will I know my examination result? The schedule of releasing examination results will be posted on the BukSU Admission and Testing Facebook page. Examination results will also be posted on your admission...
162,PASS,cat_exam_result,cat_exam_result,ask_location,nakapasar ba ko unsaon pag tan aw?,admissions_info,CAT Exam Result,,Ang pinakasayon nga paagi aron mahibal-an kung nakapasar ka sa BukSU Admission CAT Examination mao ang pag-log in sa imong BukSU Admission account ug adto sa Admission tab. Pwede pud nimo dali nga ma-access kini pinaa...
163,PASS,buksu_cat_calculator_policy,buksu_cat_calculator_policy,ask_general_info,what is pwede mu gamit ug calculator sa exam,admissions_info,BukSU CAT Calculator Policy,,Dili ang paggamit og bisan unsang klase sa calculator basic o scientific hugot nga gidili sa panahon sa BukSU CAT. Lapis eraser ug permit lang ang gitugutan sa sulod sa testing room.
164,PASS,exam_results,exam_results,ask_general_info,pass notice,admissions_info,Exam Results,,How and when will I know my examination result? The schedule of releasing examination results will be posted on the BukSU Admission and Testing Facebook page. Examination results will also be posted on your admission...
165,WRONG,admission_application_deadline,missed_buksu_cat_schedule,ask_schedule,admission application deadline?,admissions_info,Admission Application Deadline,,If you miss your scheduled BukSU CAT exam date you should immediately contact the Admission and Testing Unit. Rescheduling may be possible depending on the availability of slots and the validity of the reason.
166,PASS,test_permit_issue,test_permit_issue,ask_document,unsa ang test permit invalid,admissions_info,Test Permit Issue,,"Kung corrupted, invalid, nawala, o dili ma-open ang imong BukSU CAT test permit, login balik sa imong BukSU Admission account ug sulayi pag-download usab ang test permit. Kung dili gihapon mo-work ang na-download nga..."
167,PASS,reschedule_entrance_exam,reschedule_entrance_exam,ask_schedule,walk entrance exam,admissions_info,Reschedule Entrance Exam,,"The BukSU Entrance Examination cannot be rescheduled once your exam date has been assigned. If you are unable to attend your scheduled exam, you may need to wait for the next admission cycle. I recommend ensuring your..."
168,PASS,exam_results,exam_results,ask_general_info,what is exam results,admissions_info,Exam Results,,How and when will I know my examination result? The schedule of releasing examination results will be posted on the BukSU Admission and Testing Facebook page. Examination results will also be posted on your admission...
169,PASS,cat_exam_result,cat_exam_result,ask_location,asa nako makita ang report of rating?,admissions_info,CAT Exam Result,,Ang pinakasayon nga paagi aron mahibal-an kung nakapasar ka sa BukSU Admission CAT Examination mao ang pag-log in sa imong BukSU Admission account ug adto sa Admission tab. Pwede pud nimo dali nga ma-access kini pinaa...
170,WRONG,status_application,cat_exam_result,ask_process,unsaon nako pagkahibalo kung na-accept akong application?,admissions_info,Status Application,,Ang pinakasayon nga paagi aron mahibal-an kung nakapasar ka sa BukSU Admission CAT Examination mao ang pag-log in sa imong BukSU Admission account ug adto sa Admission tab. Pwede pud nimo dali nga ma-access kini pinaa...
171,WRONG,missing_admission_documents,missed_buksu_cat_schedule,ask_requirement,missing admission documents?,admissions_info,Missing Admission Documents,,If you miss your scheduled BukSU CAT exam date you should immediately contact the Admission and Testing Unit. Rescheduling may be possible depending on the availability of slots and the validity of the reason.
172,WRONG,application_next_step,take_exam,ask_general_info,nahuman na nako akong online application unsa,admissions_info,Application Next Step,,Unsaon nako pagkuha sa BukSU College Admission Test? Sunod kining mga lakang aron mag-apply sa BukSU College Admission Test: Step 1: Bisitaha ang http://admissions.buksu.edu.ph. Mag-register gamit ang imong active nga...
173,PASS,exam_results,exam_results,ask_general_info,exam results,admissions_info,Exam Results,,How and when will I know my examination result? The schedule of releasing examination results will be posted on the BukSU Admission and Testing Facebook page. Examination results will also be posted on your admission...
174,PASS,exam_results,exam_results,ask_general_info,exam results?,admissions_info,Exam Results,,How and when will I know my examination result? The schedule of releasing examination results will be posted on the BukSU Admission and Testing Facebook page. Examination results will also be posted on your admission...
175,WRONG,missing_admission_documents,missed_buksu_cat_schedule,ask_location,where do i submit my missing admission documents?,admissions_info,Missing Admission Documents,,If you miss your scheduled BukSU CAT exam date you should immediately contact the Admission and Testing Unit. Rescheduling may be possible depending on the availability of slots and the validity of the reason.
176,PASS,take_exam,take_exam,ask_process,unsaon nako pag-register sa buksu entrance exam online,admissions_info,Take Exam,,Unsaon nako pagkuha sa BukSU College Admission Test? Sunod kining mga lakang aron mag-apply sa BukSU College Admission Test: Step 1: Bisitaha ang http://admissions.buksu.edu.ph. Mag-register gamit ang imong active nga...
177,WRONG,status_application,cat_exam_result,ask_process,unsaon nako pagkahibalo kung approved akong cat exam application?,admissions_info,Status Application,,Ang pinakasayon nga paagi aron mahibal-an kung nakapasar ka sa BukSU Admission CAT Examination mao ang pag-log in sa imong BukSU Admission account ug adto sa Admission tab. Pwede pud nimo dali nga ma-access kini pinaa...
178,PASS,exam_requirements,exam_requirements,ask_requirement,unsa akong kinahanglan dad-on para sa exam?,admissions_info,Exam Requirements,,Unsa ang dad-on sa adlaw sa examination Kinahanglan dad-on sa mga test takers ang mosunod: 1. Test Permit (ma-download gikan sa BukSU admission website) 2. Application Form (ma-download gikan sa BukSU admission websit...
179,PASS,cat_exam_result,cat_exam_result,ask_location,how to nakapasar ba ko unsaon pag tan aw,admissions_info,CAT Exam Result,,Ang pinakasayon nga paagi aron mahibal-an kung nakapasar ka sa BukSU Admission CAT Examination mao ang pag-log in sa imong BukSU Admission account ug adto sa Admission tab. Pwede pud nimo dali nga ma-access kini pinaa...
180,WRONG,status_application,cat_exam_result,ask_location,asa nako ma-check kung nadawat akong buksu cat application,admissions_info,Status Application,,Ang pinakasayon nga paagi aron mahibal-an kung nakapasar ka sa BukSU Admission CAT Examination mao ang pag-log in sa imong BukSU Admission account ug adto sa Admission tab. Pwede pud nimo dali nga ma-access kini pinaa...
181,WRONG,admission_application_deadline,missed_buksu_cat_schedule,ask_schedule,kanus ang deadline sa admission,admissions_info,Admission Application Deadline,,Kung mapalabay nimo ang imong schedule sa BukSU CAT exam kontaka dayon ang Admission and Testing Unit. Mahimong ma reschedule kini depende kung naay bakante nga slot ug balido ang imong rason.
182,PASS,missed_buksu_cat_schedule,missed_buksu_cat_schedule,ask_schedule,what is nawala nako sa akong exam date,admissions_info,Missed BukSU CAT Schedule,,Kung mapalabay nimo ang imong schedule sa BukSU CAT exam kontaka dayon ang Admission and Testing Unit. Mahimong ma reschedule kini depende kung naay bakante nga slot ug balido ang imong rason.
183,PASS,exam_requirements,exam_requirements,ask_requirement,unsa requirements sa exam requirements,admissions_info,Exam Requirements,,Unsa ang dad-on sa adlaw sa examination Kinahanglan dad-on sa mga test takers ang mosunod: 1. Test Permit (ma-download gikan sa BukSU admission website) 2. Application Form (ma-download gikan sa BukSU admission websit...
184,PASS,exam_fees,exam_fees,ask_fee,how much kinahanglan ba ko mobayad para sa buksu entrance exam,admissions_info,Exam Fees,,"Naay bayad ang College Admission Test? Ang College Admission Tests libre ra sa Bukidnon State University. Apan, ang mga aplikante nga nakakompleto na og bachelor's degree (second course takers) kinahanglan magbayad og..."
185,PASS,reschedule_entrance_exam,reschedule_entrance_exam,ask_schedule,reschedule entrance exam,admissions_info,Reschedule Entrance Exam,,"The BukSU Entrance Examination cannot be rescheduled once your exam date has been assigned. If you are unable to attend your scheduled exam, you may need to wait for the next admission cycle. I recommend ensuring your..."
186,PASS,buksu_cat_definition,buksu_cat_definition,ask_location,unsay pasabot sa buksu cat definition,admissions_info,BukSU CAT Definition,,Ang BukSU CAT mao ang Bukidnon State University College Admission Test. Kini mandatory nga exam para sa tanang incoming first year students ug second coursers nga gusto mo enroll sa undergraduate programs.
187,PASS,exam_fees,exam_fees,ask_fee,kinahanglan ba ko mobayad para sa buksu entrance exam,admissions_info,Exam Fees,,"Naay bayad ang College Admission Test? Ang College Admission Tests libre ra sa Bukidnon State University. Apan, ang mga aplikante nga nakakompleto na og bachelor's degree (second course takers) kinahanglan magbayad og..."
188,PASS,application_next_step,application_next_step,ask_general_info,human nako submit sa application unsa na,admissions_info,Application Next Step,,"Nakahuman na ko sa online application. Unsa ang sunod nga buhaton? Human nimo mapuno ang application, pilia ang imong preferred nga schedule ug venue. Siguroha nga nahuman nimo ang tibuok application process ug andama..."
189,WRONG,exam_fees,missed_buksu_cat_schedule,ask_fee,pila ang pila ang bayad sa admission test sa buksu,admissions_info,Exam Fees,,Kung mapalabay nimo ang imong schedule sa BukSU CAT exam kontaka dayon ang Admission and Testing Unit. Mahimong ma reschedule kini depende kung naay bakante nga slot ug balido ang imong rason.
190,PASS,cat_exam_result,cat_exam_result,ask_general_info,unsa ang cat exam result,admissions_info,CAT Exam Result,,Ang pinakasayon nga paagi aron mahibal-an kung nakapasar ka sa BukSU Admission CAT Examination mao ang pag-log in sa imong BukSU Admission account ug adto sa Admission tab. Pwede pud nimo dali nga ma-access kini pinaa...
191,PASS,test_permit_issue,test_permit_issue,ask_document,test permit cannot open,admissions_info,Test Permit Issue,,"If your BukSU CAT test permit is corrupted, invalid, missing, or cannot be opened, log in again to your BukSU Admission account and try downloading the test permit again. If the downloaded file still does not work, co..."
192,WRONG,status_application,cat_exam_result,ask_process,how to unsaon nako pagkahibalo kung approved akong cat exam application,admissions_info,Status Application,,Ang pinakasayon nga paagi aron mahibal-an kung nakapasar ka sa BukSU Admission CAT Examination mao ang pag-log in sa imong BukSU Admission account ug adto sa Admission tab. Pwede pud nimo dali nga ma-access kini pinaa...
193,PASS,buksu_cat_calculator_policy,buksu_cat_calculator_policy,ask_general_info,allowed ba ang scientific calculator,admissions_info,BukSU CAT Calculator Policy,,No the use of any type of calculator basic or scientific is strictly prohibited during the BukSU CAT. Only pencils erasers and your permit are allowed inside the testing room.
194,WRONG,missing_admission_documents,missed_buksu_cat_schedule,ask_requirement,missing admission documents,admissions_info,Missing Admission Documents,,If you miss your scheduled BukSU CAT exam date you should immediately contact the Admission and Testing Unit. Rescheduling may be possible depending on the availability of slots and the validity of the reason.
195,PASS,admission_application_deadline,admission_application_deadline,ask_schedule,when mag close ang portal,admissions_info,Admission Application Deadline,,"There is no exact deadline, but BukSU admission applications usually end during the last week of March. You can visit their official Facebook page for updates: https://www.facebook.com/BukSUATU"
196,PASS,exam_fees,exam_fees,ask_fee,how much exam fees,admissions_info,Exam Fees,,"Are there fees for the College Admission Test? College Admission Tests are offered for FREE at Bukidnon State University. However, applicants who have already completed a bachelors degree (second course takers) need t..."
197,PASS,cat_exam_result,cat_exam_result,ask_general_info,cat exam result,admissions_info,CAT Exam Result,,The only way to know if you passed the BukSU Admission CAT Examination is to log in to your BukSU Admission account and go to the Admission tab. You can also quickly access it through notifications from BukSU Admissio...
198,WRONG,admission_application_deadline,missed_buksu_cat_schedule,ask_schedule,kanus a ang deadline sa admisson,admissions_info,Admission Application Deadline,,Kung mapalabay nimo ang imong schedule sa BukSU CAT exam kontaka dayon ang Admission and Testing Unit. Mahimong ma reschedule kini depende kung naay bakante nga slot ug balido ang imong rason.
199,PASS,buksu_cat_definition,buksu_cat_definition,ask_general_info,what is buksu cat?,admissions_info,BukSU CAT Definition,,The BukSU CAT is the Bukidnon State University College Admission Test. It is a mandatory exam for all incoming first year college students and second coursers who want to enroll in undergraduate programs.
200,PASS,buksu_cat_definition,buksu_cat_definition,ask_general_info,buksu cat,admissions_info,BukSU CAT Definition,,The BukSU CAT is the Bukidnon State University College Admission Test. It is a mandatory exam for all incoming first year college students and second coursers who want to enroll in undergraduate programs.
201,PASS,buksu_cat_calculator_policy,buksu_cat_calculator_policy,ask_general_info,maka gamit ba tag calcu?,admissions_info,BukSU CAT Calculator Policy,,No the use of any type of calculator basic or scientific is strictly prohibited during the BukSU CAT. Only pencils erasers and your permit are allowed inside the testing room.
202,WRONG,missing_admission_documents,missed_buksu_cat_schedule,ask_requirement,unsa requirements sa missing admission documents,admissions_info,Missing Admission Documents,,Kung mapalabay nimo ang imong schedule sa BukSU CAT exam kontaka dayon ang Admission and Testing Unit. Mahimong ma reschedule kini depende kung naay bakante nga slot ug balido ang imong rason.
203,PASS,reschedule_entrance_exam,reschedule_entrance_exam,ask_schedule,tell me about reschedule entrance exam,admissions_info,Reschedule Entrance Exam,,"The BukSU Entrance Examination cannot be rescheduled once your exam date has been assigned. If you are unable to attend your scheduled exam, you may need to wait for the next admission cycle. I recommend ensuring your..."
204,PASS,test_permit_issue,test_permit_issue,ask_document,what is test permit invalid,admissions_info,Test Permit Issue,,"If your BukSU CAT test permit is corrupted, invalid, missing, or cannot be opened, log in again to your BukSU Admission account and try downloading the test permit again. If the downloaded file still does not work, co..."
205,WRONG,online_application_schedule,missed_buksu_cat_schedule,ask_schedule,what is admission application testing schedule,admissions_info,Online Application Schedule,,If you miss your scheduled BukSU CAT exam date you should immediately contact the Admission and Testing Unit. Rescheduling may be possible depending on the availability of slots and the validity of the reason.
206,PASS,take_exam,take_exam,ask_general_info,take exam,admissions_info,Take Exam,,How can I take the BukSU College Admission Test? Follow these steps to apply for the BukSU College Admission Test: Step 1: Access http://admissions.buksu.edu.ph. Register using your active Gmail account. Create your p...
207,WRONG,missing_admission_documents,missed_buksu_cat_schedule,ask_location,where to submit missing admission documents,admissions_info,Missing Admission Documents,,If you miss your scheduled BukSU CAT exam date you should immediately contact the Admission and Testing Unit. Rescheduling may be possible depending on the availability of slots and the validity of the reason.
208,PASS,application_next_step,application_next_step,ask_general_info,nahuman na nako ang online application unsa na sunod buhaton,admissions_info,Application Next Step,,"Nakahuman na ko sa online application. Unsa ang sunod nga buhaton? Human nimo mapuno ang application, pilia ang imong preferred nga schedule ug venue. Siguroha nga nahuman nimo ang tibuok application process ug andama..."
209,WRONG,online_application_schedule,missed_buksu_cat_schedule,ask_schedule,admission application testing schedule,admissions_info,Online Application Schedule,,If you miss your scheduled BukSU CAT exam date you should immediately contact the Admission and Testing Unit. Rescheduling may be possible depending on the availability of slots and the validity of the reason.
210,PASS,reschedule_entrance_exam,reschedule_entrance_exam,ask_schedule,unsa ang walkin entrance exam is allowed,admissions_info,Reschedule Entrance Exam,,"Dili ma-reschedule ang BukSU Entrance Examination kung naa na kay assigned exam date. Kung dili ka makatunga sa imong scheduled exam, mahimo nga kinahanglan ka maghulat sa sunod nga admission cycle. Mas maayo nga sigu..."
211,PASS,missed_buksu_cat_schedule,missed_buksu_cat_schedule,ask_schedule,what if nakaligtaan akong exam schedule?,admissions_info,Missed BukSU CAT Schedule,,Kung mapalabay nimo ang imong schedule sa BukSU CAT exam kontaka dayon ang Admission and Testing Unit. Mahimong ma reschedule kini depende kung naay bakante nga slot ug balido ang imong rason.
212,PASS,exam_fees,exam_fees,ask_fee,kinahanglan ba ko mobayad para sa buksu entrance exam?,admissions_info,Exam Fees,,"Naay bayad ang College Admission Test? Ang College Admission Tests libre ra sa Bukidnon State University. Apan, ang mga aplikante nga nakakompleto na og bachelor's degree (second course takers) kinahanglan magbayad og..."
213,PASS,buksu_cat_calculator_policy,buksu_cat_calculator_policy,ask_general_info,tell me about allowed ba ang scientific calculator,admissions_info,BukSU CAT Calculator Policy,,No the use of any type of calculator basic or scientific is strictly prohibited during the BukSU CAT. Only pencils erasers and your permit are allowed inside the testing room.
214,PASS,status_application,status_application,ask_general_info,unsa ang status application,admissions_info,Status Application,,Unsaon nako pagkahibalo nga gi-accept ang akong aplikasyon para mo-take sa College Admission Test? Ang mga aplikante pahibaloan sa status sa ilang aplikasyon pinaagi sa ilang BukSU Admissions Account. Mag-login sa Buk...
215,PASS,exam_fees,exam_fees,ask_fee,how much is exam fees,admissions_info,Exam Fees,,"Are there fees for the College Admission Test? College Admission Tests are offered for FREE at Bukidnon State University. However, applicants who have already completed a bachelors degree (second course takers) need t..."
216,WRONG,application_next_step,take_exam,ask_general_info,nahuman na nako ang online application unsa,admissions_info,Application Next Step,,Unsaon nako pagkuha sa BukSU College Admission Test? Sunod kining mga lakang aron mag-apply sa BukSU College Admission Test: Step 1: Bisitaha ang http://admissions.buksu.edu.ph. Mag-register gamit ang imong active nga...
217,PASS,admission_application_deadline,admission_application_deadline,ask_schedule,unsaon kutob kanus a pwede mag apply,admissions_info,Admission Application Deadline,,"Walay eksaktong petsa, apan kasagaran matapos ang admission sa katapusang semana sa Marso. Mahimo nimo bisitahon ang ilang FB page para sa updates: https://www.facebook.com/BukSUATU"
218,PASS,missed_buksu_cat_schedule,missed_buksu_cat_schedule,ask_schedule,na miss nako ang exam date,admissions_info,Missed BukSU CAT Schedule,,Kung mapalabay nimo ang imong schedule sa BukSU CAT exam kontaka dayon ang Admission and Testing Unit. Mahimong ma reschedule kini depende kung naay bakante nga slot ug balido ang imong rason.
219,PASS,missed_buksu_cat_schedule,missed_buksu_cat_schedule,ask_schedule,missed buksu cat schedule?,admissions_info,Missed BukSU CAT Schedule,,If you miss your scheduled BukSU CAT exam date you should immediately contact the Admission and Testing Unit. Rescheduling may be possible depending on the availability of slots and the validity of the reason.
220,PASS,cat_exam_result,cat_exam_result,ask_location,where is nakapasar ba ko unsaon pag tan aw,admissions_info,CAT Exam Result,,Ang pinakasayon nga paagi aron mahibal-an kung nakapasar ka sa BukSU Admission CAT Examination mao ang pag-log in sa imong BukSU Admission account ug adto sa Admission tab. Pwede pud nimo dali nga ma-access kini pinaa...
221,WRONG,admission_application_deadline,missed_buksu_cat_schedule,ask_schedule,admisson application deadline,admissions_info,Admission Application Deadline,,If you miss your scheduled BukSU CAT exam date you should immediately contact the Admission and Testing Unit. Rescheduling may be possible depending on the availability of slots and the validity of the reason.
222,PASS,buksu_cat_calculator_policy,buksu_cat_calculator_policy,ask_general_info,what is maka gamit ba tag calcu,admissions_info,BukSU CAT Calculator Policy,,No the use of any type of calculator basic or scientific is strictly prohibited during the BukSU CAT. Only pencils erasers and your permit are allowed inside the testing room.
223,WRONG,buksu_cat_definition,missed_buksu_cat_schedule,ask_general_info,what is para unsa ang college admission test,admissions_info,BukSU CAT Definition,,Kung mapalabay nimo ang imong schedule sa BukSU CAT exam kontaka dayon ang Admission and Testing Unit. Mahimong ma reschedule kini depende kung naay bakante nga slot ug balido ang imong rason.
224,WRONG,status_application,cat_exam_result,ask_process,how to unsaon nako pagkahibalo kung na-accept akong application,admissions_info,Status Application,,Ang pinakasayon nga paagi aron mahibal-an kung nakapasar ka sa BukSU Admission CAT Examination mao ang pag-log in sa imong BukSU Admission account ug adto sa Admission tab. Pwede pud nimo dali nga ma-access kini pinaa...
225,PASS,reschedule_entrance_exam,reschedule_entrance_exam,ask_schedule,what is walkin entrance exam is allowed,admissions_info,Reschedule Entrance Exam,,"The BukSU Entrance Examination cannot be rescheduled once your exam date has been assigned. If you are unable to attend your scheduled exam, you may need to wait for the next admission cycle. I recommend ensuring your..."
226,SUGGESTION,take_exam,(none),ask_process,unsaon nako pag register sa buksu entrance,admissions_info,Take Exam,"Enrollment General Process, Campus Tour","Do you mean Enrollment General Process or Campus Tour? Suggestions: Enrollment General Process, Campus Tour"
227,WRONG,status_application,cat_exam_result,ask_process,unsaon unsaon nako pagkahibalo kung approved akong cat exam application,admissions_info,Status Application,,Ang pinakasayon nga paagi aron mahibal-an kung nakapasar ka sa BukSU Admission CAT Examination mao ang pag-log in sa imong BukSU Admission account ug adto sa Admission tab. Pwede pud nimo dali nga ma-access kini pinaa...
228,PASS,cat_exam_result,cat_exam_result,ask_location,nakapasar ba ko unsaon pag tan aw,admissions_info,CAT Exam Result,,Ang pinakasayon nga paagi aron mahibal-an kung nakapasar ka sa BukSU Admission CAT Examination mao ang pag-log in sa imong BukSU Admission account ug adto sa Admission tab. Pwede pud nimo dali nga ma-access kini pinaa...
229,PASS,exam_requirements,exam_requirements,ask_requirement,what should i bring for exam requirements,admissions_info,Exam Requirements,,What to bring on the examination day Test takers must bring the following items: 1. Test Permit (can be downloaded from the BukSU admission website) 2. Application Form (can be downloaded from the BukSU admission webs...
230,PASS,exam_results,exam_results,ask_process,how to pass notice how,admissions_info,Exam Results,,How and when will I know my examination result? The schedule of releasing examination results will be posted on the BukSU Admission and Testing Facebook page. Examination results will also be posted on your admission...
231,PASS,reschedule_entrance_exam,reschedule_entrance_exam,ask_schedule,what is walk in entrance exam is allowed,admissions_info,Reschedule Entrance Exam,,"The BukSU Entrance Examination cannot be rescheduled once your exam date has been assigned. If you are unable to attend your scheduled exam, you may need to wait for the next admission cycle. I recommend ensuring your..."
232,WRONG,missing_admission_documents,missed_buksu_cat_schedule,ask_requirement,unsa requirements sa incomplete admission documents,admissions_info,Missing Admission Documents,,Kung mapalabay nimo ang imong schedule sa BukSU CAT exam kontaka dayon ang Admission and Testing Unit. Mahimong ma reschedule kini depende kung naay bakante nga slot ug balido ang imong rason.
233,PASS,take_exam,take_exam,ask_general_info,take exam?,admissions_info,Take Exam,,How can I take the BukSU College Admission Test? Follow these steps to apply for the BukSU College Admission Test: Step 1: Access http://admissions.buksu.edu.ph. Register using your active Gmail account. Create your p...
234,PASS,missed_buksu_cat_schedule,missed_buksu_cat_schedule,ask_schedule,nawala nako sa akong exam date?,admissions_info,Missed BukSU CAT Schedule,,Kung mapalabay nimo ang imong schedule sa BukSU CAT exam kontaka dayon ang Admission and Testing Unit. Mahimong ma reschedule kini depende kung naay bakante nga slot ug balido ang imong rason.
235,WRONG,online_application_schedule,missed_buksu_cat_schedule,ask_schedule,admission application testing schedule,admissions_info,Online Application Schedule,,If you miss your scheduled BukSU CAT exam date you should immediately contact the Admission and Testing Unit. Rescheduling may be possible depending on the availability of slots and the validity of the reason.
236,WRONG,online_application_schedule,missed_buksu_cat_schedule,ask_schedule,admission testing application date?,admissions_info,Online Application Schedule,,If you miss your scheduled BukSU CAT exam date you should immediately contact the Admission and Testing Unit. Rescheduling may be possible depending on the availability of slots and the validity of the reason.
237,PASS,cat_exam_result,cat_exam_result,ask_location,where is unsaon nakabalo kung pasar na kos cat,admissions_info,CAT Exam Result,,Ang pinakasayon nga paagi aron mahibal-an kung nakapasar ka sa BukSU Admission CAT Examination mao ang pag-log in sa imong BukSU Admission account ug adto sa Admission tab. Pwede pud nimo dali nga ma-access kini pinaa...
238,WRONG,exam_fees,missed_buksu_cat_schedule,ask_fee,naa bay bayad ang buksu college admission,admissions_info,Exam Fees,,Kung mapalabay nimo ang imong schedule sa BukSU CAT exam kontaka dayon ang Admission and Testing Unit. Mahimong ma reschedule kini depende kung naay bakante nga slot ug balido ang imong rason.
239,PASS,status_application,status_application,ask_general_info,what is status application,admissions_info,Status Application,,How would I know that my application to take the College Admission Test is accepted? Applicants will be notified of the status of their application in their BukSU Admissions Account. Login to the BukSU Admissions acco...
240,PASS,reschedule_entrance_exam,reschedule_entrance_exam,ask_schedule,tell me about walkin entrance exam is allowed,admissions_info,Reschedule Entrance Exam,,"The BukSU Entrance Examination cannot be rescheduled once your exam date has been assigned. If you are unable to attend your scheduled exam, you may need to wait for the next admission cycle. I recommend ensuring your..."
241,PASS,reschedule_entrance_exam,reschedule_entrance_exam,ask_schedule,walk entrance exam allowed,admissions_info,Reschedule Entrance Exam,,"The BukSU Entrance Examination cannot be rescheduled once your exam date has been assigned. If you are unable to attend your scheduled exam, you may need to wait for the next admission cycle. I recommend ensuring your..."
242,WRONG,missing_admission_documents,missed_buksu_cat_schedule,ask_requirement,submit missing admission documents,admissions_info,Missing Admission Documents,,If you miss your scheduled BukSU CAT exam date you should immediately contact the Admission and Testing Unit. Rescheduling may be possible depending on the availability of slots and the validity of the reason.
243,PASS,missed_buksu_cat_schedule,missed_buksu_cat_schedule,ask_schedule,na miss nako ang exam date?,admissions_info,Missed BukSU CAT Schedule,,Kung mapalabay nimo ang imong schedule sa BukSU CAT exam kontaka dayon ang Admission and Testing Unit. Mahimong ma reschedule kini depende kung naay bakante nga slot ug balido ang imong rason.
244,PASS,take_exam,take_exam,ask_general_info,tell me about take exam,admissions_info,Take Exam,,How can I take the BukSU College Admission Test? Follow these steps to apply for the BukSU College Admission Test: Step 1: Access http://admissions.buksu.edu.ph. Register using your active Gmail account. Create your p...
245,WRONG,test_permit_issue,cat_exam_result,ask_document,test permit error,admissions_info,Test Permit Issue,,The only way to know if you passed the BukSU Admission CAT Examination is to log in to your BukSU Admission account and go to the Admission tab. You can also quickly access it through notifications from BukSU Admissio...
246,WRONG,application_next_step,take_exam,ask_process,application next step,admissions_info,Application Next Step,,How can I take the BukSU College Admission Test? Follow these steps to apply for the BukSU College Admission Test: Step 1: Access http://admissions.buksu.edu.ph. Register using your active Gmail account. Create your p...
247,PASS,buksu_cat_calculator_policy,buksu_cat_calculator_policy,ask_general_info,unsa ang allowed ba ang scientific calculator,admissions_info,BukSU CAT Calculator Policy,,Dili ang paggamit og bisan unsang klase sa calculator basic o scientific hugot nga gidili sa panahon sa BukSU CAT. Lapis eraser ug permit lang ang gitugutan sa sulod sa testing room.
248,WRONG,online_application_schedule,missed_buksu_cat_schedule,ask_schedule,admisson testing application date,admissions_info,Online Application Schedule,,If you miss your scheduled BukSU CAT exam date you should immediately contact the Admission and Testing Unit. Rescheduling may be possible depending on the availability of slots and the validity of the reason.
249,WRONG,online_application_schedule,missed_buksu_cat_schedule,ask_schedule,admisson application testing schedule,admissions_info,Online Application Schedule,,If you miss your scheduled BukSU CAT exam date you should immediately contact the Admission and Testing Unit. Rescheduling may be possible depending on the availability of slots and the validity of the reason.
250,WRONG,online_application_schedule,missed_buksu_cat_schedule,ask_schedule,what is admission testing application date,admissions_info,Online Application Schedule,,If you miss your scheduled BukSU CAT exam date you should immediately contact the Admission and Testing Unit. Rescheduling may be possible depending on the availability of slots and the validity of the reason.
251,PASS,test_permit_issue,test_permit_issue,ask_document,unsa ang test permit cannot open,admissions_info,Test Permit Issue,,"Kung corrupted, invalid, nawala, o dili ma-open ang imong BukSU CAT test permit, login balik sa imong BukSU Admission account ug sulayi pag-download usab ang test permit. Kung dili gihapon mo-work ang na-download nga..."
252,PASS,online_application_schedule,online_application_schedule,ask_schedule,unsa ang online application schedule,admissions_info,Online Application Schedule,,"Dili mi makahatag og usa ka pirmi nga eksaktong petsa sa BukSU admission and testing application kay mahimong mausab ang schedule matag academic year. Kasagaran, magsugod ang admission application period around Novemb..."
253,WRONG,exam_results,cat_exam_result,ask_general_info,know if passed admission,admissions_info,Exam Results,,The only way to know if you passed the BukSU Admission CAT Examination is to log in to your BukSU Admission account and go to the Admission tab. You can also quickly access it through notifications from BukSU Admissio...
254,WRONG,status_application,cat_exam_result,ask_process,what is the process for unsaon nako pagkahibalo kung approved akong cat exam application,admissions_info,Status Application,,Ang pinakasayon nga paagi aron mahibal-an kung nakapasar ka sa BukSU Admission CAT Examination mao ang pag-log in sa imong BukSU Admission account ug adto sa Admission tab. Pwede pud nimo dali nga ma-access kini pinaa...
255,PASS,missed_buksu_cat_schedule,missed_buksu_cat_schedule,ask_schedule,tell me about na miss nako ang exam date,admissions_info,Missed BukSU CAT Schedule,,Kung mapalabay nimo ang imong schedule sa BukSU CAT exam kontaka dayon ang Admission and Testing Unit. Mahimong ma reschedule kini depende kung naay bakante nga slot ug balido ang imong rason.
256,WRONG,status_application,cat_exam_result,ask_process,unsaon nako pagkahibalo kung approved akong cat,admissions_info,Status Application,,Ang pinakasayon nga paagi aron mahibal-an kung nakapasar ka sa BukSU Admission CAT Examination mao ang pag-log in sa imong BukSU Admission account ug adto sa Admission tab. Pwede pud nimo dali nga ma-access kini pinaa...
257,PASS,buksu_cat_calculator_policy,buksu_cat_calculator_policy,ask_general_info,buksu cat calculator policy?,admissions_info,BukSU CAT Calculator Policy,,No the use of any type of calculator basic or scientific is strictly prohibited during the BukSU CAT. Only pencils erasers and your permit are allowed inside the testing room.
258,PASS,application_next_step,application_next_step,ask_general_info,what is human nako submit sa application unsa na sunod buhaton,admissions_info,Application Next Step,,"Nakahuman na ko sa online application. Unsa ang sunod nga buhaton? Human nimo mapuno ang application, pilia ang imong preferred nga schedule ug venue. Siguroha nga nahuman nimo ang tibuok application process ug andama..."
259,WRONG,missing_admission_documents,missed_buksu_cat_schedule,ask_requirement,submit missing admission documents,admissions_info,Missing Admission Documents,,If you miss your scheduled BukSU CAT exam date you should immediately contact the Admission and Testing Unit. Rescheduling may be possible depending on the availability of slots and the validity of the reason.
260,PASS,exam_results,exam_results,ask_process,pass notice how,admissions_info,Exam Results,,How and when will I know my examination result? The schedule of releasing examination results will be posted on the BukSU Admission and Testing Facebook page. Examination results will also be posted on your admission...
261,WRONG,online_application_schedule,missed_buksu_cat_schedule,ask_schedule,tell me about admission testing application date,admissions_info,Online Application Schedule,,If you miss your scheduled BukSU CAT exam date you should immediately contact the Admission and Testing Unit. Rescheduling may be possible depending on the availability of slots and the validity of the reason.
262,SUGGESTION,take_exam,(none),ask_process,step by step nga proseso unsaon pag,admissions_info,Take Exam,"Student ID Process, Enrollment General Process","Do you mean Student ID Process or Enrollment General Process? Suggestions: Student ID Process, Enrollment General Process"
263,PASS,exam_requirements,exam_requirements,ask_requirement,pwede nimo isulti unsa ang mga requirements nga akong dad-on para sa exam?,admissions_info,Exam Requirements,,Unsa ang dad-on sa adlaw sa examination Kinahanglan dad-on sa mga test takers ang mosunod: 1. Test Permit (ma-download gikan sa BukSU admission website) 2. Application Form (ma-download gikan sa BukSU admission websit...
264,PASS,cat_exam_result,cat_exam_result,ask_location,asa nako makita ang report of rating,admissions_info,CAT Exam Result,,Ang pinakasayon nga paagi aron mahibal-an kung nakapasar ka sa BukSU Admission CAT Examination mao ang pag-log in sa imong BukSU Admission account ug adto sa Admission tab. Pwede pud nimo dali nga ma-access kini pinaa...
265,WRONG,exam_fees,missed_buksu_cat_schedule,ask_fee,how much pila ang bayad sa admission test sa buksu,admissions_info,Exam Fees,,Kung mapalabay nimo ang imong schedule sa BukSU CAT exam kontaka dayon ang Admission and Testing Unit. Mahimong ma reschedule kini depende kung naay bakante nga slot ug balido ang imong rason.
266,PASS,exam_requirements,exam_requirements,ask_requirement,unsa requirements sa pwede nimo isulti unsa ang mga requirements nga akong dad-on para sa exam,admissions_info,Exam Requirements,,Unsa ang dad-on sa adlaw sa examination Kinahanglan dad-on sa mga test takers ang mosunod: 1. Test Permit (ma-download gikan sa BukSU admission website) 2. Application Form (ma-download gikan sa BukSU admission websit...
267,PASS,exam_fees,exam_fees,ask_fee,pila ang kinahanglan ba ko mobayad para sa buksu entrance exam,admissions_info,Exam Fees,,"Naay bayad ang College Admission Test? Ang College Admission Tests libre ra sa Bukidnon State University. Apan, ang mga aplikante nga nakakompleto na og bachelor's degree (second course takers) kinahanglan magbayad og..."
268,PASS,missed_buksu_cat_schedule,missed_buksu_cat_schedule,ask_schedule,tell me about nawala nako sa akong exam date,admissions_info,Missed BukSU CAT Schedule,,Kung mapalabay nimo ang imong schedule sa BukSU CAT exam kontaka dayon ang Admission and Testing Unit. Mahimong ma reschedule kini depende kung naay bakante nga slot ug balido ang imong rason.
269,PASS,test_permit_issue,test_permit_issue,ask_requirement,what should i bring for test permit corrupted,admissions_info,Test Permit Issue,,"If your BukSU CAT test permit is corrupted, invalid, missing, or cannot be opened, log in again to your BukSU Admission account and try downloading the test permit again. If the downloaded file still does not work, co..."
270,PASS,test_permit_issue,test_permit_issue,ask_document,test permit cannot open?,admissions_info,Test Permit Issue,,"If your BukSU CAT test permit is corrupted, invalid, missing, or cannot be opened, log in again to your BukSU Admission account and try downloading the test permit again. If the downloaded file still does not work, co..."
271,WRONG,admission_application_deadline,missed_buksu_cat_schedule,ask_schedule,what is admission application deadline,admissions_info,Admission Application Deadline,,If you miss your scheduled BukSU CAT exam date you should immediately contact the Admission and Testing Unit. Rescheduling may be possible depending on the availability of slots and the validity of the reason.
272,PASS,missed_buksu_cat_schedule,missed_buksu_cat_schedule,ask_schedule,what is na miss nako ang exam date,admissions_info,Missed BukSU CAT Schedule,,Kung mapalabay nimo ang imong schedule sa BukSU CAT exam kontaka dayon ang Admission and Testing Unit. Mahimong ma reschedule kini depende kung naay bakante nga slot ug balido ang imong rason.
273,PASS,test_permit_issue,test_permit_issue,ask_document,test permit invalid?,admissions_info,Test Permit Issue,,"If your BukSU CAT test permit is corrupted, invalid, missing, or cannot be opened, log in again to your BukSU Admission account and try downloading the test permit again. If the downloaded file still does not work, co..."
274,PASS,take_exam,take_exam,ask_process,unsa ang mga steps para maka-apply sa buksu cat?,admissions_info,Take Exam,,Unsaon nako pagkuha sa BukSU College Admission Test? Sunod kining mga lakang aron mag-apply sa BukSU College Admission Test: Step 1: Bisitaha ang http://admissions.buksu.edu.ph. Mag-register gamit ang imong active nga...
275,PASS,exam_results,exam_results,ask_general_info,know if passed,admissions_info,Exam Results,,How and when will I know my examination result? The schedule of releasing examination results will be posted on the BukSU Admission and Testing Facebook page. Examination results will also be posted on your admission...
276,PASS,take_exam,take_exam,ask_process,unsaon unsa ang mga steps para maka-apply sa buksu cat,admissions_info,Take Exam,,Unsaon nako pagkuha sa BukSU College Admission Test? Sunod kining mga lakang aron mag-apply sa BukSU College Admission Test: Step 1: Bisitaha ang http://admissions.buksu.edu.ph. Mag-register gamit ang imong active nga...
277,WRONG,application_next_step,take_exam,ask_process,unsaon application next step,admissions_info,Application Next Step,,Unsaon nako pagkuha sa BukSU College Admission Test? Sunod kining mga lakang aron mag-apply sa BukSU College Admission Test: Step 1: Bisitaha ang http://admissions.buksu.edu.ph. Mag-register gamit ang imong active nga...
278,WRONG,take_exam,missed_buksu_cat_schedule,ask_process,unsaon step by step nga proseso unsaon pag-take sa admission test sa buksu,admissions_info,Take Exam,,Kung mapalabay nimo ang imong schedule sa BukSU CAT exam kontaka dayon ang Admission and Testing Unit. Mahimong ma reschedule kini depende kung naay bakante nga slot ug balido ang imong rason.
279,WRONG,exam_results,cat_exam_result,ask_process,how to know if passed admission,admissions_info,Exam Results,,The only way to know if you passed the BukSU Admission CAT Examination is to log in to your BukSU Admission account and go to the Admission tab. You can also quickly access it through notifications from BukSU Admissio...
280,WRONG,test_permit_issue,cat_exam_result,ask_document,test permit error?,admissions_info,Test Permit Issue,,The only way to know if you passed the BukSU Admission CAT Examination is to log in to your BukSU Admission account and go to the Admission tab. You can also quickly access it through notifications from BukSU Admissio...
281,WRONG,take_exam,missed_buksu_cat_schedule,ask_process,what is the process for step by step nga proseso unsaon pag-take sa admission test sa buksu,admissions_info,Take Exam,,Kung mapalabay nimo ang imong schedule sa BukSU CAT exam kontaka dayon ang Admission and Testing Unit. Mahimong ma reschedule kini depende kung naay bakante nga slot ug balido ang imong rason.
282,PASS,application_next_step,application_next_step,ask_general_info,human nako submit sa application unsa na sunod buhaton?,admissions_info,Application Next Step,,"Nakahuman na ko sa online application. Unsa ang sunod nga buhaton? Human nimo mapuno ang application, pilia ang imong preferred nga schedule ug venue. Siguroha nga nahuman nimo ang tibuok application process ug andama..."
283,PASS,exam_requirements,exam_requirements,ask_requirement,unsa ang kinahanglan nako dalhon sa adlaw sa exam?,admissions_info,Exam Requirements,,Unsa ang dad-on sa adlaw sa examination Kinahanglan dad-on sa mga test takers ang mosunod: 1. Test Permit (ma-download gikan sa BukSU admission website) 2. Application Form (ma-download gikan sa BukSU admission websit...
284,PASS,reschedule_entrance_exam,reschedule_entrance_exam,ask_schedule,walkin entrance exam is allowed,admissions_info,Reschedule Entrance Exam,,"The BukSU Entrance Examination cannot be rescheduled once your exam date has been assigned. If you are unable to attend your scheduled exam, you may need to wait for the next admission cycle. I recommend ensuring your..."
285,PASS,take_exam,take_exam,ask_process,how to unsaon nako pag-register sa buksu entrance exam online,admissions_info,Take Exam,,Unsaon nako pagkuha sa BukSU College Admission Test? Sunod kining mga lakang aron mag-apply sa BukSU College Admission Test: Step 1: Bisitaha ang http://admissions.buksu.edu.ph. Mag-register gamit ang imong active nga...
286,PASS,application_next_step,application_next_step,ask_general_info,unsa ang nahuman na nako akong online application unsa akong buhaton sunod,admissions_info,Application Next Step,,"Nakahuman na ko sa online application. Unsa ang sunod nga buhaton? Human nimo mapuno ang application, pilia ang imong preferred nga schedule ug venue. Siguroha nga nahuman nimo ang tibuok application process ug andama..."
287,PASS,status_application,status_application,ask_general_info,status application,admissions_info,Status Application,,How would I know that my application to take the College Admission Test is accepted? Applicants will be notified of the status of their application in their BukSU Admissions Account. Login to the BukSU Admissions acco...
288,PASS_SUGGESTION,exam_requirements,(none),ask_requirement,exam requirments,admissions_info,Exam Requirements,"Exam Requirements, Second Courser Requirements","Do you mean Exam Requirements or Second Courser Requirements? Suggestions: Exam Requirements, Second Courser Requirements"
289,PASS,take_exam,take_exam,ask_general_info,what is take exam,admissions_info,Take Exam,,How can I take the BukSU College Admission Test? Follow these steps to apply for the BukSU College Admission Test: Step 1: Access http://admissions.buksu.edu.ph. Register using your active Gmail account. Create your p...
290,PASS,exam_results,exam_results,ask_process,unsaon pass notice how,admissions_info,Exam Results,,Unsaon ug kanus-a nako makuha ang resulta sa akong examination? Ang schedule sa pag-release sa examination results ipost sa BukSU Admission and Testing Facebook page. Ang resulta sa examination ipost usab sa imong adm...
291,WRONG,missing_admission_documents,missed_buksu_cat_schedule,ask_requirement,what should i bring for incomplete admission documents,admissions_info,Missing Admission Documents,,If you miss your scheduled BukSU CAT exam date you should immediately contact the Admission and Testing Unit. Rescheduling may be possible depending on the availability of slots and the validity of the reason.
292,WRONG,take_exam,missed_buksu_cat_schedule,ask_process,how to step by step nga proseso unsaon pag-take sa admission test sa buksu,admissions_info,Take Exam,,Kung mapalabay nimo ang imong schedule sa BukSU CAT exam kontaka dayon ang Admission and Testing Unit. Mahimong ma reschedule kini depende kung naay bakante nga slot ug balido ang imong rason.
293,PASS,cat_exam_result,cat_exam_result,ask_location,where can i find unsaon nakabalo kung pasar na kos cat,admissions_info,CAT Exam Result,,Ang pinakasayon nga paagi aron mahibal-an kung nakapasar ka sa BukSU Admission CAT Examination mao ang pag-log in sa imong BukSU Admission account ug adto sa Admission tab. Pwede pud nimo dali nga ma-access kini pinaa...
294,PASS,exam_requirements,exam_requirements,ask_requirement,pwede nimo isulti unsa ang mga requirements nga akong dad-on para sa exam,admissions_info,Exam Requirements,,Unsa ang dad-on sa adlaw sa examination Kinahanglan dad-on sa mga test takers ang mosunod: 1. Test Permit (ma-download gikan sa BukSU admission website) 2. Application Form (ma-download gikan sa BukSU admission websit...
295,WRONG,online_application_schedule,missed_buksu_cat_schedule,ask_schedule,tell me about admission application testing schedule,admissions_info,Online Application Schedule,,If you miss your scheduled BukSU CAT exam date you should immediately contact the Admission and Testing Unit. Rescheduling may be possible depending on the availability of slots and the validity of the reason.
296,PASS,take_exam,take_exam,ask_process,unsaon unsaon nako pag-register sa buksu entrance exam online,admissions_info,Take Exam,,Unsaon nako pagkuha sa BukSU College Admission Test? Sunod kining mga lakang aron mag-apply sa BukSU College Admission Test: Step 1: Bisitaha ang http://admissions.buksu.edu.ph. Mag-register gamit ang imong active nga...
297,PASS,take_exam,take_exam,ask_process,how to unsa ang mga steps para maka-apply sa buksu cat,admissions_info,Take Exam,,Unsaon nako pagkuha sa BukSU College Admission Test? Sunod kining mga lakang aron mag-apply sa BukSU College Admission Test: Step 1: Bisitaha ang http://admissions.buksu.edu.ph. Mag-register gamit ang imong active nga...
298,WRONG,application_next_step,take_exam,ask_process,what is the process for application next step,admissions_info,Application Next Step,,How can I take the BukSU College Admission Test? Follow these steps to apply for the BukSU College Admission Test: Step 1: Access http://admissions.buksu.edu.ph. Register using your active Gmail account. Create your p...
299,PASS,exam_fees,exam_fees,ask_fee,exam fees,admissions_info,Exam Fees,,"Are there fees for the College Admission Test? College Admission Tests are offered for FREE at Bukidnon State University. However, applicants who have already completed a bachelors degree (second course takers) need t..."
300,PASS,buksu_cat_calculator_policy,buksu_cat_calculator_policy,ask_general_info,pwede mu gamit ug calculator sa exam?,admissions_info,BukSU CAT Calculator Policy,,Dili ang paggamit og bisan unsang klase sa calculator basic o scientific hugot nga gidili sa panahon sa BukSU CAT. Lapis eraser ug permit lang ang gitugutan sa sulod sa testing room.
